class	truth	tool	group	verdict	guide	cfd_cuts
multiple_v_single	reject	kRISP-meR	rejected_side	reject	CCCTCCCAATATCTTGATTTTGG	28.0205
multiple_v_single	reject	kRISP-meR	rejected_side	reject	TTCTGGGCAGCAGTACTGTCAGG	2.0
multiple_v_single	reject	kRISP-meR	rejected_side	not_generated	TGCCAGTAGGCTTAGCTACTTGG	47.5204
multiple_v_single	reject	kRISP-meR	rejected_side	not_generated	CACTGCAGCCTCAAACTAATGGG	1049.5718
multiple_v_single	reject	kRISP-meR	rejected_side	not_generated	TCACTGCAGCCTCAAACTAATGG	1131.2139
multiple_v_single	reject	kRISP-meR	rejected_side	reject	GCAGCTTCTTCAGATCTGGGTGG	2.0
multiple_v_single	reject	kRISP-meR	rejected_side	reject	ACAGCAGCTTCTTCAGATCTGGG	2.0
multiple_v_single	reject	kRISP-meR	rejected_side	reject	AACAGCAGCTTCTTCAGATCTGG	2.1469
multiple_v_single	reject	kRISP-meR	rejected_side	not_generated	AGGCGTGAGCCACCCCGCCCGGG	6995.2766
multiple_v_single	reject	kRISP-meR	rejected_side	not_generated	GTGGTGGGTGCCGGTAGTCCCGG	1196.7793
multiple_v_single	reject	kRISP-meR	rejected_side	reject	TTAATCCAGTGTGGTAGAAAAGG	2.5515
multiple_v_single	reject	kRISP-meR	rejected_side	reject	CAAGTTTATTTAATCCAGTGTGG	3.0238
multiple_v_single	reject	kRISP-meR	rejected_side	reject	GTTTTCTGCCTTTTCTTTTTTGG	8.3265
multiple_v_single	reject	kRISP-meR	rejected_side	reject	CACAACGTCCACAGGCAGCTGGG	2.7583
multiple_v_single	reject	kRISP-meR	rejected_side	reject	TCACAACGTCCACAGGCAGCTGG	2.875
multiple_v_single	reject	kRISP-meR	rejected_side	reject	ACAGAAGACCATCGACCGCTTGG	2.0
multiple_v_single	reject	kRISP-meR	rejected_side	reject	GAAGACCATCGACCGCTTGGCGG	2.0
multiple_v_single	reject	kRISP-meR	rejected_side	reject	AAGACCATCGACCGCTTGGCGGG	2.0
multiple_v_single	reject	kRISP-meR	rejected_side	reject	TTTACCCGCCAAGCGGTCGATGG	2.0
multiple_v_single	reject	kRISP-meR	rejected_side	reject	GGGTGGGTTTACCCGCCAAGCGG	2.0
multiple_v_single	reject	kRISP-meR	rejected_side	reject	ACAGACACATTGACATGGGTGGG	2.0
multiple_v_single	reject	kRISP-meR	rejected_side	reject	AACAGACACATTGACATGGGTGG	2.0
multiple_v_single	reject	kRISP-meR	rejected_side	reject	GACAACAGACACATTGACATGGG	2.0
multiple_v_single	reject	kRISP-meR	rejected_side	reject	TGACAACAGACACATTGACATGG	2.0
multiple_v_single	reject	kRISP-meR	rejected_side	reject	TGTCAATGTGTCTGTTGTCATGG	2.2663
multiple_v_single	reject	kRISP-meR	rejected_side	reject	GTCTGTTGTCATGGCGGAGGTGG	2.2479
multiple_v_single	reject	kRISP-meR	rejected_side	reject	GTTGTCATGGCGGAGGTGGACGG	2.0
multiple_v_single	reject	kRISP-meR	rejected_side	reject	GCTGGGCGGCGCTGTGGGCCTGG	2.0857
multiple_v_single	reject	kRISP-meR	rejected_side	reject	AATGATGCAATCAAGAGATGTGG	6.7531
multiple_v_single	reject	kRISP-meR	rejected_side	reject	ATCTATTTTCAGGTATAGGAGGG	2.0
multiple_v_single	reject	kRISP-meR	rejected_side	reject	AATCTATTTTCAGGTATAGGAGG	2.0
multiple_v_single	reject	kRISP-meR	rejected_side	not_generated	AGAAACAGGGTCTCACTCTGTGG	1797.559
multiple_v_single	reject	kRISP-meR	rejected_side	not_generated	CAGGCACAGGCCGCCACGCCCGG	482.8353
multiple_v_single	reject	kRISP-meR	rejected_side	reject	ATTGGACATTCTACAGCCCTGGG	8.1208
multiple_v_single	reject	kRISP-meR	rejected_side	reject	TTGGACATTCTACAGCCCTGGGG	7.5245
multiple_v_single	reject	kRISP-meR	rejected_side	reject	AGGAGCTGTAGTCTTCCCCAGGG	7.1429
multiple_v_single	reject	kRISP-meR	rejected_side	reject	GAGGAGCTGTAGTCTTCCCCAGG	5.102
multiple_v_single	reject	kRISP-meR	rejected_side	reject	TGGCACTGTCAGTGGTCATCTGG	3.4333
multiple_v_single	reject	kRISP-meR	rejected_side	reject	AGAATATGTCTTAACTTTTTAGG	3.2364
multiple_v_single	reject	kRISP-meR	rejected_side	reject	GAATATGTCTTAACTTTTTAGGG	2.0
multiple_v_single	reject	kRISP-meR	rejected_side	not_generated	GAAAAGCACCTCTTACATGGTGG	282.6008
multiple_v_single	reject	kRISP-meR	rejected_side	reject	TGTAATGATGATTGGAAAAATGG	2.0
multiple_v_single	reject	kRISP-meR	rejected_side	not_generated	ACGGCGGGGGTGGGGGCGGGGGG	15.6191
multiple_v_single	reject	kRISP-meR	rejected_side	not_generated	ATCTCATGATCAAATTTGAATGG	39.2993
multiple_v_single	reject	kRISP-meR	rejected_side	reject	TGATCAAATTTGAATGGATGAGG	105.5055
multiple_v_single	reject	kRISP-meR	rejected_side	not_generated	AAGAAAGTGGTTTCTCGAGATGG	460.3873
multiple_v_single	reject	kRISP-meR	rejected_side	not_generated	AGGTTTCAGATTTTTGGATTAGG	127.5442
multiple_v_single	reject	kRISP-meR	rejected_side	not_generated	AAGTAAAAAAAAAAAAAAAAGGG	2412.5181
multiple_v_single	reject	kRISP-meR	rejected_side	not_generated	CAAGTAAAAAAAAAAAAAAAAGG	1715.8006
multiple_v_single	reject	kRISP-meR	rejected_side	not_generated	AATTTTTAAATTTTTATTAGAGG	415.6926
multiple_v_single	reject	kRISP-meR	rejected_side	not_generated	AGGCTGAGGCAGCAGATCACTGG	145.2599
multiple_v_single	reject	kRISP-meR	rejected_side	reject	CTGAGGCAGCAGATCACTGGAGG	26.9106
multiple_v_single	reject	kRISP-meR	rejected_side	not_generated	GCAGCAGATCACTGGAGGTCAGG	36.2404
multiple_v_single	reject	kRISP-meR	rejected_side	reject	AGCGAGCCACCACTGACTTGAGG	6.2995
multiple_v_single	reject	kRISP-meR	rejected_side	reject	AAGGTCGTCGCTCACCTGCCTGG	7.1432
multiple_v_single	reject	kRISP-meR	rejected_side	reject	GTGATTGCTCAAGCCCAATCTGG	3.4478
multiple_v_single	reject	kRISP-meR	rejected_side	reject	TGATTGCTCAAGCCCAATCTGGG	2.6364
multiple_v_single	reject	kRISP-meR	rejected_side	reject	CAGAATCAATATGGCAAATGTGG	6.0
multiple_v_single	reject	kRISP-meR	rejected_side	reject	AATCTGCTGCAGAATCAATATGG	5.7333
multiple_v_single	reject	kRISP-meR	rejected_side	reject	TAGTGAGTTATCCCAATTGATGG	34.807
multiple_v_single	reject	kRISP-meR	rejected_side	reject	GGAGTAAAGAGTATAGAACAAGG	7.7634
multiple_v_single	reject	kRISP-meR	rejected_side	reject	GTTAAGTGCAGTAGTGAAAGGGG	10.2753
multiple_v_single	reject	kRISP-meR	rejected_side	reject	AGTTAAGTGCAGTAGTGAAAGGG	11.6286
multiple_v_single	reject	kRISP-meR	rejected_side	reject	CAGTTAAGTGCAGTAGTGAAAGG	7.6493
multiple_v_single	reject	kRISP-meR	rejected_side	reject	CTTTCACTACTGCACTTAACTGG	7.9279
multiple_v_single	reject	kRISP-meR	rejected_side	reject	GGAGGGGGCGGGGGCAGCGGCGG	29.7454
multiple_v_single	reject	kRISP-meR	rejected_side	not_generated	TTGCCCAAGCTGGAGTACTGTGG	5071.5495
multiple_v_single	reject	kRISP-meR	rejected_side	not_generated	TGGAAGGTGAAGGGCAAGCAAGG	185.3145
multiple_v_single	reject	kRISP-meR	rejected_side	not_generated	AAATACATTTTATAAGGCTATGG	284.4984
multiple_v_single	reject	kRISP-meR	rejected_side	reject	GGGGAAAGAGGAAATCAGAAGGG	2.0429
multiple_v_single	reject	kRISP-meR	rejected_side	reject	TAGGAGGTGGCAACTTTGGGAGG	32.2685
multiple_v_single	reject	kRISP-meR	rejected_side	reject	TATTAGGAGGTGGCAACTTTGGG	48.3426
multiple_v_single	reject	kRISP-meR	rejected_side	not_generated	ACCCCCAAGGTGATAATATTAGG	237.3565
multiple_v_single	reject	kRISP-meR	rejected_side	reject	CTTTGAGCAGGAGATGGCCATGG	12.3429
multiple_v_single	reject	kRISP-meR	rejected_side	reject	TGAGCAGGAGATGGCCATGGTGG	7.1728
multiple_v_single	reject	kRISP-meR	rejected_side	reject	TAGACAGGCATAGCCCTGGGAGG	11.9932
multiple_v_single	reject	kRISP-meR	rejected_side	reject	GCTTAGACAGGCATAGCCCTGGG	9.7467
multiple_v_single	reject	kRISP-meR	rejected_side	reject	CGCTTAGACAGGCATAGCCCTGG	8.3141
multiple_v_single	reject	kRISP-meR	rejected_side	reject	AAAGAAACAGAAACAGAAACAGG	24.7199
multiple_v_single	reject	kRISP-meR	rejected_side	reject	AGCTGCTTCTTCCTTCTTGGGGG	3.7803
multiple_v_single	reject	kRISP-meR	rejected_side	reject	CAGCTGCTTCTTCCTTCTTGGGG	2.0
multiple_v_single	reject	kRISP-meR	rejected_side	reject	GCAGCTGCTTCTTCCTTCTTGGG	2.4327
multiple_v_single	reject	kRISP-meR	rejected_side	reject	GGCAGCTGCTTCTTCCTTCTTGG	2.0
multiple_v_single	reject	kRISP-meR	rejected_side	not_generated	GGGCAGGGCAGGACAGGGCAGGG	433.2726
multiple_v_single	reject	kRISP-meR	rejected_side	not_generated	AGGGCAGGGCAGGACAGGGCAGG	350.3787
multiple_v_single	reject	kRISP-meR	rejected_side	not_generated	GGGATTACAGACGTGAACCACGG	8825.0736
multiple_v_single	reject	kRISP-meR	rejected_side	reject	GCCGAGTCGCAACTGTTTACAGG	12.7733
multiple_v_single	reject	kRISP-meR	rejected_side	not_generated	AATCGCTTGACTCCAGGAGGTGG	2548.5362
multiple_v_single	reject	kRISP-meR	rejected_side	not_generated	CACTGCAGCCTCCGCCCCCAGGG	2018.968
multiple_v_single	reject	kRISP-meR	rejected_side	reject	AATAGCAGTGTGTTCTCTGATGG	3.5445
multiple_v_single	reject	kRISP-meR	rejected_side	reject	TCTCTGATGGTTACCTGCAGTGG	3.3565
multiple_v_single	reject	kRISP-meR	rejected_side	reject	GAAGCTCAGTCCTGGGCTTTCGG	3.614
multiple_v_single	reject	kRISP-meR	rejected_side	reject	TTCATGAATTCCTTCTTCAGTGG	6.0775
multiple_v_single	reject	kRISP-meR	rejected_side	not_generated	TGAGTTCCACATGGCTGGGGAGG	3481.7276
multiple_v_single	reject	kRISP-meR	rejected_side	reject	CAAGATGGCGGCGGCGGCGGCGG	37.1522
multiple_v_single	reject	kRISP-meR	rejected_side	reject	AAGATGGCGGCGGCGGCGGCGGG	28.3902
multiple_v_single	reject	kRISP-meR	rejected_side	reject	AGATGGCGGCGGCGGCGGCGGGG	50.5855
multiple_v_single	reject	kRISP-meR	accepted	accept	ATCAAGTGATAATAAACTAGAGG	2.3
multiple_v_single	reject	CRISPOR	rejected_side	reject	CCCTCCCAATATCTTGATTTTGG	28.0205
multiple_v_single	reject	CRISPOR	accepted	accept	TTCTGGGCAGCAGTACTGTCAGG	2.0
multiple_v_single	reject	CRISPOR	rejected_side	reject	TGCCAGTAGGCTTAGCTACTTGG	47.5204
multiple_v_single	reject	CRISPOR	rejected_side	reject	CACTGCAGCCTCAAACTAATGGG	1049.5718
multiple_v_single	reject	CRISPOR	rejected_side	reject	TCACTGCAGCCTCAAACTAATGG	1131.2139
multiple_v_single	reject	CRISPOR	accepted	accept	GCAGCTTCTTCAGATCTGGGTGG	2.0
multiple_v_single	reject	CRISPOR	accepted	accept	ACAGCAGCTTCTTCAGATCTGGG	2.0
multiple_v_single	reject	CRISPOR	accepted	accept	AACAGCAGCTTCTTCAGATCTGG	2.1469
multiple_v_single	reject	CRISPOR	rejected_side	reject	AGGCGTGAGCCACCCCGCCCGGG	6995.2766
multiple_v_single	reject	CRISPOR	rejected_side	reject	GTGGTGGGTGCCGGTAGTCCCGG	1196.7793
multiple_v_single	reject	CRISPOR	accepted	accept	TTAATCCAGTGTGGTAGAAAAGG	2.5515
multiple_v_single	reject	CRISPOR	accepted	accept	CAAGTTTATTTAATCCAGTGTGG	3.0238
multiple_v_single	reject	CRISPOR	rejected_side	reject	GTTTTCTGCCTTTTCTTTTTTGG	8.3265
multiple_v_single	reject	CRISPOR	accepted	accept	CACAACGTCCACAGGCAGCTGGG	2.7583
multiple_v_single	reject	CRISPOR	accepted	accept	TCACAACGTCCACAGGCAGCTGG	2.875
multiple_v_single	reject	CRISPOR	accepted	accept	ACAGAAGACCATCGACCGCTTGG	2.0
multiple_v_single	reject	CRISPOR	accepted	accept	GAAGACCATCGACCGCTTGGCGG	2.0
multiple_v_single	reject	CRISPOR	accepted	accept	AAGACCATCGACCGCTTGGCGGG	2.0
multiple_v_single	reject	CRISPOR	accepted	accept	TTTACCCGCCAAGCGGTCGATGG	2.0
multiple_v_single	reject	CRISPOR	accepted	accept	GGGTGGGTTTACCCGCCAAGCGG	2.0
multiple_v_single	reject	CRISPOR	accepted	accept	ACAGACACATTGACATGGGTGGG	2.0
multiple_v_single	reject	CRISPOR	accepted	accept	AACAGACACATTGACATGGGTGG	2.0
multiple_v_single	reject	CRISPOR	accepted	accept	GACAACAGACACATTGACATGGG	2.0
multiple_v_single	reject	CRISPOR	accepted	accept	TGACAACAGACACATTGACATGG	2.0
multiple_v_single	reject	CRISPOR	accepted	accept	TGTCAATGTGTCTGTTGTCATGG	2.2663
multiple_v_single	reject	CRISPOR	rejected_side	reject	GTCTGTTGTCATGGCGGAGGTGG	2.2479
multiple_v_single	reject	CRISPOR	accepted	accept	GTTGTCATGGCGGAGGTGGACGG	2.0
multiple_v_single	reject	CRISPOR	rejected_side	reject	GCTGGGCGGCGCTGTGGGCCTGG	2.0857
multiple_v_single	reject	CRISPOR	rejected_side	reject	AATGATGCAATCAAGAGATGTGG	6.7531
multiple_v_single	reject	CRISPOR	accepted	accept	ATCTATTTTCAGGTATAGGAGGG	2.0
multiple_v_single	reject	CRISPOR	accepted	accept	AATCTATTTTCAGGTATAGGAGG	2.0
multiple_v_single	reject	CRISPOR	rejected_side	reject	AGAAACAGGGTCTCACTCTGTGG	1797.559
multiple_v_single	reject	CRISPOR	rejected_side	reject	CAGGCACAGGCCGCCACGCCCGG	482.8353
multiple_v_single	reject	CRISPOR	rejected_side	reject	ATTGGACATTCTACAGCCCTGGG	8.1208
multiple_v_single	reject	CRISPOR	rejected_side	reject	TTGGACATTCTACAGCCCTGGGG	7.5245
multiple_v_single	reject	CRISPOR	rejected_side	reject	AGGAGCTGTAGTCTTCCCCAGGG	7.1429
multiple_v_single	reject	CRISPOR	rejected_side	reject	GAGGAGCTGTAGTCTTCCCCAGG	5.102
multiple_v_single	reject	CRISPOR	accepted	accept	TGGCACTGTCAGTGGTCATCTGG	3.4333
multiple_v_single	reject	CRISPOR	rejected_side	reject	AGAATATGTCTTAACTTTTTAGG	3.2364
multiple_v_single	reject	CRISPOR	rejected_side	reject	GAATATGTCTTAACTTTTTAGGG	2.0
multiple_v_single	reject	CRISPOR	rejected_side	reject	GAAAAGCACCTCTTACATGGTGG	282.6008
multiple_v_single	reject	CRISPOR	accepted	accept	TGTAATGATGATTGGAAAAATGG	2.0
multiple_v_single	reject	CRISPOR	rejected_side	reject	ACGGCGGGGGTGGGGGCGGGGGG	15.6191
multiple_v_single	reject	CRISPOR	rejected_side	reject	ATCTCATGATCAAATTTGAATGG	39.2993
multiple_v_single	reject	CRISPOR	rejected_side	reject	TGATCAAATTTGAATGGATGAGG	105.5055
multiple_v_single	reject	CRISPOR	rejected_side	reject	AAGAAAGTGGTTTCTCGAGATGG	460.3873
multiple_v_single	reject	CRISPOR	rejected_side	reject	AGGTTTCAGATTTTTGGATTAGG	127.5442
multiple_v_single	reject	CRISPOR	rejected_side	reject	AAGTAAAAAAAAAAAAAAAAGGG	2412.5181
multiple_v_single	reject	CRISPOR	rejected_side	reject	CAAGTAAAAAAAAAAAAAAAAGG	1715.8006
multiple_v_single	reject	CRISPOR	rejected_side	reject	AATTTTTAAATTTTTATTAGAGG	415.6926
multiple_v_single	reject	CRISPOR	rejected_side	reject	AGGCTGAGGCAGCAGATCACTGG	145.2599
multiple_v_single	reject	CRISPOR	rejected_side	reject	CTGAGGCAGCAGATCACTGGAGG	26.9106
multiple_v_single	reject	CRISPOR	rejected_side	reject	GCAGCAGATCACTGGAGGTCAGG	36.2404
multiple_v_single	reject	CRISPOR	rejected_side	reject	AGCGAGCCACCACTGACTTGAGG	6.2995
multiple_v_single	reject	CRISPOR	rejected_side	reject	AAGGTCGTCGCTCACCTGCCTGG	7.1432
multiple_v_single	reject	CRISPOR	accepted	accept	GTGATTGCTCAAGCCCAATCTGG	3.4478
multiple_v_single	reject	CRISPOR	rejected_side	reject	TGATTGCTCAAGCCCAATCTGGG	2.6364
multiple_v_single	reject	CRISPOR	rejected_side	reject	CAGAATCAATATGGCAAATGTGG	6.0
multiple_v_single	reject	CRISPOR	rejected_side	reject	AATCTGCTGCAGAATCAATATGG	5.7333
multiple_v_single	reject	CRISPOR	accepted	accept	TAGTGAGTTATCCCAATTGATGG	34.807
multiple_v_single	reject	CRISPOR	accepted	accept	GGAGTAAAGAGTATAGAACAAGG	7.7634
multiple_v_single	reject	CRISPOR	accepted	accept	GTTAAGTGCAGTAGTGAAAGGGG	10.2753
multiple_v_single	reject	CRISPOR	rejected_side	reject	AGTTAAGTGCAGTAGTGAAAGGG	11.6286
multiple_v_single	reject	CRISPOR	accepted	accept	CAGTTAAGTGCAGTAGTGAAAGG	7.6493
multiple_v_single	reject	CRISPOR	accepted	accept	CTTTCACTACTGCACTTAACTGG	7.9279
multiple_v_single	reject	CRISPOR	rejected_side	reject	GGAGGGGGCGGGGGCAGCGGCGG	29.7454
multiple_v_single	reject	CRISPOR	rejected_side	reject	TTGCCCAAGCTGGAGTACTGTGG	5071.5495
multiple_v_single	reject	CRISPOR	rejected_side	reject	TGGAAGGTGAAGGGCAAGCAAGG	185.3145
multiple_v_single	reject	CRISPOR	rejected_side	reject	AAATACATTTTATAAGGCTATGG	284.4984
multiple_v_single	reject	CRISPOR	rejected_side	reject	GGGGAAAGAGGAAATCAGAAGGG	2.0429
multiple_v_single	reject	CRISPOR	rejected_side	reject	TAGGAGGTGGCAACTTTGGGAGG	32.2685
multiple_v_single	reject	CRISPOR	rejected_side	reject	TATTAGGAGGTGGCAACTTTGGG	48.3426
multiple_v_single	reject	CRISPOR	rejected_side	reject	ACCCCCAAGGTGATAATATTAGG	237.3565
multiple_v_single	reject	CRISPOR	rejected_side	reject	CTTTGAGCAGGAGATGGCCATGG	12.3429
multiple_v_single	reject	CRISPOR	rejected_side	reject	TGAGCAGGAGATGGCCATGGTGG	7.1728
multiple_v_single	reject	CRISPOR	rejected_side	reject	TAGACAGGCATAGCCCTGGGAGG	11.9932
multiple_v_single	reject	CRISPOR	rejected_side	reject	GCTTAGACAGGCATAGCCCTGGG	9.7467
multiple_v_single	reject	CRISPOR	rejected_side	reject	CGCTTAGACAGGCATAGCCCTGG	8.3141
multiple_v_single	reject	CRISPOR	rejected_side	reject	AAAGAAACAGAAACAGAAACAGG	24.7199
multiple_v_single	reject	CRISPOR	rejected_side	reject	AGCTGCTTCTTCCTTCTTGGGGG	3.7803
multiple_v_single	reject	CRISPOR	rejected_side	reject	CAGCTGCTTCTTCCTTCTTGGGG	2.0
multiple_v_single	reject	CRISPOR	rejected_side	reject	GCAGCTGCTTCTTCCTTCTTGGG	2.4327
multiple_v_single	reject	CRISPOR	rejected_side	reject	GGCAGCTGCTTCTTCCTTCTTGG	2.0
multiple_v_single	reject	CRISPOR	rejected_side	reject	GGGCAGGGCAGGACAGGGCAGGG	433.2726
multiple_v_single	reject	CRISPOR	rejected_side	reject	AGGGCAGGGCAGGACAGGGCAGG	350.3787
multiple_v_single	reject	CRISPOR	rejected_side	reject	GGGATTACAGACGTGAACCACGG	8825.0736
multiple_v_single	reject	CRISPOR	rejected_side	reject	GCCGAGTCGCAACTGTTTACAGG	12.7733
multiple_v_single	reject	CRISPOR	rejected_side	reject	AATCGCTTGACTCCAGGAGGTGG	2548.5362
multiple_v_single	reject	CRISPOR	rejected_side	reject	CACTGCAGCCTCCGCCCCCAGGG	2018.968
multiple_v_single	reject	CRISPOR	accepted	accept	AATAGCAGTGTGTTCTCTGATGG	3.5445
multiple_v_single	reject	CRISPOR	accepted	accept	TCTCTGATGGTTACCTGCAGTGG	3.3565
multiple_v_single	reject	CRISPOR	rejected_side	reject	GAAGCTCAGTCCTGGGCTTTCGG	3.614
multiple_v_single	reject	CRISPOR	rejected_side	reject	TTCATGAATTCCTTCTTCAGTGG	6.0775
multiple_v_single	reject	CRISPOR	rejected_side	reject	TGAGTTCCACATGGCTGGGGAGG	3481.7276
multiple_v_single	reject	CRISPOR	rejected_side	reject	CAAGATGGCGGCGGCGGCGGCGG	37.1522
multiple_v_single	reject	CRISPOR	rejected_side	reject	AAGATGGCGGCGGCGGCGGCGGG	28.3902
multiple_v_single	reject	CRISPOR	rejected_side	reject	AGATGGCGGCGGCGGCGGCGGGG	50.5855
multiple_v_single	reject	CRISPOR	accepted	accept	ATCAAGTGATAATAAACTAGAGG	2.3
multiple_v_single	reject	GuideScan2	rejected_side	reject	CCCTCCCAATATCTTGATTTTGG	28.0205
multiple_v_single	reject	GuideScan2	accepted	accept	TTCTGGGCAGCAGTACTGTCAGG	2.0
multiple_v_single	reject	GuideScan2	rejected_side	reject	TGCCAGTAGGCTTAGCTACTTGG	47.5204
multiple_v_single	reject	GuideScan2	rejected_side	reject	CACTGCAGCCTCAAACTAATGGG	1049.5718
multiple_v_single	reject	GuideScan2	rejected_side	reject	TCACTGCAGCCTCAAACTAATGG	1131.2139
multiple_v_single	reject	GuideScan2	accepted	accept	GCAGCTTCTTCAGATCTGGGTGG	2.0
multiple_v_single	reject	GuideScan2	accepted	accept	ACAGCAGCTTCTTCAGATCTGGG	2.0
multiple_v_single	reject	GuideScan2	accepted	accept	AACAGCAGCTTCTTCAGATCTGG	2.1469
multiple_v_single	reject	GuideScan2	rejected_side	reject	AGGCGTGAGCCACCCCGCCCGGG	6995.2766
multiple_v_single	reject	GuideScan2	rejected_side	reject	GTGGTGGGTGCCGGTAGTCCCGG	1196.7793
multiple_v_single	reject	GuideScan2	accepted	accept	TTAATCCAGTGTGGTAGAAAAGG	2.5515
multiple_v_single	reject	GuideScan2	accepted	accept	CAAGTTTATTTAATCCAGTGTGG	3.0238
multiple_v_single	reject	GuideScan2	rejected_side	reject	GTTTTCTGCCTTTTCTTTTTTGG	8.3265
multiple_v_single	reject	GuideScan2	accepted	accept	CACAACGTCCACAGGCAGCTGGG	2.7583
multiple_v_single	reject	GuideScan2	accepted	accept	TCACAACGTCCACAGGCAGCTGG	2.875
multiple_v_single	reject	GuideScan2	accepted	accept	ACAGAAGACCATCGACCGCTTGG	2.0
multiple_v_single	reject	GuideScan2	accepted	accept	GAAGACCATCGACCGCTTGGCGG	2.0
multiple_v_single	reject	GuideScan2	accepted	accept	AAGACCATCGACCGCTTGGCGGG	2.0
multiple_v_single	reject	GuideScan2	accepted	accept	TTTACCCGCCAAGCGGTCGATGG	2.0
multiple_v_single	reject	GuideScan2	accepted	accept	GGGTGGGTTTACCCGCCAAGCGG	2.0
multiple_v_single	reject	GuideScan2	accepted	accept	ACAGACACATTGACATGGGTGGG	2.0
multiple_v_single	reject	GuideScan2	accepted	accept	AACAGACACATTGACATGGGTGG	2.0
multiple_v_single	reject	GuideScan2	accepted	accept	GACAACAGACACATTGACATGGG	2.0
multiple_v_single	reject	GuideScan2	accepted	accept	TGACAACAGACACATTGACATGG	2.0
multiple_v_single	reject	GuideScan2	accepted	accept	TGTCAATGTGTCTGTTGTCATGG	2.2663
multiple_v_single	reject	GuideScan2	accepted	accept	GTCTGTTGTCATGGCGGAGGTGG	2.2479
multiple_v_single	reject	GuideScan2	accepted	accept	GTTGTCATGGCGGAGGTGGACGG	2.0
multiple_v_single	reject	GuideScan2	accepted	accept	GCTGGGCGGCGCTGTGGGCCTGG	2.0857
multiple_v_single	reject	GuideScan2	accepted	accept	AATGATGCAATCAAGAGATGTGG	6.7531
multiple_v_single	reject	GuideScan2	accepted	accept	ATCTATTTTCAGGTATAGGAGGG	2.0
multiple_v_single	reject	GuideScan2	accepted	accept	AATCTATTTTCAGGTATAGGAGG	2.0
multiple_v_single	reject	GuideScan2	rejected_side	reject	AGAAACAGGGTCTCACTCTGTGG	1797.559
multiple_v_single	reject	GuideScan2	rejected_side	reject	CAGGCACAGGCCGCCACGCCCGG	482.8353
multiple_v_single	reject	GuideScan2	accepted	accept	ATTGGACATTCTACAGCCCTGGG	8.1208
multiple_v_single	reject	GuideScan2	accepted	accept	TTGGACATTCTACAGCCCTGGGG	7.5245
multiple_v_single	reject	GuideScan2	rejected_side	reject	AGGAGCTGTAGTCTTCCCCAGGG	7.1429
multiple_v_single	reject	GuideScan2	rejected_side	reject	GAGGAGCTGTAGTCTTCCCCAGG	5.102
multiple_v_single	reject	GuideScan2	accepted	accept	TGGCACTGTCAGTGGTCATCTGG	3.4333
multiple_v_single	reject	GuideScan2	accepted	accept	AGAATATGTCTTAACTTTTTAGG	3.2364
multiple_v_single	reject	GuideScan2	accepted	accept	GAATATGTCTTAACTTTTTAGGG	2.0
multiple_v_single	reject	GuideScan2	rejected_side	reject	GAAAAGCACCTCTTACATGGTGG	282.6008
multiple_v_single	reject	GuideScan2	accepted	accept	TGTAATGATGATTGGAAAAATGG	2.0
multiple_v_single	reject	GuideScan2	rejected_side	reject	ACGGCGGGGGTGGGGGCGGGGGG	15.6191
multiple_v_single	reject	GuideScan2	rejected_side	reject	ATCTCATGATCAAATTTGAATGG	39.2993
multiple_v_single	reject	GuideScan2	rejected_side	reject	TGATCAAATTTGAATGGATGAGG	105.5055
multiple_v_single	reject	GuideScan2	rejected_side	reject	AAGAAAGTGGTTTCTCGAGATGG	460.3873
multiple_v_single	reject	GuideScan2	rejected_side	reject	AGGTTTCAGATTTTTGGATTAGG	127.5442
multiple_v_single	reject	GuideScan2	rejected_side	reject	AAGTAAAAAAAAAAAAAAAAGGG	2412.5181
multiple_v_single	reject	GuideScan2	rejected_side	reject	CAAGTAAAAAAAAAAAAAAAAGG	1715.8006
multiple_v_single	reject	GuideScan2	rejected_side	reject	AATTTTTAAATTTTTATTAGAGG	415.6926
multiple_v_single	reject	GuideScan2	rejected_side	reject	AGGCTGAGGCAGCAGATCACTGG	145.2599
multiple_v_single	reject	GuideScan2	rejected_side	reject	CTGAGGCAGCAGATCACTGGAGG	26.9106
multiple_v_single	reject	GuideScan2	rejected_side	reject	GCAGCAGATCACTGGAGGTCAGG	36.2404
multiple_v_single	reject	GuideScan2	accepted	accept	AGCGAGCCACCACTGACTTGAGG	6.2995
multiple_v_single	reject	GuideScan2	accepted	accept	AAGGTCGTCGCTCACCTGCCTGG	7.1432
multiple_v_single	reject	GuideScan2	accepted	accept	GTGATTGCTCAAGCCCAATCTGG	3.4478
multiple_v_single	reject	GuideScan2	accepted	accept	TGATTGCTCAAGCCCAATCTGGG	2.6364
multiple_v_single	reject	GuideScan2	accepted	accept	CAGAATCAATATGGCAAATGTGG	6.0
multiple_v_single	reject	GuideScan2	accepted	accept	AATCTGCTGCAGAATCAATATGG	5.7333
multiple_v_single	reject	GuideScan2	accepted	accept	TAGTGAGTTATCCCAATTGATGG	34.807
multiple_v_single	reject	GuideScan2	accepted	accept	GGAGTAAAGAGTATAGAACAAGG	7.7634
multiple_v_single	reject	GuideScan2	accepted	accept	GTTAAGTGCAGTAGTGAAAGGGG	10.2753
multiple_v_single	reject	GuideScan2	rejected_side	reject	AGTTAAGTGCAGTAGTGAAAGGG	11.6286
multiple_v_single	reject	GuideScan2	accepted	accept	CAGTTAAGTGCAGTAGTGAAAGG	7.6493
multiple_v_single	reject	GuideScan2	accepted	accept	CTTTCACTACTGCACTTAACTGG	7.9279
multiple_v_single	reject	GuideScan2	rejected_side	reject	GGAGGGGGCGGGGGCAGCGGCGG	29.7454
multiple_v_single	reject	GuideScan2	rejected_side	reject	TTGCCCAAGCTGGAGTACTGTGG	5071.5495
multiple_v_single	reject	GuideScan2	rejected_side	reject	TGGAAGGTGAAGGGCAAGCAAGG	185.3145
multiple_v_single	reject	GuideScan2	rejected_side	reject	AAATACATTTTATAAGGCTATGG	284.4984
multiple_v_single	reject	GuideScan2	accepted	accept	GGGGAAAGAGGAAATCAGAAGGG	2.0429
multiple_v_single	reject	GuideScan2	rejected_side	reject	TAGGAGGTGGCAACTTTGGGAGG	32.2685
multiple_v_single	reject	GuideScan2	rejected_side	reject	TATTAGGAGGTGGCAACTTTGGG	48.3426
multiple_v_single	reject	GuideScan2	rejected_side	reject	ACCCCCAAGGTGATAATATTAGG	237.3565
multiple_v_single	reject	GuideScan2	rejected_side	reject	CTTTGAGCAGGAGATGGCCATGG	12.3429
multiple_v_single	reject	GuideScan2	rejected_side	reject	TGAGCAGGAGATGGCCATGGTGG	7.1728
multiple_v_single	reject	GuideScan2	rejected_side	reject	TAGACAGGCATAGCCCTGGGAGG	11.9932
multiple_v_single	reject	GuideScan2	rejected_side	reject	GCTTAGACAGGCATAGCCCTGGG	9.7467
multiple_v_single	reject	GuideScan2	rejected_side	reject	CGCTTAGACAGGCATAGCCCTGG	8.3141
multiple_v_single	reject	GuideScan2	rejected_side	reject	AAAGAAACAGAAACAGAAACAGG	24.7199
multiple_v_single	reject	GuideScan2	accepted	accept	AGCTGCTTCTTCCTTCTTGGGGG	3.7803
multiple_v_single	reject	GuideScan2	accepted	accept	CAGCTGCTTCTTCCTTCTTGGGG	2.0
multiple_v_single	reject	GuideScan2	accepted	accept	GCAGCTGCTTCTTCCTTCTTGGG	2.4327
multiple_v_single	reject	GuideScan2	accepted	accept	GGCAGCTGCTTCTTCCTTCTTGG	2.0
multiple_v_single	reject	GuideScan2	rejected_side	reject	GGGCAGGGCAGGACAGGGCAGGG	433.2726
multiple_v_single	reject	GuideScan2	rejected_side	reject	AGGGCAGGGCAGGACAGGGCAGG	350.3787
multiple_v_single	reject	GuideScan2	rejected_side	reject	GGGATTACAGACGTGAACCACGG	8825.0736
multiple_v_single	reject	GuideScan2	rejected_side	reject	GCCGAGTCGCAACTGTTTACAGG	12.7733
multiple_v_single	reject	GuideScan2	rejected_side	reject	AATCGCTTGACTCCAGGAGGTGG	2548.5362
multiple_v_single	reject	GuideScan2	rejected_side	reject	CACTGCAGCCTCCGCCCCCAGGG	2018.968
multiple_v_single	reject	GuideScan2	accepted	accept	AATAGCAGTGTGTTCTCTGATGG	3.5445
multiple_v_single	reject	GuideScan2	accepted	accept	TCTCTGATGGTTACCTGCAGTGG	3.3565
multiple_v_single	reject	GuideScan2	accepted	accept	GAAGCTCAGTCCTGGGCTTTCGG	3.614
multiple_v_single	reject	GuideScan2	accepted	accept	TTCATGAATTCCTTCTTCAGTGG	6.0775
multiple_v_single	reject	GuideScan2	rejected_side	reject	TGAGTTCCACATGGCTGGGGAGG	3481.7276
multiple_v_single	reject	GuideScan2	rejected_side	reject	CAAGATGGCGGCGGCGGCGGCGG	37.1522
multiple_v_single	reject	GuideScan2	rejected_side	reject	AAGATGGCGGCGGCGGCGGCGGG	28.3902
multiple_v_single	reject	GuideScan2	rejected_side	reject	AGATGGCGGCGGCGGCGGCGGGG	50.5855
multiple_v_single	reject	GuideScan2	accepted	accept	ATCAAGTGATAATAAACTAGAGG	2.3
ref_present_v_absent	reject	kRISP-meR	rejected_side	not_generated	ACTGCTAAAAGAGAGCACACAGG	1.0
ref_present_v_absent	reject	kRISP-meR	rejected_side	not_generated	GCTGCTGTCCATCTGTGAACTGG	0.5385
ref_present_v_absent	reject	kRISP-meR	rejected_side	not_generated	GGCCTTGGTGGAGCTGGAGCCGG	1.653
ref_present_v_absent	reject	kRISP-meR	rejected_side	not_generated	TACCTGTAGTCCAAGCTGCTCGG	628.5092
ref_present_v_absent	reject	kRISP-meR	rejected_side	not_generated	GGCCCCTGGCTCCTTCAGGCTGG	1.2831
ref_present_v_absent	reject	kRISP-meR	rejected_side	reject	TCGATCAATCCAACCGCACAGGG	1.8759
ref_present_v_absent	reject	kRISP-meR	accepted	accept	TCAATCCAACCGCACAGGGCAGG	0.9773
ref_present_v_absent	reject	kRISP-meR	accepted	accept	CAATCCAACCGCACAGGGCAGGG	0.9221
ref_present_v_absent	reject	kRISP-meR	rejected_side	not_generated	GGCTGTAGACCCAGCTACTCAGG	20396.2281
ref_present_v_absent	reject	kRISP-meR	rejected_side	reject	GGAGAGAGGAGGGGGAAGAAGGG	27.6835
ref_present_v_absent	reject	kRISP-meR	rejected_side	not_generated	TCGGTTCCACATGGCTGGGGAGG	2812.5997
ref_present_v_absent	reject	kRISP-meR	accepted	accept	AGCCACCCCGCCGGCCCCGCCGG	1.1448
ref_present_v_absent	reject	kRISP-meR	rejected_side	reject	CGCCGGCGGGGCCGGCGGGGTGG	0.1805
ref_present_v_absent	reject	kRISP-meR	rejected_side	not_generated	CAAAGAAGAGGGTCCAGAAGCGG	0.7714
ref_present_v_absent	reject	kRISP-meR	rejected_side	not_generated	TCCTTTCCACAGGGTCCTATCGG	1.4286
ref_present_v_absent	reject	kRISP-meR	rejected_side	not_generated	ACCGATAGGACCCTGTGGAAAGG	0.625
ref_present_v_absent	reject	kRISP-meR	rejected_side	not_generated	TTTCCACAGGGTCCTATCGGTGG	0.8036
ref_present_v_absent	reject	kRISP-meR	rejected_side	not_generated	GCACCACCGATAGGACCCTGTGG	0.6667
ref_present_v_absent	reject	kRISP-meR	rejected_side	not_generated	AAGACTGTTTGTCTTTCTGTTGG	3.6261
ref_present_v_absent	reject	kRISP-meR	rejected_side	not_generated	GCCTTATGGAAGCGGATGACAGG	1.8667
ref_present_v_absent	reject	kRISP-meR	rejected_side	not_generated	GGAAGGCTGCCTTATGGAAGCGG	0.4457
ref_present_v_absent	reject	kRISP-meR	rejected_side	not_generated	CTTCCATAAGGCAGCCTTCCTGG	0.2917
ref_present_v_absent	reject	kRISP-meR	rejected_side	not_generated	TTCCATAAGGCAGCCTTCCTGGG	1.5828
ref_present_v_absent	reject	kRISP-meR	rejected_side	not_generated	GGCCCAGGAAGGCTGCCTTATGG	0.3656
ref_present_v_absent	reject	kRISP-meR	rejected_side	not_generated	GAAGTCTGGCCCTGTCACCCAGG	1493.9447
ref_present_v_absent	reject	kRISP-meR	rejected_side	not_generated	TGACCTCAGAGCAGGGCCAGGGG	1.6382
ref_present_v_absent	reject	kRISP-meR	rejected_side	not_generated	GTAAAATGTGAATCTCCAGCTGG	1.125
ref_present_v_absent	reject	kRISP-meR	rejected_side	not_generated	ATAGCAATGACAGCCCAAGCAGG	1.0
ref_present_v_absent	reject	kRISP-meR	rejected_side	not_generated	GTCTGTAGTCCCAGCTATGCTGG	254.3334
ref_present_v_absent	reject	kRISP-meR	rejected_side	not_generated	CACTGTTTTGCAAAATGTAAAGG	1.3846
ref_present_v_absent	reject	kRISP-meR	rejected_side	not_generated	TCAGAGCGTTCACGGTGCTCCGG	1.4667
ref_present_v_absent	reject	kRISP-meR	rejected_side	not_generated	TCTTGATAAAGGAGTGAAAATGG	1.4444
ref_present_v_absent	reject	kRISP-meR	rejected_side	not_generated	TTCCCATTTGTGGGGTTTCCAGG	1.0
ref_present_v_absent	reject	kRISP-meR	rejected_side	not_generated	AATGAAAGAGCATTGTTCATTGG	1.0
ref_present_v_absent	reject	kRISP-meR	rejected_side	not_generated	CTTTTTCAAGCAGTAGGAATTGG	1.6429
ref_present_v_absent	reject	kRISP-meR	rejected_side	reject	TGGGGCCGAGGTGACACCGTGGG	38.375
ref_present_v_absent	reject	kRISP-meR	rejected_side	reject	CTGGGGCCGAGGTGACACCGTGG	35.2406
ref_present_v_absent	reject	kRISP-meR	rejected_side	not_generated	CAAGGCTCATGTAGCCTCACTGG	2.3909
ref_present_v_absent	reject	kRISP-meR	rejected_side	not_generated	CAGGCCTCGGTGAAGGCTTTTGG	1.0
ref_present_v_absent	reject	kRISP-meR	rejected_side	not_generated	AGCAGGGGCGGCAGCAGCTGGGG	8.9846
ref_present_v_absent	reject	kRISP-meR	rejected_side	reject	CAGCAGGGGCGGCAGCAGCTGGG	12.9179
ref_present_v_absent	reject	kRISP-meR	rejected_side	not_generated	GCGTGCAGCCTCGAATTTCTGGG	2.2063
ref_present_v_absent	reject	kRISP-meR	rejected_side	not_generated	TGCGTGCAGCCTCGAATTTCTGG	0.42
ref_present_v_absent	reject	kRISP-meR	rejected_side	not_generated	ATTCGAGGCTGCACGCACCTCGG	0.0
ref_present_v_absent	reject	kRISP-meR	accepted	accept	CAGATATGCAAGTTTCCTCATGG	0.8571
ref_present_v_absent	reject	kRISP-meR	rejected_side	not_generated	GAATGAGAGCCATCGCTGCATGG	1.6143
ref_present_v_absent	reject	kRISP-meR	rejected_side	not_generated	AGCCCTCCCCACGAGCCCAGGGG	2.0346
ref_present_v_absent	reject	kRISP-meR	rejected_side	not_generated	TGCCCCTGGGCTCGTGGGGAGGG	0.9648
ref_present_v_absent	reject	kRISP-meR	rejected_side	not_generated	ATGCCCCTGGGCTCGTGGGGAGG	0.9674
ref_present_v_absent	reject	kRISP-meR	rejected_side	not_generated	CGGATGCCCCTGGGCTCGTGGGG	0.2727
ref_present_v_absent	reject	kRISP-meR	rejected_side	not_generated	TCGGATGCCCCTGGGCTCGTGGG	0.6667
ref_present_v_absent	reject	kRISP-meR	rejected_side	not_generated	CTCGGATGCCCCTGGGCTCGTGG	0.7059
ref_present_v_absent	reject	kRISP-meR	rejected_side	reject	AGCCCAGGGGCATCCGAGCATGG	1.072
ref_present_v_absent	reject	kRISP-meR	rejected_side	reject	GCCCAGGGGCATCCGAGCATGGG	1.0265
ref_present_v_absent	reject	kRISP-meR	rejected_side	not_generated	TAGGGTGAACTGCCTGCACCTGG	0.0
ref_present_v_absent	reject	kRISP-meR	rejected_side	not_generated	GTCTTGATAAGTCCAGGTGCAGG	3.0
ref_present_v_absent	reject	kRISP-meR	rejected_side	not_generated	CCTGCCCAAGAAGCTGGATGAGG	4.6149
ref_present_v_absent	reject	kRISP-meR	rejected_side	not_generated	ATGGGATCCGACACTTGATGTGG	2.4017
ref_present_v_absent	reject	kRISP-meR	rejected_side	not_generated	GAGGAAGAGGTCGATGAAACAGG	3.3081
ref_present_v_absent	reject	kRISP-meR	rejected_side	not_generated	AGGTAAGTAAAGTCTGGATCTGG	2.0
ref_present_v_absent	reject	kRISP-meR	rejected_side	not_generated	TGGTGAAACCCCGTCTCTTCTGG	1599.632
ref_present_v_absent	reject	kRISP-meR	rejected_side	not_generated	AAACATTTCTCCAGATCATCAGG	1.7097
ref_present_v_absent	reject	kRISP-meR	rejected_side	not_generated	CTAGGGCCTTACCCGGGTCTTGG	0.7143
ref_present_v_absent	reject	kRISP-meR	rejected_side	not_generated	AACCTCCGCCTCCCAGGCTGAGG	392.8567
ref_present_v_absent	reject	CRISPOR	accepted	accept	ACTGCTAAAAGAGAGCACACAGG	1.0
ref_present_v_absent	reject	CRISPOR	accepted	accept	GCTGCTGTCCATCTGTGAACTGG	0.5385
ref_present_v_absent	reject	CRISPOR	rejected_side	reject	GGCCTTGGTGGAGCTGGAGCCGG	1.653
ref_present_v_absent	reject	CRISPOR	rejected_side	reject	TACCTGTAGTCCAAGCTGCTCGG	628.5092
ref_present_v_absent	reject	CRISPOR	accepted	accept	GGCCCCTGGCTCCTTCAGGCTGG	1.2831
ref_present_v_absent	reject	CRISPOR	accepted	accept	TCGATCAATCCAACCGCACAGGG	1.8759
ref_present_v_absent	reject	CRISPOR	accepted	accept	TCAATCCAACCGCACAGGGCAGG	0.9773
ref_present_v_absent	reject	CRISPOR	accepted	accept	CAATCCAACCGCACAGGGCAGGG	0.9221
ref_present_v_absent	reject	CRISPOR	rejected_side	reject	GGCTGTAGACCCAGCTACTCAGG	20396.2281
ref_present_v_absent	reject	CRISPOR	rejected_side	reject	GGAGAGAGGAGGGGGAAGAAGGG	27.6835
ref_present_v_absent	reject	CRISPOR	rejected_side	reject	TCGGTTCCACATGGCTGGGGAGG	2812.5997
ref_present_v_absent	reject	CRISPOR	accepted	accept	AGCCACCCCGCCGGCCCCGCCGG	1.1448
ref_present_v_absent	reject	CRISPOR	rejected_side	reject	CGCCGGCGGGGCCGGCGGGGTGG	0.1805
ref_present_v_absent	reject	CRISPOR	accepted	accept	CAAAGAAGAGGGTCCAGAAGCGG	0.7714
ref_present_v_absent	reject	CRISPOR	accepted	accept	TCCTTTCCACAGGGTCCTATCGG	1.4286
ref_present_v_absent	reject	CRISPOR	accepted	accept	ACCGATAGGACCCTGTGGAAAGG	0.625
ref_present_v_absent	reject	CRISPOR	accepted	accept	TTTCCACAGGGTCCTATCGGTGG	0.8036
ref_present_v_absent	reject	CRISPOR	accepted	accept	GCACCACCGATAGGACCCTGTGG	0.6667
ref_present_v_absent	reject	CRISPOR	rejected_side	reject	AAGACTGTTTGTCTTTCTGTTGG	3.6261
ref_present_v_absent	reject	CRISPOR	rejected_side	reject	GCCTTATGGAAGCGGATGACAGG	1.8667
ref_present_v_absent	reject	CRISPOR	accepted	accept	GGAAGGCTGCCTTATGGAAGCGG	0.4457
ref_present_v_absent	reject	CRISPOR	accepted	accept	CTTCCATAAGGCAGCCTTCCTGG	0.2917
ref_present_v_absent	reject	CRISPOR	accepted	accept	TTCCATAAGGCAGCCTTCCTGGG	1.5828
ref_present_v_absent	reject	CRISPOR	accepted	accept	GGCCCAGGAAGGCTGCCTTATGG	0.3656
ref_present_v_absent	reject	CRISPOR	rejected_side	reject	GAAGTCTGGCCCTGTCACCCAGG	1493.9447
ref_present_v_absent	reject	CRISPOR	accepted	accept	TGACCTCAGAGCAGGGCCAGGGG	1.6382
ref_present_v_absent	reject	CRISPOR	accepted	accept	GTAAAATGTGAATCTCCAGCTGG	1.125
ref_present_v_absent	reject	CRISPOR	accepted	accept	ATAGCAATGACAGCCCAAGCAGG	1.0
ref_present_v_absent	reject	CRISPOR	rejected_side	reject	GTCTGTAGTCCCAGCTATGCTGG	254.3334
ref_present_v_absent	reject	CRISPOR	accepted	accept	CACTGTTTTGCAAAATGTAAAGG	1.3846
ref_present_v_absent	reject	CRISPOR	rejected_side	reject	TCAGAGCGTTCACGGTGCTCCGG	1.4667
ref_present_v_absent	reject	CRISPOR	rejected_side	reject	TCTTGATAAAGGAGTGAAAATGG	1.4444
ref_present_v_absent	reject	CRISPOR	accepted	accept	TTCCCATTTGTGGGGTTTCCAGG	1.0
ref_present_v_absent	reject	CRISPOR	accepted	accept	AATGAAAGAGCATTGTTCATTGG	1.0
ref_present_v_absent	reject	CRISPOR	accepted	accept	CTTTTTCAAGCAGTAGGAATTGG	1.6429
ref_present_v_absent	reject	CRISPOR	rejected_side	reject	TGGGGCCGAGGTGACACCGTGGG	38.375
ref_present_v_absent	reject	CRISPOR	rejected_side	reject	CTGGGGCCGAGGTGACACCGTGG	35.2406
ref_present_v_absent	reject	CRISPOR	accepted	accept	CAAGGCTCATGTAGCCTCACTGG	2.3909
ref_present_v_absent	reject	CRISPOR	accepted	accept	CAGGCCTCGGTGAAGGCTTTTGG	1.0
ref_present_v_absent	reject	CRISPOR	rejected_side	reject	AGCAGGGGCGGCAGCAGCTGGGG	8.9846
ref_present_v_absent	reject	CRISPOR	rejected_side	reject	CAGCAGGGGCGGCAGCAGCTGGG	12.9179
ref_present_v_absent	reject	CRISPOR	rejected_side	reject	GCGTGCAGCCTCGAATTTCTGGG	2.2063
ref_present_v_absent	reject	CRISPOR	rejected_side	reject	TGCGTGCAGCCTCGAATTTCTGG	0.42
ref_present_v_absent	reject	CRISPOR	accepted	accept	ATTCGAGGCTGCACGCACCTCGG	0.0
ref_present_v_absent	reject	CRISPOR	accepted	accept	CAGATATGCAAGTTTCCTCATGG	0.8571
ref_present_v_absent	reject	CRISPOR	accepted	accept	GAATGAGAGCCATCGCTGCATGG	1.6143
ref_present_v_absent	reject	CRISPOR	accepted	accept	AGCCCTCCCCACGAGCCCAGGGG	2.0346
ref_present_v_absent	reject	CRISPOR	accepted	accept	TGCCCCTGGGCTCGTGGGGAGGG	0.9648
ref_present_v_absent	reject	CRISPOR	accepted	accept	ATGCCCCTGGGCTCGTGGGGAGG	0.9674
ref_present_v_absent	reject	CRISPOR	accepted	accept	CGGATGCCCCTGGGCTCGTGGGG	0.2727
ref_present_v_absent	reject	CRISPOR	accepted	accept	TCGGATGCCCCTGGGCTCGTGGG	0.6667
ref_present_v_absent	reject	CRISPOR	accepted	accept	CTCGGATGCCCCTGGGCTCGTGG	0.7059
ref_present_v_absent	reject	CRISPOR	accepted	accept	AGCCCAGGGGCATCCGAGCATGG	1.072
ref_present_v_absent	reject	CRISPOR	accepted	accept	GCCCAGGGGCATCCGAGCATGGG	1.0265
ref_present_v_absent	reject	CRISPOR	accepted	accept	TAGGGTGAACTGCCTGCACCTGG	0.0
ref_present_v_absent	reject	CRISPOR	rejected_side	reject	GTCTTGATAAGTCCAGGTGCAGG	3.0
ref_present_v_absent	reject	CRISPOR	rejected_side	reject	CCTGCCCAAGAAGCTGGATGAGG	4.6149
ref_present_v_absent	reject	CRISPOR	accepted	accept	ATGGGATCCGACACTTGATGTGG	2.4017
ref_present_v_absent	reject	CRISPOR	rejected_side	reject	GAGGAAGAGGTCGATGAAACAGG	3.3081
ref_present_v_absent	reject	CRISPOR	accepted	accept	AGGTAAGTAAAGTCTGGATCTGG	2.0
ref_present_v_absent	reject	CRISPOR	rejected_side	reject	TGGTGAAACCCCGTCTCTTCTGG	1599.632
ref_present_v_absent	reject	CRISPOR	accepted	accept	AAACATTTCTCCAGATCATCAGG	1.7097
ref_present_v_absent	reject	CRISPOR	accepted	accept	CTAGGGCCTTACCCGGGTCTTGG	0.7143
ref_present_v_absent	reject	CRISPOR	rejected_side	reject	AACCTCCGCCTCCCAGGCTGAGG	392.8567
ref_present_v_absent	reject	GuideScan2	accepted	accept	ACTGCTAAAAGAGAGCACACAGG	1.0
ref_present_v_absent	reject	GuideScan2	accepted	accept	GCTGCTGTCCATCTGTGAACTGG	0.5385
ref_present_v_absent	reject	GuideScan2	accepted	accept	GGCCTTGGTGGAGCTGGAGCCGG	1.653
ref_present_v_absent	reject	GuideScan2	rejected_side	reject	TACCTGTAGTCCAAGCTGCTCGG	628.5092
ref_present_v_absent	reject	GuideScan2	accepted	accept	GGCCCCTGGCTCCTTCAGGCTGG	1.2831
ref_present_v_absent	reject	GuideScan2	accepted	accept	TCGATCAATCCAACCGCACAGGG	1.8759
ref_present_v_absent	reject	GuideScan2	accepted	accept	TCAATCCAACCGCACAGGGCAGG	0.9773
ref_present_v_absent	reject	GuideScan2	accepted	accept	CAATCCAACCGCACAGGGCAGGG	0.9221
ref_present_v_absent	reject	GuideScan2	rejected_side	reject	GGCTGTAGACCCAGCTACTCAGG	20396.2281
ref_present_v_absent	reject	GuideScan2	rejected_side	reject	GGAGAGAGGAGGGGGAAGAAGGG	27.6835
ref_present_v_absent	reject	GuideScan2	rejected_side	reject	TCGGTTCCACATGGCTGGGGAGG	2812.5997
ref_present_v_absent	reject	GuideScan2	accepted	accept	AGCCACCCCGCCGGCCCCGCCGG	1.1448
ref_present_v_absent	reject	GuideScan2	accepted	accept	CGCCGGCGGGGCCGGCGGGGTGG	0.1805
ref_present_v_absent	reject	GuideScan2	accepted	accept	CAAAGAAGAGGGTCCAGAAGCGG	0.7714
ref_present_v_absent	reject	GuideScan2	accepted	accept	TCCTTTCCACAGGGTCCTATCGG	1.4286
ref_present_v_absent	reject	GuideScan2	accepted	accept	ACCGATAGGACCCTGTGGAAAGG	0.625
ref_present_v_absent	reject	GuideScan2	accepted	accept	TTTCCACAGGGTCCTATCGGTGG	0.8036
ref_present_v_absent	reject	GuideScan2	accepted	accept	GCACCACCGATAGGACCCTGTGG	0.6667
ref_present_v_absent	reject	GuideScan2	accepted	accept	AAGACTGTTTGTCTTTCTGTTGG	3.6261
ref_present_v_absent	reject	GuideScan2	accepted	accept	GCCTTATGGAAGCGGATGACAGG	1.8667
ref_present_v_absent	reject	GuideScan2	accepted	accept	GGAAGGCTGCCTTATGGAAGCGG	0.4457
ref_present_v_absent	reject	GuideScan2	accepted	accept	CTTCCATAAGGCAGCCTTCCTGG	0.2917
ref_present_v_absent	reject	GuideScan2	accepted	accept	TTCCATAAGGCAGCCTTCCTGGG	1.5828
ref_present_v_absent	reject	GuideScan2	accepted	accept	GGCCCAGGAAGGCTGCCTTATGG	0.3656
ref_present_v_absent	reject	GuideScan2	rejected_side	reject	GAAGTCTGGCCCTGTCACCCAGG	1493.9447
ref_present_v_absent	reject	GuideScan2	accepted	accept	TGACCTCAGAGCAGGGCCAGGGG	1.6382
ref_present_v_absent	reject	GuideScan2	accepted	accept	GTAAAATGTGAATCTCCAGCTGG	1.125
ref_present_v_absent	reject	GuideScan2	accepted	accept	ATAGCAATGACAGCCCAAGCAGG	1.0
ref_present_v_absent	reject	GuideScan2	rejected_side	reject	GTCTGTAGTCCCAGCTATGCTGG	254.3334
ref_present_v_absent	reject	GuideScan2	accepted	accept	CACTGTTTTGCAAAATGTAAAGG	1.3846
ref_present_v_absent	reject	GuideScan2	accepted	accept	TCAGAGCGTTCACGGTGCTCCGG	1.4667
ref_present_v_absent	reject	GuideScan2	accepted	accept	TCTTGATAAAGGAGTGAAAATGG	1.4444
ref_present_v_absent	reject	GuideScan2	accepted	accept	TTCCCATTTGTGGGGTTTCCAGG	1.0
ref_present_v_absent	reject	GuideScan2	accepted	accept	AATGAAAGAGCATTGTTCATTGG	1.0
ref_present_v_absent	reject	GuideScan2	accepted	accept	CTTTTTCAAGCAGTAGGAATTGG	1.6429
ref_present_v_absent	reject	GuideScan2	rejected_side	reject	TGGGGCCGAGGTGACACCGTGGG	38.375
ref_present_v_absent	reject	GuideScan2	rejected_side	reject	CTGGGGCCGAGGTGACACCGTGG	35.2406
ref_present_v_absent	reject	GuideScan2	accepted	accept	CAAGGCTCATGTAGCCTCACTGG	2.3909
ref_present_v_absent	reject	GuideScan2	accepted	accept	CAGGCCTCGGTGAAGGCTTTTGG	1.0
ref_present_v_absent	reject	GuideScan2	rejected_side	reject	AGCAGGGGCGGCAGCAGCTGGGG	8.9846
ref_present_v_absent	reject	GuideScan2	rejected_side	reject	CAGCAGGGGCGGCAGCAGCTGGG	12.9179
ref_present_v_absent	reject	GuideScan2	accepted	accept	GCGTGCAGCCTCGAATTTCTGGG	2.2063
ref_present_v_absent	reject	GuideScan2	accepted	accept	TGCGTGCAGCCTCGAATTTCTGG	0.42
ref_present_v_absent	reject	GuideScan2	accepted	accept	ATTCGAGGCTGCACGCACCTCGG	0.0
ref_present_v_absent	reject	GuideScan2	accepted	accept	CAGATATGCAAGTTTCCTCATGG	0.8571
ref_present_v_absent	reject	GuideScan2	accepted	accept	GAATGAGAGCCATCGCTGCATGG	1.6143
ref_present_v_absent	reject	GuideScan2	accepted	accept	AGCCCTCCCCACGAGCCCAGGGG	2.0346
ref_present_v_absent	reject	GuideScan2	accepted	accept	TGCCCCTGGGCTCGTGGGGAGGG	0.9648
ref_present_v_absent	reject	GuideScan2	accepted	accept	ATGCCCCTGGGCTCGTGGGGAGG	0.9674
ref_present_v_absent	reject	GuideScan2	accepted	accept	CGGATGCCCCTGGGCTCGTGGGG	0.2727
ref_present_v_absent	reject	GuideScan2	accepted	accept	TCGGATGCCCCTGGGCTCGTGGG	0.6667
ref_present_v_absent	reject	GuideScan2	accepted	accept	CTCGGATGCCCCTGGGCTCGTGG	0.7059
ref_present_v_absent	reject	GuideScan2	accepted	accept	AGCCCAGGGGCATCCGAGCATGG	1.072
ref_present_v_absent	reject	GuideScan2	accepted	accept	GCCCAGGGGCATCCGAGCATGGG	1.0265
ref_present_v_absent	reject	GuideScan2	accepted	accept	TAGGGTGAACTGCCTGCACCTGG	0.0
ref_present_v_absent	reject	GuideScan2	accepted	accept	GTCTTGATAAGTCCAGGTGCAGG	3.0
ref_present_v_absent	reject	GuideScan2	accepted	accept	CCTGCCCAAGAAGCTGGATGAGG	4.6149
ref_present_v_absent	reject	GuideScan2	accepted	accept	ATGGGATCCGACACTTGATGTGG	2.4017
ref_present_v_absent	reject	GuideScan2	accepted	accept	GAGGAAGAGGTCGATGAAACAGG	3.3081
ref_present_v_absent	reject	GuideScan2	accepted	accept	AGGTAAGTAAAGTCTGGATCTGG	2.0
ref_present_v_absent	reject	GuideScan2	rejected_side	reject	TGGTGAAACCCCGTCTCTTCTGG	1599.632
ref_present_v_absent	reject	GuideScan2	accepted	accept	AAACATTTCTCCAGATCATCAGG	1.7097
ref_present_v_absent	reject	GuideScan2	accepted	accept	CTAGGGCCTTACCCGGGTCTTGG	0.7143
ref_present_v_absent	reject	GuideScan2	rejected_side	reject	AACCTCCGCCTCCCAGGCTGAGG	392.8567
ref_multiple_v_single	accept	kRISP-meR	rejected_side	reject	AAAACAAGGTCGTCGGCTGGCGG	1.9
ref_multiple_v_single	accept	kRISP-meR	rejected_side	reject	ACAAAAACAAGGTCGTCGGCTGG	1.9
ref_multiple_v_single	accept	kRISP-meR	rejected_side	reject	TGCTACAAAAACAAGGTCGTCGG	2.0
ref_multiple_v_single	accept	kRISP-meR	rejected_side	reject	GACGACCTTGTTTTTGTAGCAGG	1.7333
ref_multiple_v_single	accept	kRISP-meR	rejected_side	reject	AATCGCCTGCTACAAAAACAAGG	2.1258
ref_multiple_v_single	accept	kRISP-meR	rejected_side	not_generated	TCTCGTTCTGTTGGCCAGACTGG	145.3041
ref_multiple_v_single	accept	kRISP-meR	rejected_side	reject	CTGGGCTGGGTTTGGGGGCGGGG	3.3126
ref_multiple_v_single	accept	kRISP-meR	rejected_side	reject	CCCGCCCCCAAACCCAGCCCAGG	3.3731
ref_multiple_v_single	accept	kRISP-meR	rejected_side	reject	ACCTGGGCTGGGTTTGGGGGCGG	2.5218
ref_multiple_v_single	accept	kRISP-meR	accepted	accept	GGCACCTGGGCTGGGTTTGGGGG	1.392
ref_multiple_v_single	accept	kRISP-meR	rejected_side	reject	AGGCACCTGGGCTGGGTTTGGGG	2.2
ref_multiple_v_single	accept	kRISP-meR	rejected_side	reject	AAGGCACCTGGGCTGGGTTTGGG	2.6
ref_multiple_v_single	accept	kRISP-meR	accepted	accept	GAAGGCACCTGGGCTGGGTTTGG	1.4912
ref_multiple_v_single	accept	kRISP-meR	accepted	accept	TAGCTGAAGGCACCTGGGCTGGG	1.08
ref_multiple_v_single	accept	kRISP-meR	accepted	accept	GTAGCTGAAGGCACCTGGGCTGG	1.0
ref_multiple_v_single	accept	kRISP-meR	accepted	accept	CGAAGTAGCTGAAGGCACCTGGG	1.0
ref_multiple_v_single	accept	kRISP-meR	accepted	accept	CCAGGTGCCTTCAGCTACTTCGG	1.0
ref_multiple_v_single	accept	kRISP-meR	accepted	accept	TAAGAAGCCGAAGTAGCTGAAGG	1.1202
ref_multiple_v_single	accept	kRISP-meR	accepted	accept	AACCCTGCAGTGTTAAACAGAGG	1.2824
ref_multiple_v_single	accept	kRISP-meR	accepted	accept	TGCCTCTGTTTAACACTGCAGGG	1.0
ref_multiple_v_single	accept	kRISP-meR	accepted	accept	ATGCCTCTGTTTAACACTGCAGG	1.0
ref_multiple_v_single	accept	kRISP-meR	rejected_side	reject	TTAAACAGAGGCATTGAGAAAGG	2.1818
ref_multiple_v_single	accept	kRISP-meR	rejected_side	reject	TAAACAGAGGCATTGAGAAAGGG	3.5333
ref_multiple_v_single	accept	kRISP-meR	rejected_side	reject	AAACAGAGGCATTGAGAAAGGGG	2.3
ref_multiple_v_single	accept	kRISP-meR	rejected_side	reject	GAGGCATTGAGAAAGGGGAAAGG	3.4933
ref_multiple_v_single	accept	kRISP-meR	accepted	accept	GCATTGAGAAAGGGGAAAGGCGG	1.1091
ref_multiple_v_single	accept	kRISP-meR	accepted	accept	CATTGAGAAAGGGGAAAGGCGGG	1.1818
ref_multiple_v_single	accept	kRISP-meR	accepted	accept	CAAGTAACTGGGTCAATCTTTGG	1.0
ref_multiple_v_single	accept	kRISP-meR	rejected_side	reject	AAGATTGACCCAGTTACTTGAGG	1.4835
ref_multiple_v_single	accept	kRISP-meR	accepted	accept	AGATTGACCCAGTTACTTGAGGG	1.3857
ref_multiple_v_single	accept	kRISP-meR	accepted	accept	TGACCCAGTTACTTGAGGGTAGG	1.0
ref_multiple_v_single	accept	kRISP-meR	rejected_side	reject	GACCCAGTTACTTGAGGGTAGGG	1.7404
ref_multiple_v_single	accept	kRISP-meR	rejected_side	reject	CTCCCTACCCTCAAGTAACTGGG	1.6923
ref_multiple_v_single	accept	kRISP-meR	rejected_side	reject	CCAGTTACTTGAGGGTAGGGAGG	1.6364
ref_multiple_v_single	accept	kRISP-meR	accepted	accept	GTTACTTGAGGGTAGGGAGGCGG	1.2751
ref_multiple_v_single	accept	kRISP-meR	accepted	accept	TTACTTGAGGGTAGGGAGGCGGG	1.0
ref_multiple_v_single	accept	kRISP-meR	rejected_side	reject	GGAGACTCAGAAGGCTGAACTGG	10.4252
ref_multiple_v_single	accept	kRISP-meR	rejected_side	reject	TTCAGCCTTCTGAGTCTCCTAGG	4.5018
ref_multiple_v_single	accept	kRISP-meR	rejected_side	reject	TCAGCCTTCTGAGTCTCCTAGGG	8.3816
ref_multiple_v_single	accept	kRISP-meR	rejected_side	reject	GCCTTCTGAGTCTCCTAGGGAGG	5.4852
ref_multiple_v_single	accept	kRISP-meR	rejected_side	reject	ACCTCCCTAGGAGACTCAGAAGG	7.289
ref_multiple_v_single	accept	kRISP-meR	rejected_side	reject	GGAGAAGATTCGACCTCCCTAGG	4.0
ref_multiple_v_single	accept	kRISP-meR	rejected_side	reject	AATGAGGTCCTCATAGCAGCAGG	1.7333
ref_multiple_v_single	accept	kRISP-meR	rejected_side	reject	AGGAGCTGCCTGCTGCTATGAGG	1.8219
ref_multiple_v_single	accept	kRISP-meR	rejected_side	reject	CTGCTCAATTCGGGCATGCAGGG	2.7321
ref_multiple_v_single	accept	kRISP-meR	rejected_side	reject	ACTGCTCAATTCGGGCATGCAGG	2.7983
ref_multiple_v_single	accept	kRISP-meR	rejected_side	reject	GTAACAGAAAGACAAAGCAGTGG	2.6463
ref_multiple_v_single	accept	kRISP-meR	rejected_side	reject	GAGGGGATCAAGCCTGCCCTGGG	1.6278
ref_multiple_v_single	accept	kRISP-meR	rejected_side	reject	TGAGGGGATCAAGCCTGCCCTGG	1.911
ref_multiple_v_single	accept	kRISP-meR	rejected_side	reject	GGAGGGCTCCTGCTTTGTCAAGG	16.9096
ref_multiple_v_single	accept	kRISP-meR	rejected_side	reject	GACAAAGCAGGAGCCCTCCGTGG	57.0894
ref_multiple_v_single	accept	kRISP-meR	rejected_side	reject	GACCTGGCTTCTATACTACCAGG	1.9333
ref_multiple_v_single	accept	kRISP-meR	rejected_side	reject	CACCTGGTAGTATAGAAGCCAGG	2.2857
ref_multiple_v_single	accept	kRISP-meR	rejected_side	not_generated	CTGCAAAGGCTGGAGTGCAGTGG	2283.7507
ref_multiple_v_single	accept	kRISP-meR	rejected_side	not_generated	CTGGGAGGGCTTTCTGGAGGAGG	75.7277
ref_multiple_v_single	accept	kRISP-meR	rejected_side	reject	GAAAATTCCATCTTCAACTGGGG	2.9048
ref_multiple_v_single	accept	kRISP-meR	rejected_side	reject	TGAAAATTCCATCTTCAACTGGG	2.8517
ref_multiple_v_single	accept	kRISP-meR	rejected_side	reject	CTGAAAATTCCATCTTCAACTGG	1.9338
ref_multiple_v_single	accept	kRISP-meR	rejected_side	reject	CAGTTGAAGATGGAATTTTCAGG	2.5088
ref_multiple_v_single	accept	kRISP-meR	rejected_side	reject	GACAAACCCCACAGCCCGCCCGG	1.7273
ref_multiple_v_single	accept	kRISP-meR	rejected_side	reject	GCTGTGGCCCTCGGTGAAGCAGG	1.6364
ref_multiple_v_single	accept	kRISP-meR	rejected_side	reject	ACCGAGGGCCACAGCCCCCCCGG	2.0
ref_multiple_v_single	accept	kRISP-meR	rejected_side	reject	CCGAGGGCCACAGCCCCCCCGGG	1.9333
ref_multiple_v_single	accept	kRISP-meR	rejected_side	reject	CGAGGGCCACAGCCCCCCCGGGG	1.6429
ref_multiple_v_single	accept	kRISP-meR	rejected_side	reject	GCCACAGCCCCCCCGGGGTCAGG	1.9
ref_multiple_v_single	accept	kRISP-meR	rejected_side	reject	ACCTGACCCCGGGGGGGCTGTGG	2.0
ref_multiple_v_single	accept	kRISP-meR	rejected_side	reject	ACAGCCCCCCCGGGGTCAGGTGG	1.9
ref_multiple_v_single	accept	kRISP-meR	rejected_side	reject	GTGTGTTCGCTGGATGCAGCTGG	1.994
ref_multiple_v_single	accept	kRISP-meR	rejected_side	reject	TGTGTTCGCTGGATGCAGCTGGG	2.0923
ref_multiple_v_single	accept	kRISP-meR	rejected_side	reject	GTGTTCGCTGGATGCAGCTGGGG	1.9765
ref_multiple_v_single	accept	kRISP-meR	rejected_side	reject	TGTTCGCTGGATGCAGCTGGGGG	1.9423
ref_multiple_v_single	accept	kRISP-meR	rejected_side	reject	GTGGCTTTTTTTTTTTTTTCTGG	145.1354
ref_multiple_v_single	accept	kRISP-meR	rejected_side	reject	GACTGTTGTTAGACTATAGATGG	4.25
ref_multiple_v_single	accept	kRISP-meR	rejected_side	reject	GCTAGGCCCAGGATATGCACTGG	2.4174
ref_multiple_v_single	accept	kRISP-meR	rejected_side	not_generated	GTCACGCAGGCTGAGTGCACTGG	66.3286
ref_multiple_v_single	accept	kRISP-meR	rejected_side	reject	GGTGGCCCGGGCCCTTTCCTCGG	2.0
ref_multiple_v_single	accept	kRISP-meR	rejected_side	not_generated	CCATACAAATGTGAAAAATGTGG	431.2291
ref_multiple_v_single	accept	kRISP-meR	rejected_side	reject	TGACTCAGTGGCATTTCCACTGG	6.2912
ref_multiple_v_single	accept	kRISP-meR	rejected_side	reject	ATTTTAGGGTGGAGATCTTGAGG	5.8071
ref_multiple_v_single	accept	kRISP-meR	rejected_side	reject	TGCTTTGGTTAGCCATTTTGTGG	1.8
ref_multiple_v_single	accept	kRISP-meR	rejected_side	reject	AGTGATGTCTGTGGCTGCTTTGG	2.4952
ref_multiple_v_single	accept	kRISP-meR	rejected_side	reject	CTTTGAGTGAAGCTCTTCCTAGG	22.3628
ref_multiple_v_single	accept	kRISP-meR	rejected_side	reject	TTTGAGTGAAGCTCTTCCTAGGG	21.0684
ref_multiple_v_single	accept	kRISP-meR	rejected_side	reject	AAGAGGAAGAGAGAGAGGAGAGG	89.2269
ref_multiple_v_single	accept	kRISP-meR	rejected_side	not_generated	CTTCACTATGTTGGTCAGGATGG	1428.3128
ref_multiple_v_single	accept	kRISP-meR	rejected_side	reject	GGCGGAGGGGGCTCCCTCTCAGG	1.7333
ref_multiple_v_single	accept	kRISP-meR	rejected_side	not_generated	GGAGTGCAGTATCACAATCTCGG	4107.8043
ref_multiple_v_single	accept	kRISP-meR	rejected_side	reject	AACCACCCCAGCAAATGTCTCGG	2.0
ref_multiple_v_single	accept	kRISP-meR	rejected_side	reject	TTCCGAGACATTTGCTGGGGTGG	1.72
ref_multiple_v_single	accept	kRISP-meR	rejected_side	reject	TCTTTCCGAGACATTTGCTGGGG	1.7333
ref_multiple_v_single	accept	kRISP-meR	rejected_side	reject	TTCTTTCCGAGACATTTGCTGGG	1.6667
ref_multiple_v_single	accept	kRISP-meR	rejected_side	reject	TTTCTTTCCGAGACATTTGCTGG	1.5556
ref_multiple_v_single	accept	kRISP-meR	rejected_side	reject	CTTGGGATTTACTCTCCGACGGG	9.679
ref_multiple_v_single	accept	kRISP-meR	rejected_side	reject	ACTTGGGATTTACTCTCCGACGG	10.205
ref_multiple_v_single	accept	kRISP-meR	rejected_side	reject	CAACGGCAGGTACCTTACTTGGG	24.9779
ref_multiple_v_single	accept	kRISP-meR	rejected_side	reject	CCAAGTAAGGTACCTGCCGTTGG	24.0079
ref_multiple_v_single	accept	kRISP-meR	rejected_side	reject	AGCTCAAATCTGCCAACGGCAGG	22.9221
ref_multiple_v_single	accept	kRISP-meR	rejected_side	reject	AGAAAGCTCAAATCTGCCAACGG	21.434
ref_multiple_v_single	accept	kRISP-meR	rejected_side	not_generated	TGCGTTCAGTTGATGCAGAGTGG	3.6667
ref_multiple_v_single	accept	kRISP-meR	rejected_side	not_generated	GCGTTCAGTTGATGCAGAGTGGG	3.7333
ref_multiple_v_single	accept	kRISP-meR	rejected_side	not_generated	CGTTCAGTTGATGCAGAGTGGGG	3.2353
ref_multiple_v_single	accept	kRISP-meR	rejected_side	reject	CTATGACATGGATGTGGCCAAGG	19.7898
ref_multiple_v_single	accept	kRISP-meR	rejected_side	reject	CAGGTTGTTTGAAGGGCTCATGG	7.2692
ref_multiple_v_single	accept	kRISP-meR	rejected_side	reject	TAGTTATCATTTTAATCCTAGGG	10.2331
ref_multiple_v_single	accept	kRISP-meR	rejected_side	reject	GCACTCCAGGCACACGGCCCAGG	1.9333
ref_multiple_v_single	accept	kRISP-meR	rejected_side	reject	AGAGGGTGGGGCGGGGGCGGAGG	9.0996
ref_multiple_v_single	accept	kRISP-meR	rejected_side	reject	CGGGTGAGGCTGGCGGGGAGGGG	4.6729
ref_multiple_v_single	accept	kRISP-meR	rejected_side	reject	GACCTCATTGTACAGCTTGGAGG	1.5
ref_multiple_v_single	accept	kRISP-meR	rejected_side	reject	ATCCCTGCTCCCCCAAGGTAAGG	3.1069
ref_multiple_v_single	accept	kRISP-meR	rejected_side	reject	TCCCTGCTCCCCCAAGGTAAGGG	3.0
ref_multiple_v_single	accept	kRISP-meR	rejected_side	reject	GCCCTTACCTTGGGGGAGCAGGG	2.3416
ref_multiple_v_single	accept	kRISP-meR	rejected_side	reject	GGCCCTTACCTTGGGGGAGCAGG	2.2822
ref_multiple_v_single	accept	kRISP-meR	accepted	accept	GATGCTGGCCCTTACCTTGGGGG	1.4513
ref_multiple_v_single	accept	kRISP-meR	accepted	accept	AGATGCTGGCCCTTACCTTGGGG	1.0
ref_multiple_v_single	accept	kRISP-meR	accepted	accept	TAGATGCTGGCCCTTACCTTGGG	1.0
ref_multiple_v_single	accept	kRISP-meR	accepted	accept	TTAGATGCTGGCCCTTACCTTGG	1.0
ref_multiple_v_single	accept	kRISP-meR	rejected_side	reject	GCAGGGATGGGGTTAGATGCTGG	2.2593
ref_multiple_v_single	accept	kRISP-meR	rejected_side	not_generated	AATCCCCATGTGTCAGGGGAAGG	409.5857
ref_multiple_v_single	accept	kRISP-meR	rejected_side	reject	GGAGTCGAGGCATTTGCGCCTGG	2.5818
ref_multiple_v_single	accept	kRISP-meR	rejected_side	reject	GAGTCGAGGCATTTGCGCCTGGG	2.1765
ref_multiple_v_single	accept	kRISP-meR	rejected_side	reject	AGGCATTTGCGCCTGGGCTTCGG	1.9962
ref_multiple_v_single	accept	kRISP-meR	rejected_side	reject	ATCTGTTGAACAATGTAACATGG	2.4533
ref_multiple_v_single	accept	kRISP-meR	rejected_side	reject	ATGTTACATTGTTCAACAGATGG	2.7059
ref_multiple_v_single	accept	kRISP-meR	rejected_side	reject	AGTCTGCACCCAGGCTGCCCCGG	2.0553
ref_multiple_v_single	accept	kRISP-meR	accepted	accept	GTCTGCACCCAGGCTGCCCCGGG	1.1921
ref_multiple_v_single	accept	kRISP-meR	accepted	accept	TCTCACTCCCGGGGCAGCCTGGG	1.1111
ref_multiple_v_single	accept	kRISP-meR	accepted	accept	GTCTCACTCCCGGGGCAGCCTGG	1.0606
ref_multiple_v_single	accept	kRISP-meR	accepted	accept	GGGATGGGGTCTCACTCCCGGGG	1.3432
ref_multiple_v_single	accept	kRISP-meR	rejected_side	reject	AGGGATGGGGTCTCACTCCCGGG	2.0
ref_multiple_v_single	accept	kRISP-meR	rejected_side	reject	CAGGGATGGGGTCTCACTCCCGG	2.0
ref_multiple_v_single	accept	kRISP-meR	rejected_side	reject	CGGCAGCAGGAGGGCAGGGATGG	2.5714
ref_multiple_v_single	accept	kRISP-meR	rejected_side	reject	CTGGCGGCAGCAGGAGGGCAGGG	3.9126
ref_multiple_v_single	accept	kRISP-meR	rejected_side	reject	TCTGGCGGCAGCAGGAGGGCAGG	1.9091
ref_multiple_v_single	accept	kRISP-meR	rejected_side	reject	CTACTCTGGCGGCAGCAGGAGGG	1.5333
ref_multiple_v_single	accept	kRISP-meR	rejected_side	reject	GCTACTCTGGCGGCAGCAGGAGG	1.9871
ref_multiple_v_single	accept	kRISP-meR	accepted	accept	TCAGCTACTCTGGCGGCAGCAGG	1.3776
ref_multiple_v_single	accept	kRISP-meR	rejected_side	reject	CTGCCGCCAGAGTAGCTGACAGG	2.1299
ref_multiple_v_single	accept	kRISP-meR	rejected_side	reject	TGCCGCCAGAGTAGCTGACAGGG	1.72
ref_multiple_v_single	accept	kRISP-meR	rejected_side	reject	CACCCTGTCAGCTACTCTGGCGG	2.0
ref_multiple_v_single	accept	kRISP-meR	rejected_side	reject	CGCCAGAGTAGCTGACAGGGTGG	1.8
ref_multiple_v_single	accept	kRISP-meR	rejected_side	not_generated	CAGAGGAATTGCTTGAGCCTGGG	1105.7299
ref_multiple_v_single	accept	kRISP-meR	rejected_side	not_generated	GCAGAGGAATTGCTTGAGCCTGG	1378.2114
ref_multiple_v_single	accept	kRISP-meR	rejected_side	reject	CCTTTTATAAAGGAATAGTATGG	3.1297
ref_multiple_v_single	accept	kRISP-meR	rejected_side	not_generated	TAATTTTTTTCTGTAGAAACAGG	69.8605
ref_multiple_v_single	accept	kRISP-meR	rejected_side	not_generated	AAGCTTGCTTACTTGCTGGGAGG	72.6615
ref_multiple_v_single	accept	kRISP-meR	rejected_side	not_generated	AAAAAGCTTGCTTACTTGCTGGG	72.2877
ref_multiple_v_single	accept	kRISP-meR	rejected_side	reject	AAAAAAGCTTGCTTACTTGCTGG	70.3333
ref_multiple_v_single	accept	kRISP-meR	rejected_side	reject	AGCAAGTAAGCAAGCTTTTTTGG	38.4103
ref_multiple_v_single	accept	kRISP-meR	rejected_side	not_generated	AGTGAGTATTACAGCTCTTAAGG	1947.9499
ref_multiple_v_single	accept	kRISP-meR	accepted	accept	CTGTGCTGGCATCACTGTCCTGG	1.2727
ref_multiple_v_single	accept	kRISP-meR	rejected_side	reject	GCTGGCATCACTGTCCTGGTTGG	2.6232
ref_multiple_v_single	accept	kRISP-meR	rejected_side	reject	CTGGCATCACTGTCCTGGTTGGG	2.2727
ref_multiple_v_single	accept	kRISP-meR	accepted	accept	TGGCATCACTGTCCTGGTTGGGG	1.2857
ref_multiple_v_single	accept	kRISP-meR	rejected_side	reject	GGCATCACTGTCCTGGTTGGGGG	1.7895
ref_multiple_v_single	accept	kRISP-meR	rejected_side	reject	ACTGTCCTGGTTGGGGGCCCTGG	2.0721
ref_multiple_v_single	accept	kRISP-meR	rejected_side	reject	CTGTCCTGGTTGGGGGCCCTGGG	3.0073
ref_multiple_v_single	accept	kRISP-meR	rejected_side	reject	ATGACCCAGGGCCCCCAACCAGG	2.5785
ref_multiple_v_single	accept	CRISPOR	rejected_side	reject	AAAACAAGGTCGTCGGCTGGCGG	1.9
ref_multiple_v_single	accept	CRISPOR	rejected_side	reject	ACAAAAACAAGGTCGTCGGCTGG	1.9
ref_multiple_v_single	accept	CRISPOR	rejected_side	reject	TGCTACAAAAACAAGGTCGTCGG	2.0
ref_multiple_v_single	accept	CRISPOR	rejected_side	reject	GACGACCTTGTTTTTGTAGCAGG	1.7333
ref_multiple_v_single	accept	CRISPOR	rejected_side	reject	AATCGCCTGCTACAAAAACAAGG	2.1258
ref_multiple_v_single	accept	CRISPOR	rejected_side	reject	TCTCGTTCTGTTGGCCAGACTGG	145.3041
ref_multiple_v_single	accept	CRISPOR	rejected_side	reject	CTGGGCTGGGTTTGGGGGCGGGG	3.3126
ref_multiple_v_single	accept	CRISPOR	rejected_side	reject	CCCGCCCCCAAACCCAGCCCAGG	3.3731
ref_multiple_v_single	accept	CRISPOR	rejected_side	reject	ACCTGGGCTGGGTTTGGGGGCGG	2.5218
ref_multiple_v_single	accept	CRISPOR	rejected_side	reject	GGCACCTGGGCTGGGTTTGGGGG	1.392
ref_multiple_v_single	accept	CRISPOR	rejected_side	reject	AGGCACCTGGGCTGGGTTTGGGG	2.2
ref_multiple_v_single	accept	CRISPOR	rejected_side	reject	AAGGCACCTGGGCTGGGTTTGGG	2.6
ref_multiple_v_single	accept	CRISPOR	rejected_side	reject	GAAGGCACCTGGGCTGGGTTTGG	1.4912
ref_multiple_v_single	accept	CRISPOR	rejected_side	reject	TAGCTGAAGGCACCTGGGCTGGG	1.08
ref_multiple_v_single	accept	CRISPOR	rejected_side	reject	GTAGCTGAAGGCACCTGGGCTGG	1.0
ref_multiple_v_single	accept	CRISPOR	rejected_side	reject	CGAAGTAGCTGAAGGCACCTGGG	1.0
ref_multiple_v_single	accept	CRISPOR	rejected_side	reject	CCAGGTGCCTTCAGCTACTTCGG	1.0
ref_multiple_v_single	accept	CRISPOR	rejected_side	reject	TAAGAAGCCGAAGTAGCTGAAGG	1.1202
ref_multiple_v_single	accept	CRISPOR	rejected_side	reject	AACCCTGCAGTGTTAAACAGAGG	1.2824
ref_multiple_v_single	accept	CRISPOR	rejected_side	reject	TGCCTCTGTTTAACACTGCAGGG	1.0
ref_multiple_v_single	accept	CRISPOR	rejected_side	reject	ATGCCTCTGTTTAACACTGCAGG	1.0
ref_multiple_v_single	accept	CRISPOR	rejected_side	reject	TTAAACAGAGGCATTGAGAAAGG	2.1818
ref_multiple_v_single	accept	CRISPOR	rejected_side	reject	TAAACAGAGGCATTGAGAAAGGG	3.5333
ref_multiple_v_single	accept	CRISPOR	rejected_side	reject	AAACAGAGGCATTGAGAAAGGGG	2.3
ref_multiple_v_single	accept	CRISPOR	rejected_side	reject	GAGGCATTGAGAAAGGGGAAAGG	3.4933
ref_multiple_v_single	accept	CRISPOR	rejected_side	reject	GCATTGAGAAAGGGGAAAGGCGG	1.1091
ref_multiple_v_single	accept	CRISPOR	rejected_side	reject	CATTGAGAAAGGGGAAAGGCGGG	1.1818
ref_multiple_v_single	accept	CRISPOR	rejected_side	reject	CAAGTAACTGGGTCAATCTTTGG	1.0
ref_multiple_v_single	accept	CRISPOR	rejected_side	reject	AAGATTGACCCAGTTACTTGAGG	1.4835
ref_multiple_v_single	accept	CRISPOR	rejected_side	reject	AGATTGACCCAGTTACTTGAGGG	1.3857
ref_multiple_v_single	accept	CRISPOR	rejected_side	reject	TGACCCAGTTACTTGAGGGTAGG	1.0
ref_multiple_v_single	accept	CRISPOR	rejected_side	reject	GACCCAGTTACTTGAGGGTAGGG	1.7404
ref_multiple_v_single	accept	CRISPOR	rejected_side	reject	CTCCCTACCCTCAAGTAACTGGG	1.6923
ref_multiple_v_single	accept	CRISPOR	rejected_side	reject	CCAGTTACTTGAGGGTAGGGAGG	1.6364
ref_multiple_v_single	accept	CRISPOR	rejected_side	reject	GTTACTTGAGGGTAGGGAGGCGG	1.2751
ref_multiple_v_single	accept	CRISPOR	rejected_side	reject	TTACTTGAGGGTAGGGAGGCGGG	1.0
ref_multiple_v_single	accept	CRISPOR	rejected_side	reject	GGAGACTCAGAAGGCTGAACTGG	10.4252
ref_multiple_v_single	accept	CRISPOR	rejected_side	reject	TTCAGCCTTCTGAGTCTCCTAGG	4.5018
ref_multiple_v_single	accept	CRISPOR	rejected_side	reject	TCAGCCTTCTGAGTCTCCTAGGG	8.3816
ref_multiple_v_single	accept	CRISPOR	rejected_side	reject	GCCTTCTGAGTCTCCTAGGGAGG	5.4852
ref_multiple_v_single	accept	CRISPOR	rejected_side	reject	ACCTCCCTAGGAGACTCAGAAGG	7.289
ref_multiple_v_single	accept	CRISPOR	rejected_side	reject	GGAGAAGATTCGACCTCCCTAGG	4.0
ref_multiple_v_single	accept	CRISPOR	rejected_side	reject	AATGAGGTCCTCATAGCAGCAGG	1.7333
ref_multiple_v_single	accept	CRISPOR	rejected_side	reject	AGGAGCTGCCTGCTGCTATGAGG	1.8219
ref_multiple_v_single	accept	CRISPOR	rejected_side	reject	CTGCTCAATTCGGGCATGCAGGG	2.7321
ref_multiple_v_single	accept	CRISPOR	rejected_side	reject	ACTGCTCAATTCGGGCATGCAGG	2.7983
ref_multiple_v_single	accept	CRISPOR	rejected_side	reject	GTAACAGAAAGACAAAGCAGTGG	2.6463
ref_multiple_v_single	accept	CRISPOR	rejected_side	reject	GAGGGGATCAAGCCTGCCCTGGG	1.6278
ref_multiple_v_single	accept	CRISPOR	rejected_side	reject	TGAGGGGATCAAGCCTGCCCTGG	1.911
ref_multiple_v_single	accept	CRISPOR	rejected_side	reject	GGAGGGCTCCTGCTTTGTCAAGG	16.9096
ref_multiple_v_single	accept	CRISPOR	rejected_side	reject	GACAAAGCAGGAGCCCTCCGTGG	57.0894
ref_multiple_v_single	accept	CRISPOR	rejected_side	reject	GACCTGGCTTCTATACTACCAGG	1.9333
ref_multiple_v_single	accept	CRISPOR	rejected_side	reject	CACCTGGTAGTATAGAAGCCAGG	2.2857
ref_multiple_v_single	accept	CRISPOR	rejected_side	reject	CTGCAAAGGCTGGAGTGCAGTGG	2283.7507
ref_multiple_v_single	accept	CRISPOR	rejected_side	reject	CTGGGAGGGCTTTCTGGAGGAGG	75.7277
ref_multiple_v_single	accept	CRISPOR	rejected_side	reject	GAAAATTCCATCTTCAACTGGGG	2.9048
ref_multiple_v_single	accept	CRISPOR	rejected_side	reject	TGAAAATTCCATCTTCAACTGGG	2.8517
ref_multiple_v_single	accept	CRISPOR	rejected_side	reject	CTGAAAATTCCATCTTCAACTGG	1.9338
ref_multiple_v_single	accept	CRISPOR	rejected_side	reject	CAGTTGAAGATGGAATTTTCAGG	2.5088
ref_multiple_v_single	accept	CRISPOR	rejected_side	reject	GACAAACCCCACAGCCCGCCCGG	1.7273
ref_multiple_v_single	accept	CRISPOR	rejected_side	reject	GCTGTGGCCCTCGGTGAAGCAGG	1.6364
ref_multiple_v_single	accept	CRISPOR	rejected_side	reject	ACCGAGGGCCACAGCCCCCCCGG	2.0
ref_multiple_v_single	accept	CRISPOR	rejected_side	reject	CCGAGGGCCACAGCCCCCCCGGG	1.9333
ref_multiple_v_single	accept	CRISPOR	rejected_side	reject	CGAGGGCCACAGCCCCCCCGGGG	1.6429
ref_multiple_v_single	accept	CRISPOR	rejected_side	reject	GCCACAGCCCCCCCGGGGTCAGG	1.9
ref_multiple_v_single	accept	CRISPOR	rejected_side	reject	ACCTGACCCCGGGGGGGCTGTGG	2.0
ref_multiple_v_single	accept	CRISPOR	rejected_side	reject	ACAGCCCCCCCGGGGTCAGGTGG	1.9
ref_multiple_v_single	accept	CRISPOR	rejected_side	reject	GTGTGTTCGCTGGATGCAGCTGG	1.994
ref_multiple_v_single	accept	CRISPOR	rejected_side	reject	TGTGTTCGCTGGATGCAGCTGGG	2.0923
ref_multiple_v_single	accept	CRISPOR	rejected_side	reject	GTGTTCGCTGGATGCAGCTGGGG	1.9765
ref_multiple_v_single	accept	CRISPOR	rejected_side	reject	TGTTCGCTGGATGCAGCTGGGGG	1.9423
ref_multiple_v_single	accept	CRISPOR	rejected_side	reject	GTGGCTTTTTTTTTTTTTTCTGG	145.1354
ref_multiple_v_single	accept	CRISPOR	rejected_side	reject	GACTGTTGTTAGACTATAGATGG	4.25
ref_multiple_v_single	accept	CRISPOR	rejected_side	reject	GCTAGGCCCAGGATATGCACTGG	2.4174
ref_multiple_v_single	accept	CRISPOR	rejected_side	reject	GTCACGCAGGCTGAGTGCACTGG	66.3286
ref_multiple_v_single	accept	CRISPOR	rejected_side	reject	GGTGGCCCGGGCCCTTTCCTCGG	2.0
ref_multiple_v_single	accept	CRISPOR	rejected_side	reject	CCATACAAATGTGAAAAATGTGG	431.2291
ref_multiple_v_single	accept	CRISPOR	rejected_side	reject	TGACTCAGTGGCATTTCCACTGG	6.2912
ref_multiple_v_single	accept	CRISPOR	rejected_side	reject	ATTTTAGGGTGGAGATCTTGAGG	5.8071
ref_multiple_v_single	accept	CRISPOR	rejected_side	reject	TGCTTTGGTTAGCCATTTTGTGG	1.8
ref_multiple_v_single	accept	CRISPOR	rejected_side	reject	AGTGATGTCTGTGGCTGCTTTGG	2.4952
ref_multiple_v_single	accept	CRISPOR	rejected_side	reject	CTTTGAGTGAAGCTCTTCCTAGG	22.3628
ref_multiple_v_single	accept	CRISPOR	rejected_side	reject	TTTGAGTGAAGCTCTTCCTAGGG	21.0684
ref_multiple_v_single	accept	CRISPOR	rejected_side	reject	AAGAGGAAGAGAGAGAGGAGAGG	89.2269
ref_multiple_v_single	accept	CRISPOR	rejected_side	reject	CTTCACTATGTTGGTCAGGATGG	1428.3128
ref_multiple_v_single	accept	CRISPOR	rejected_side	reject	GGCGGAGGGGGCTCCCTCTCAGG	1.7333
ref_multiple_v_single	accept	CRISPOR	rejected_side	reject	GGAGTGCAGTATCACAATCTCGG	4107.8043
ref_multiple_v_single	accept	CRISPOR	rejected_side	reject	AACCACCCCAGCAAATGTCTCGG	2.0
ref_multiple_v_single	accept	CRISPOR	rejected_side	reject	TTCCGAGACATTTGCTGGGGTGG	1.72
ref_multiple_v_single	accept	CRISPOR	rejected_side	reject	TCTTTCCGAGACATTTGCTGGGG	1.7333
ref_multiple_v_single	accept	CRISPOR	rejected_side	reject	TTCTTTCCGAGACATTTGCTGGG	1.6667
ref_multiple_v_single	accept	CRISPOR	rejected_side	reject	TTTCTTTCCGAGACATTTGCTGG	1.5556
ref_multiple_v_single	accept	CRISPOR	rejected_side	reject	CTTGGGATTTACTCTCCGACGGG	9.679
ref_multiple_v_single	accept	CRISPOR	rejected_side	reject	ACTTGGGATTTACTCTCCGACGG	10.205
ref_multiple_v_single	accept	CRISPOR	rejected_side	reject	CAACGGCAGGTACCTTACTTGGG	24.9779
ref_multiple_v_single	accept	CRISPOR	rejected_side	reject	CCAAGTAAGGTACCTGCCGTTGG	24.0079
ref_multiple_v_single	accept	CRISPOR	rejected_side	reject	AGCTCAAATCTGCCAACGGCAGG	22.9221
ref_multiple_v_single	accept	CRISPOR	rejected_side	reject	AGAAAGCTCAAATCTGCCAACGG	21.434
ref_multiple_v_single	accept	CRISPOR	rejected_side	reject	TGCGTTCAGTTGATGCAGAGTGG	3.6667
ref_multiple_v_single	accept	CRISPOR	rejected_side	reject	GCGTTCAGTTGATGCAGAGTGGG	3.7333
ref_multiple_v_single	accept	CRISPOR	rejected_side	reject	CGTTCAGTTGATGCAGAGTGGGG	3.2353
ref_multiple_v_single	accept	CRISPOR	rejected_side	reject	CTATGACATGGATGTGGCCAAGG	19.7898
ref_multiple_v_single	accept	CRISPOR	rejected_side	reject	CAGGTTGTTTGAAGGGCTCATGG	7.2692
ref_multiple_v_single	accept	CRISPOR	rejected_side	reject	TAGTTATCATTTTAATCCTAGGG	10.2331
ref_multiple_v_single	accept	CRISPOR	rejected_side	reject	GCACTCCAGGCACACGGCCCAGG	1.9333
ref_multiple_v_single	accept	CRISPOR	rejected_side	reject	AGAGGGTGGGGCGGGGGCGGAGG	9.0996
ref_multiple_v_single	accept	CRISPOR	rejected_side	reject	CGGGTGAGGCTGGCGGGGAGGGG	4.6729
ref_multiple_v_single	accept	CRISPOR	rejected_side	reject	GACCTCATTGTACAGCTTGGAGG	1.5
ref_multiple_v_single	accept	CRISPOR	rejected_side	reject	ATCCCTGCTCCCCCAAGGTAAGG	3.1069
ref_multiple_v_single	accept	CRISPOR	rejected_side	reject	TCCCTGCTCCCCCAAGGTAAGGG	3.0
ref_multiple_v_single	accept	CRISPOR	rejected_side	reject	GCCCTTACCTTGGGGGAGCAGGG	2.3416
ref_multiple_v_single	accept	CRISPOR	rejected_side	reject	GGCCCTTACCTTGGGGGAGCAGG	2.2822
ref_multiple_v_single	accept	CRISPOR	rejected_side	reject	GATGCTGGCCCTTACCTTGGGGG	1.4513
ref_multiple_v_single	accept	CRISPOR	rejected_side	reject	AGATGCTGGCCCTTACCTTGGGG	1.0
ref_multiple_v_single	accept	CRISPOR	rejected_side	reject	TAGATGCTGGCCCTTACCTTGGG	1.0
ref_multiple_v_single	accept	CRISPOR	rejected_side	reject	TTAGATGCTGGCCCTTACCTTGG	1.0
ref_multiple_v_single	accept	CRISPOR	rejected_side	reject	GCAGGGATGGGGTTAGATGCTGG	2.2593
ref_multiple_v_single	accept	CRISPOR	rejected_side	reject	AATCCCCATGTGTCAGGGGAAGG	409.5857
ref_multiple_v_single	accept	CRISPOR	rejected_side	reject	GGAGTCGAGGCATTTGCGCCTGG	2.5818
ref_multiple_v_single	accept	CRISPOR	rejected_side	reject	GAGTCGAGGCATTTGCGCCTGGG	2.1765
ref_multiple_v_single	accept	CRISPOR	rejected_side	reject	AGGCATTTGCGCCTGGGCTTCGG	1.9962
ref_multiple_v_single	accept	CRISPOR	rejected_side	reject	ATCTGTTGAACAATGTAACATGG	2.4533
ref_multiple_v_single	accept	CRISPOR	rejected_side	reject	ATGTTACATTGTTCAACAGATGG	2.7059
ref_multiple_v_single	accept	CRISPOR	rejected_side	reject	AGTCTGCACCCAGGCTGCCCCGG	2.0553
ref_multiple_v_single	accept	CRISPOR	rejected_side	reject	GTCTGCACCCAGGCTGCCCCGGG	1.1921
ref_multiple_v_single	accept	CRISPOR	rejected_side	reject	TCTCACTCCCGGGGCAGCCTGGG	1.1111
ref_multiple_v_single	accept	CRISPOR	rejected_side	reject	GTCTCACTCCCGGGGCAGCCTGG	1.0606
ref_multiple_v_single	accept	CRISPOR	rejected_side	reject	GGGATGGGGTCTCACTCCCGGGG	1.3432
ref_multiple_v_single	accept	CRISPOR	rejected_side	reject	AGGGATGGGGTCTCACTCCCGGG	2.0
ref_multiple_v_single	accept	CRISPOR	rejected_side	reject	CAGGGATGGGGTCTCACTCCCGG	2.0
ref_multiple_v_single	accept	CRISPOR	rejected_side	reject	CGGCAGCAGGAGGGCAGGGATGG	2.5714
ref_multiple_v_single	accept	CRISPOR	rejected_side	reject	CTGGCGGCAGCAGGAGGGCAGGG	3.9126
ref_multiple_v_single	accept	CRISPOR	rejected_side	reject	TCTGGCGGCAGCAGGAGGGCAGG	1.9091
ref_multiple_v_single	accept	CRISPOR	rejected_side	reject	CTACTCTGGCGGCAGCAGGAGGG	1.5333
ref_multiple_v_single	accept	CRISPOR	rejected_side	reject	GCTACTCTGGCGGCAGCAGGAGG	1.9871
ref_multiple_v_single	accept	CRISPOR	rejected_side	reject	TCAGCTACTCTGGCGGCAGCAGG	1.3776
ref_multiple_v_single	accept	CRISPOR	rejected_side	reject	CTGCCGCCAGAGTAGCTGACAGG	2.1299
ref_multiple_v_single	accept	CRISPOR	rejected_side	reject	TGCCGCCAGAGTAGCTGACAGGG	1.72
ref_multiple_v_single	accept	CRISPOR	rejected_side	reject	CACCCTGTCAGCTACTCTGGCGG	2.0
ref_multiple_v_single	accept	CRISPOR	rejected_side	reject	CGCCAGAGTAGCTGACAGGGTGG	1.8
ref_multiple_v_single	accept	CRISPOR	rejected_side	reject	CAGAGGAATTGCTTGAGCCTGGG	1105.7299
ref_multiple_v_single	accept	CRISPOR	rejected_side	reject	GCAGAGGAATTGCTTGAGCCTGG	1378.2114
ref_multiple_v_single	accept	CRISPOR	rejected_side	reject	CCTTTTATAAAGGAATAGTATGG	3.1297
ref_multiple_v_single	accept	CRISPOR	rejected_side	reject	TAATTTTTTTCTGTAGAAACAGG	69.8605
ref_multiple_v_single	accept	CRISPOR	rejected_side	reject	AAGCTTGCTTACTTGCTGGGAGG	72.6615
ref_multiple_v_single	accept	CRISPOR	rejected_side	reject	AAAAAGCTTGCTTACTTGCTGGG	72.2877
ref_multiple_v_single	accept	CRISPOR	rejected_side	reject	AAAAAAGCTTGCTTACTTGCTGG	70.3333
ref_multiple_v_single	accept	CRISPOR	rejected_side	reject	AGCAAGTAAGCAAGCTTTTTTGG	38.4103
ref_multiple_v_single	accept	CRISPOR	rejected_side	reject	AGTGAGTATTACAGCTCTTAAGG	1947.9499
ref_multiple_v_single	accept	CRISPOR	rejected_side	reject	CTGTGCTGGCATCACTGTCCTGG	1.2727
ref_multiple_v_single	accept	CRISPOR	rejected_side	reject	GCTGGCATCACTGTCCTGGTTGG	2.6232
ref_multiple_v_single	accept	CRISPOR	rejected_side	reject	CTGGCATCACTGTCCTGGTTGGG	2.2727
ref_multiple_v_single	accept	CRISPOR	rejected_side	reject	TGGCATCACTGTCCTGGTTGGGG	1.2857
ref_multiple_v_single	accept	CRISPOR	rejected_side	reject	GGCATCACTGTCCTGGTTGGGGG	1.7895
ref_multiple_v_single	accept	CRISPOR	rejected_side	reject	ACTGTCCTGGTTGGGGGCCCTGG	2.0721
ref_multiple_v_single	accept	CRISPOR	rejected_side	reject	CTGTCCTGGTTGGGGGCCCTGGG	3.0073
ref_multiple_v_single	accept	CRISPOR	rejected_side	reject	ATGACCCAGGGCCCCCAACCAGG	2.5785
ref_multiple_v_single	accept	GuideScan2	accepted	accept	AAAACAAGGTCGTCGGCTGGCGG	1.9
ref_multiple_v_single	accept	GuideScan2	accepted	accept	ACAAAAACAAGGTCGTCGGCTGG	1.9
ref_multiple_v_single	accept	GuideScan2	accepted	accept	TGCTACAAAAACAAGGTCGTCGG	2.0
ref_multiple_v_single	accept	GuideScan2	accepted	accept	GACGACCTTGTTTTTGTAGCAGG	1.7333
ref_multiple_v_single	accept	GuideScan2	accepted	accept	AATCGCCTGCTACAAAAACAAGG	2.1258
ref_multiple_v_single	accept	GuideScan2	rejected_side	reject	TCTCGTTCTGTTGGCCAGACTGG	145.3041
ref_multiple_v_single	accept	GuideScan2	rejected_side	reject	CTGGGCTGGGTTTGGGGGCGGGG	3.3126
ref_multiple_v_single	accept	GuideScan2	rejected_side	reject	CCCGCCCCCAAACCCAGCCCAGG	3.3731
ref_multiple_v_single	accept	GuideScan2	rejected_side	reject	ACCTGGGCTGGGTTTGGGGGCGG	2.5218
ref_multiple_v_single	accept	GuideScan2	rejected_side	reject	GGCACCTGGGCTGGGTTTGGGGG	1.392
ref_multiple_v_single	accept	GuideScan2	accepted	accept	AGGCACCTGGGCTGGGTTTGGGG	2.2
ref_multiple_v_single	accept	GuideScan2	accepted	accept	AAGGCACCTGGGCTGGGTTTGGG	2.6
ref_multiple_v_single	accept	GuideScan2	accepted	accept	GAAGGCACCTGGGCTGGGTTTGG	1.4912
ref_multiple_v_single	accept	GuideScan2	accepted	accept	TAGCTGAAGGCACCTGGGCTGGG	1.08
ref_multiple_v_single	accept	GuideScan2	accepted	accept	GTAGCTGAAGGCACCTGGGCTGG	1.0
ref_multiple_v_single	accept	GuideScan2	accepted	accept	CGAAGTAGCTGAAGGCACCTGGG	1.0
ref_multiple_v_single	accept	GuideScan2	accepted	accept	CCAGGTGCCTTCAGCTACTTCGG	1.0
ref_multiple_v_single	accept	GuideScan2	accepted	accept	TAAGAAGCCGAAGTAGCTGAAGG	1.1202
ref_multiple_v_single	accept	GuideScan2	accepted	accept	AACCCTGCAGTGTTAAACAGAGG	1.2824
ref_multiple_v_single	accept	GuideScan2	accepted	accept	TGCCTCTGTTTAACACTGCAGGG	1.0
ref_multiple_v_single	accept	GuideScan2	accepted	accept	ATGCCTCTGTTTAACACTGCAGG	1.0
ref_multiple_v_single	accept	GuideScan2	accepted	accept	TTAAACAGAGGCATTGAGAAAGG	2.1818
ref_multiple_v_single	accept	GuideScan2	accepted	accept	TAAACAGAGGCATTGAGAAAGGG	3.5333
ref_multiple_v_single	accept	GuideScan2	accepted	accept	AAACAGAGGCATTGAGAAAGGGG	2.3
ref_multiple_v_single	accept	GuideScan2	accepted	accept	GAGGCATTGAGAAAGGGGAAAGG	3.4933
ref_multiple_v_single	accept	GuideScan2	accepted	accept	GCATTGAGAAAGGGGAAAGGCGG	1.1091
ref_multiple_v_single	accept	GuideScan2	accepted	accept	CATTGAGAAAGGGGAAAGGCGGG	1.1818
ref_multiple_v_single	accept	GuideScan2	accepted	accept	CAAGTAACTGGGTCAATCTTTGG	1.0
ref_multiple_v_single	accept	GuideScan2	accepted	accept	AAGATTGACCCAGTTACTTGAGG	1.4835
ref_multiple_v_single	accept	GuideScan2	accepted	accept	AGATTGACCCAGTTACTTGAGGG	1.3857
ref_multiple_v_single	accept	GuideScan2	accepted	accept	TGACCCAGTTACTTGAGGGTAGG	1.0
ref_multiple_v_single	accept	GuideScan2	accepted	accept	GACCCAGTTACTTGAGGGTAGGG	1.7404
ref_multiple_v_single	accept	GuideScan2	accepted	accept	CTCCCTACCCTCAAGTAACTGGG	1.6923
ref_multiple_v_single	accept	GuideScan2	accepted	accept	CCAGTTACTTGAGGGTAGGGAGG	1.6364
ref_multiple_v_single	accept	GuideScan2	accepted	accept	GTTACTTGAGGGTAGGGAGGCGG	1.2751
ref_multiple_v_single	accept	GuideScan2	accepted	accept	TTACTTGAGGGTAGGGAGGCGGG	1.0
ref_multiple_v_single	accept	GuideScan2	rejected_side	reject	GGAGACTCAGAAGGCTGAACTGG	10.4252
ref_multiple_v_single	accept	GuideScan2	rejected_side	reject	TTCAGCCTTCTGAGTCTCCTAGG	4.5018
ref_multiple_v_single	accept	GuideScan2	rejected_side	reject	TCAGCCTTCTGAGTCTCCTAGGG	8.3816
ref_multiple_v_single	accept	GuideScan2	rejected_side	reject	GCCTTCTGAGTCTCCTAGGGAGG	5.4852
ref_multiple_v_single	accept	GuideScan2	rejected_side	reject	ACCTCCCTAGGAGACTCAGAAGG	7.289
ref_multiple_v_single	accept	GuideScan2	accepted	accept	GGAGAAGATTCGACCTCCCTAGG	4.0
ref_multiple_v_single	accept	GuideScan2	accepted	accept	AATGAGGTCCTCATAGCAGCAGG	1.7333
ref_multiple_v_single	accept	GuideScan2	accepted	accept	AGGAGCTGCCTGCTGCTATGAGG	1.8219
ref_multiple_v_single	accept	GuideScan2	accepted	accept	CTGCTCAATTCGGGCATGCAGGG	2.7321
ref_multiple_v_single	accept	GuideScan2	accepted	accept	ACTGCTCAATTCGGGCATGCAGG	2.7983
ref_multiple_v_single	accept	GuideScan2	accepted	accept	GTAACAGAAAGACAAAGCAGTGG	2.6463
ref_multiple_v_single	accept	GuideScan2	accepted	accept	GAGGGGATCAAGCCTGCCCTGGG	1.6278
ref_multiple_v_single	accept	GuideScan2	accepted	accept	TGAGGGGATCAAGCCTGCCCTGG	1.911
ref_multiple_v_single	accept	GuideScan2	accepted	accept	GGAGGGCTCCTGCTTTGTCAAGG	16.9096
ref_multiple_v_single	accept	GuideScan2	rejected_side	reject	GACAAAGCAGGAGCCCTCCGTGG	57.0894
ref_multiple_v_single	accept	GuideScan2	accepted	accept	GACCTGGCTTCTATACTACCAGG	1.9333
ref_multiple_v_single	accept	GuideScan2	accepted	accept	CACCTGGTAGTATAGAAGCCAGG	2.2857
ref_multiple_v_single	accept	GuideScan2	rejected_side	reject	CTGCAAAGGCTGGAGTGCAGTGG	2283.7507
ref_multiple_v_single	accept	GuideScan2	rejected_side	reject	CTGGGAGGGCTTTCTGGAGGAGG	75.7277
ref_multiple_v_single	accept	GuideScan2	accepted	accept	GAAAATTCCATCTTCAACTGGGG	2.9048
ref_multiple_v_single	accept	GuideScan2	accepted	accept	TGAAAATTCCATCTTCAACTGGG	2.8517
ref_multiple_v_single	accept	GuideScan2	accepted	accept	CTGAAAATTCCATCTTCAACTGG	1.9338
ref_multiple_v_single	accept	GuideScan2	accepted	accept	CAGTTGAAGATGGAATTTTCAGG	2.5088
ref_multiple_v_single	accept	GuideScan2	accepted	accept	GACAAACCCCACAGCCCGCCCGG	1.7273
ref_multiple_v_single	accept	GuideScan2	accepted	accept	GCTGTGGCCCTCGGTGAAGCAGG	1.6364
ref_multiple_v_single	accept	GuideScan2	accepted	accept	ACCGAGGGCCACAGCCCCCCCGG	2.0
ref_multiple_v_single	accept	GuideScan2	accepted	accept	CCGAGGGCCACAGCCCCCCCGGG	1.9333
ref_multiple_v_single	accept	GuideScan2	accepted	accept	CGAGGGCCACAGCCCCCCCGGGG	1.6429
ref_multiple_v_single	accept	GuideScan2	accepted	accept	GCCACAGCCCCCCCGGGGTCAGG	1.9
ref_multiple_v_single	accept	GuideScan2	accepted	accept	ACCTGACCCCGGGGGGGCTGTGG	2.0
ref_multiple_v_single	accept	GuideScan2	accepted	accept	ACAGCCCCCCCGGGGTCAGGTGG	1.9
ref_multiple_v_single	accept	GuideScan2	accepted	accept	GTGTGTTCGCTGGATGCAGCTGG	1.994
ref_multiple_v_single	accept	GuideScan2	accepted	accept	TGTGTTCGCTGGATGCAGCTGGG	2.0923
ref_multiple_v_single	accept	GuideScan2	accepted	accept	GTGTTCGCTGGATGCAGCTGGGG	1.9765
ref_multiple_v_single	accept	GuideScan2	accepted	accept	TGTTCGCTGGATGCAGCTGGGGG	1.9423
ref_multiple_v_single	accept	GuideScan2	rejected_side	reject	GTGGCTTTTTTTTTTTTTTCTGG	145.1354
ref_multiple_v_single	accept	GuideScan2	accepted	accept	GACTGTTGTTAGACTATAGATGG	4.25
ref_multiple_v_single	accept	GuideScan2	accepted	accept	GCTAGGCCCAGGATATGCACTGG	2.4174
ref_multiple_v_single	accept	GuideScan2	rejected_side	reject	GTCACGCAGGCTGAGTGCACTGG	66.3286
ref_multiple_v_single	accept	GuideScan2	accepted	accept	GGTGGCCCGGGCCCTTTCCTCGG	2.0
ref_multiple_v_single	accept	GuideScan2	rejected_side	reject	CCATACAAATGTGAAAAATGTGG	431.2291
ref_multiple_v_single	accept	GuideScan2	accepted	accept	TGACTCAGTGGCATTTCCACTGG	6.2912
ref_multiple_v_single	accept	GuideScan2	rejected_side	reject	ATTTTAGGGTGGAGATCTTGAGG	5.8071
ref_multiple_v_single	accept	GuideScan2	accepted	accept	TGCTTTGGTTAGCCATTTTGTGG	1.8
ref_multiple_v_single	accept	GuideScan2	accepted	accept	AGTGATGTCTGTGGCTGCTTTGG	2.4952
ref_multiple_v_single	accept	GuideScan2	rejected_side	reject	CTTTGAGTGAAGCTCTTCCTAGG	22.3628
ref_multiple_v_single	accept	GuideScan2	rejected_side	reject	TTTGAGTGAAGCTCTTCCTAGGG	21.0684
ref_multiple_v_single	accept	GuideScan2	rejected_side	reject	AAGAGGAAGAGAGAGAGGAGAGG	89.2269
ref_multiple_v_single	accept	GuideScan2	rejected_side	reject	CTTCACTATGTTGGTCAGGATGG	1428.3128
ref_multiple_v_single	accept	GuideScan2	accepted	accept	GGCGGAGGGGGCTCCCTCTCAGG	1.7333
ref_multiple_v_single	accept	GuideScan2	rejected_side	reject	GGAGTGCAGTATCACAATCTCGG	4107.8043
ref_multiple_v_single	accept	GuideScan2	accepted	accept	AACCACCCCAGCAAATGTCTCGG	2.0
ref_multiple_v_single	accept	GuideScan2	accepted	accept	TTCCGAGACATTTGCTGGGGTGG	1.72
ref_multiple_v_single	accept	GuideScan2	accepted	accept	TCTTTCCGAGACATTTGCTGGGG	1.7333
ref_multiple_v_single	accept	GuideScan2	accepted	accept	TTCTTTCCGAGACATTTGCTGGG	1.6667
ref_multiple_v_single	accept	GuideScan2	accepted	accept	TTTCTTTCCGAGACATTTGCTGG	1.5556
ref_multiple_v_single	accept	GuideScan2	rejected_side	reject	CTTGGGATTTACTCTCCGACGGG	9.679
ref_multiple_v_single	accept	GuideScan2	accepted	accept	ACTTGGGATTTACTCTCCGACGG	10.205
ref_multiple_v_single	accept	GuideScan2	rejected_side	reject	CAACGGCAGGTACCTTACTTGGG	24.9779
ref_multiple_v_single	accept	GuideScan2	rejected_side	reject	CCAAGTAAGGTACCTGCCGTTGG	24.0079
ref_multiple_v_single	accept	GuideScan2	rejected_side	reject	AGCTCAAATCTGCCAACGGCAGG	22.9221
ref_multiple_v_single	accept	GuideScan2	rejected_side	reject	AGAAAGCTCAAATCTGCCAACGG	21.434
ref_multiple_v_single	accept	GuideScan2	accepted	accept	TGCGTTCAGTTGATGCAGAGTGG	3.6667
ref_multiple_v_single	accept	GuideScan2	rejected_side	reject	GCGTTCAGTTGATGCAGAGTGGG	3.7333
ref_multiple_v_single	accept	GuideScan2	accepted	accept	CGTTCAGTTGATGCAGAGTGGGG	3.2353
ref_multiple_v_single	accept	GuideScan2	rejected_side	reject	CTATGACATGGATGTGGCCAAGG	19.7898
ref_multiple_v_single	accept	GuideScan2	rejected_side	reject	CAGGTTGTTTGAAGGGCTCATGG	7.2692
ref_multiple_v_single	accept	GuideScan2	accepted	accept	TAGTTATCATTTTAATCCTAGGG	10.2331
ref_multiple_v_single	accept	GuideScan2	accepted	accept	GCACTCCAGGCACACGGCCCAGG	1.9333
ref_multiple_v_single	accept	GuideScan2	rejected_side	reject	AGAGGGTGGGGCGGGGGCGGAGG	9.0996
ref_multiple_v_single	accept	GuideScan2	rejected_side	reject	CGGGTGAGGCTGGCGGGGAGGGG	4.6729
ref_multiple_v_single	accept	GuideScan2	accepted	accept	GACCTCATTGTACAGCTTGGAGG	1.5
ref_multiple_v_single	accept	GuideScan2	accepted	accept	ATCCCTGCTCCCCCAAGGTAAGG	3.1069
ref_multiple_v_single	accept	GuideScan2	accepted	accept	TCCCTGCTCCCCCAAGGTAAGGG	3.0
ref_multiple_v_single	accept	GuideScan2	accepted	accept	GCCCTTACCTTGGGGGAGCAGGG	2.3416
ref_multiple_v_single	accept	GuideScan2	accepted	accept	GGCCCTTACCTTGGGGGAGCAGG	2.2822
ref_multiple_v_single	accept	GuideScan2	accepted	accept	GATGCTGGCCCTTACCTTGGGGG	1.4513
ref_multiple_v_single	accept	GuideScan2	accepted	accept	AGATGCTGGCCCTTACCTTGGGG	1.0
ref_multiple_v_single	accept	GuideScan2	accepted	accept	TAGATGCTGGCCCTTACCTTGGG	1.0
ref_multiple_v_single	accept	GuideScan2	accepted	accept	TTAGATGCTGGCCCTTACCTTGG	1.0
ref_multiple_v_single	accept	GuideScan2	accepted	accept	GCAGGGATGGGGTTAGATGCTGG	2.2593
ref_multiple_v_single	accept	GuideScan2	rejected_side	reject	AATCCCCATGTGTCAGGGGAAGG	409.5857
ref_multiple_v_single	accept	GuideScan2	accepted	accept	GGAGTCGAGGCATTTGCGCCTGG	2.5818
ref_multiple_v_single	accept	GuideScan2	accepted	accept	GAGTCGAGGCATTTGCGCCTGGG	2.1765
ref_multiple_v_single	accept	GuideScan2	accepted	accept	AGGCATTTGCGCCTGGGCTTCGG	1.9962
ref_multiple_v_single	accept	GuideScan2	accepted	accept	ATCTGTTGAACAATGTAACATGG	2.4533
ref_multiple_v_single	accept	GuideScan2	accepted	accept	ATGTTACATTGTTCAACAGATGG	2.7059
ref_multiple_v_single	accept	GuideScan2	accepted	accept	AGTCTGCACCCAGGCTGCCCCGG	2.0553
ref_multiple_v_single	accept	GuideScan2	accepted	accept	GTCTGCACCCAGGCTGCCCCGGG	1.1921
ref_multiple_v_single	accept	GuideScan2	accepted	accept	TCTCACTCCCGGGGCAGCCTGGG	1.1111
ref_multiple_v_single	accept	GuideScan2	accepted	accept	GTCTCACTCCCGGGGCAGCCTGG	1.0606
ref_multiple_v_single	accept	GuideScan2	accepted	accept	GGGATGGGGTCTCACTCCCGGGG	1.3432
ref_multiple_v_single	accept	GuideScan2	accepted	accept	AGGGATGGGGTCTCACTCCCGGG	2.0
ref_multiple_v_single	accept	GuideScan2	accepted	accept	CAGGGATGGGGTCTCACTCCCGG	2.0
ref_multiple_v_single	accept	GuideScan2	rejected_side	reject	CGGCAGCAGGAGGGCAGGGATGG	2.5714
ref_multiple_v_single	accept	GuideScan2	accepted	accept	CTGGCGGCAGCAGGAGGGCAGGG	3.9126
ref_multiple_v_single	accept	GuideScan2	accepted	accept	TCTGGCGGCAGCAGGAGGGCAGG	1.9091
ref_multiple_v_single	accept	GuideScan2	accepted	accept	CTACTCTGGCGGCAGCAGGAGGG	1.5333
ref_multiple_v_single	accept	GuideScan2	accepted	accept	GCTACTCTGGCGGCAGCAGGAGG	1.9871
ref_multiple_v_single	accept	GuideScan2	accepted	accept	TCAGCTACTCTGGCGGCAGCAGG	1.3776
ref_multiple_v_single	accept	GuideScan2	accepted	accept	CTGCCGCCAGAGTAGCTGACAGG	2.1299
ref_multiple_v_single	accept	GuideScan2	accepted	accept	TGCCGCCAGAGTAGCTGACAGGG	1.72
ref_multiple_v_single	accept	GuideScan2	accepted	accept	CACCCTGTCAGCTACTCTGGCGG	2.0
ref_multiple_v_single	accept	GuideScan2	accepted	accept	CGCCAGAGTAGCTGACAGGGTGG	1.8
ref_multiple_v_single	accept	GuideScan2	rejected_side	reject	CAGAGGAATTGCTTGAGCCTGGG	1105.7299
ref_multiple_v_single	accept	GuideScan2	rejected_side	reject	GCAGAGGAATTGCTTGAGCCTGG	1378.2114
ref_multiple_v_single	accept	GuideScan2	accepted	accept	CCTTTTATAAAGGAATAGTATGG	3.1297
ref_multiple_v_single	accept	GuideScan2	rejected_side	reject	TAATTTTTTTCTGTAGAAACAGG	69.8605
ref_multiple_v_single	accept	GuideScan2	rejected_side	reject	AAGCTTGCTTACTTGCTGGGAGG	72.6615
ref_multiple_v_single	accept	GuideScan2	rejected_side	reject	AAAAAGCTTGCTTACTTGCTGGG	72.2877
ref_multiple_v_single	accept	GuideScan2	rejected_side	reject	AAAAAAGCTTGCTTACTTGCTGG	70.3333
ref_multiple_v_single	accept	GuideScan2	rejected_side	reject	AGCAAGTAAGCAAGCTTTTTTGG	38.4103
ref_multiple_v_single	accept	GuideScan2	rejected_side	reject	AGTGAGTATTACAGCTCTTAAGG	1947.9499
ref_multiple_v_single	accept	GuideScan2	accepted	accept	CTGTGCTGGCATCACTGTCCTGG	1.2727
ref_multiple_v_single	accept	GuideScan2	accepted	accept	GCTGGCATCACTGTCCTGGTTGG	2.6232
ref_multiple_v_single	accept	GuideScan2	accepted	accept	CTGGCATCACTGTCCTGGTTGGG	2.2727
ref_multiple_v_single	accept	GuideScan2	accepted	accept	TGGCATCACTGTCCTGGTTGGGG	1.2857
ref_multiple_v_single	accept	GuideScan2	accepted	accept	GGCATCACTGTCCTGGTTGGGGG	1.7895
ref_multiple_v_single	accept	GuideScan2	accepted	accept	ACTGTCCTGGTTGGGGGCCCTGG	2.0721
ref_multiple_v_single	accept	GuideScan2	accepted	accept	CTGTCCTGGTTGGGGGCCCTGGG	3.0073
ref_multiple_v_single	accept	GuideScan2	accepted	accept	ATGACCCAGGGCCCCCAACCAGG	2.5785
present_v_absent	accept	kRISP-meR	rejected_side	reject	GGTCTTTGTATGTCTTTCGTGGG	1.0
present_v_absent	accept	kRISP-meR	accepted	accept	AGGTCTTTGTATGTCTTTCGTGG	1.0
present_v_absent	accept	kRISP-meR	accepted	accept	ACATACAAAGACCTGATATATGG	1.0
present_v_absent	accept	kRISP-meR	accepted	accept	ACCTGATATATGGATTAAAATGG	1.0
present_v_absent	accept	kRISP-meR	accepted	accept	GCCATTTTAATCCATATATCAGG	1.0
present_v_absent	accept	kRISP-meR	accepted	accept	TGCTGACCTCTTGGCCAAATAGG	1.0
present_v_absent	accept	kRISP-meR	accepted	accept	TTCTGTCCTATTTGGCCAAGAGG	1.0
present_v_absent	accept	kRISP-meR	accepted	accept	AAGCTGGCTTCTGTCCTATTTGG	1.0
present_v_absent	accept	kRISP-meR	rejected_side	reject	TAGGACAGAAGCCAGCTTGCAGG	1.8462
present_v_absent	accept	kRISP-meR	rejected_side	reject	AGGACAGAAGCCAGCTTGCAGGG	3.1993
present_v_absent	accept	kRISP-meR	rejected_side	reject	TAAGAAAGCAAAAGATGAAAAGG	3.1014
present_v_absent	accept	kRISP-meR	accepted	accept	AAGGCACACAGAGCCATTCTTGG	1.0
present_v_absent	accept	kRISP-meR	accepted	accept	GAATGGCTCTGTGTGCCTTATGG	1.0
present_v_absent	accept	kRISP-meR	accepted	accept	CTCTGTGTGCCTTATGGATGTGG	1.0
present_v_absent	accept	kRISP-meR	accepted	accept	CACGCTTGGCCACATCCATAAGG	1.0
present_v_absent	accept	kRISP-meR	accepted	accept	GGCACAGATGATTTCACGCTTGG	1.0
present_v_absent	accept	kRISP-meR	accepted	accept	CATCTGTGCCTTTGCCCCTCCGG	1.0
present_v_absent	accept	kRISP-meR	accepted	accept	ATCTGTGCCTTTGCCCCTCCGGG	1.0
present_v_absent	accept	kRISP-meR	accepted	accept	AAAGGCTCCCGGAGGGGCAAAGG	1.0
present_v_absent	accept	kRISP-meR	accepted	accept	CAGAGGAAAGGCTCCCGGAGGGG	1.0
present_v_absent	accept	kRISP-meR	accepted	accept	CCCTCCGGGAGCCTTTCCTCTGG	1.0
present_v_absent	accept	kRISP-meR	accepted	accept	TCCAGAGGAAAGGCTCCCGGAGG	1.2647
present_v_absent	accept	kRISP-meR	accepted	accept	TCCGGGAGCCTTTCCTCTGGAGG	1.0
present_v_absent	accept	kRISP-meR	accepted	accept	ACCTCCAGAGGAAAGGCTCCCGG	1.0
present_v_absent	accept	kRISP-meR	accepted	accept	CCTTTCCTCTGGAGGTCCCCTGG	1.0
present_v_absent	accept	kRISP-meR	accepted	accept	GGCTTCCAGGGGACCTCCAGAGG	1.4867
present_v_absent	accept	kRISP-meR	accepted	accept	CAGCAAACACTGGCTTCCAGGGG	1.1
present_v_absent	accept	kRISP-meR	rejected_side	reject	ACAGCAAACACTGGCTTCCAGGG	1.8571
present_v_absent	accept	kRISP-meR	rejected_side	reject	CACAGCAAACACTGGCTTCCAGG	1.4786
present_v_absent	accept	kRISP-meR	accepted	accept	TCTGGAGACACAGCAAACACTGG	1.0
present_v_absent	accept	kRISP-meR	accepted	accept	AGCAGGAAACATGGATGGTCTGG	1.0
present_v_absent	accept	kRISP-meR	accepted	accept	CTGCACCTGGAACCCGCCGCAGG	1.0
present_v_absent	accept	kRISP-meR	accepted	accept	TGCACCTGGAACCCGCCGCAGGG	1.0
present_v_absent	accept	kRISP-meR	accepted	accept	ACCTGGAACCCGCCGCAGGGAGG	1.0
present_v_absent	accept	kRISP-meR	accepted	accept	GAGCTGCATGCAGAAATGTAAGG	1.0
present_v_absent	accept	kRISP-meR	rejected_side	reject	AAATGTAAGGCAGTGCTTCCTGG	2.125
present_v_absent	accept	kRISP-meR	accepted	accept	GCAGTGCTTCCTGGCGCTGATGG	1.0
present_v_absent	accept	kRISP-meR	accepted	accept	TCCTGGCGCTGATGGCAAAATGG	1.0
present_v_absent	accept	kRISP-meR	accepted	accept	CCTGGCGCTGATGGCAAAATGGG	1.0
present_v_absent	accept	kRISP-meR	accepted	accept	ACCCATCTCCAGTTATTCCTCGG	1.0
present_v_absent	accept	kRISP-meR	accepted	accept	CCCATCTCCAGTTATTCCTCGGG	1.0
present_v_absent	accept	kRISP-meR	accepted	accept	GCCCGAGGAATAACTGGAGATGG	1.075
present_v_absent	accept	kRISP-meR	accepted	accept	TGGGGTGCCCGAGGAATAACTGG	1.0
present_v_absent	accept	kRISP-meR	accepted	accept	TTGCAAAGCTGGGGTGCCCGAGG	1.0974
present_v_absent	accept	kRISP-meR	accepted	accept	GCACCCCAGCTTTGCAAATCTGG	1.0
present_v_absent	accept	kRISP-meR	rejected_side	reject	CACCCCAGCTTTGCAAATCTGGG	1.56
present_v_absent	accept	kRISP-meR	accepted	accept	TTCCCAGATTTGCAAAGCTGGGG	1.0
present_v_absent	accept	kRISP-meR	accepted	accept	TTTCCCAGATTTGCAAAGCTGGG	1.0
present_v_absent	accept	kRISP-meR	accepted	accept	CTTTCCCAGATTTGCAAAGCTGG	1.1697
present_v_absent	accept	kRISP-meR	accepted	accept	AAGAACCTACATAAACATATTGG	1.0
present_v_absent	accept	kRISP-meR	accepted	accept	CATCACCAATATGTTTATGTAGG	1.0
present_v_absent	accept	kRISP-meR	accepted	accept	GGTGATGTAGCCAGCTTAAAAGG	1.0364
present_v_absent	accept	kRISP-meR	rejected_side	reject	GCTGGTGTCTTTGAGGTCAGTGG	12.5809
present_v_absent	accept	kRISP-meR	rejected_side	reject	CTGGTGTCTTTGAGGTCAGTGGG	12.7785
present_v_absent	accept	kRISP-meR	rejected_side	reject	TATCAAAGTCCATTGTTACTAGG	3.7143
present_v_absent	accept	kRISP-meR	rejected_side	reject	AAAGTCCATTGTTACTAGGTTGG	5.0
present_v_absent	accept	kRISP-meR	rejected_side	reject	GGGGCGGACAGGAATTGAAGCGG	1.0
present_v_absent	accept	kRISP-meR	rejected_side	reject	GGTGGGCGTGGGGGGCGGACAGG	1.4911
present_v_absent	accept	kRISP-meR	rejected_side	reject	GTTGAGGTGGGCGTGGGGGGCGG	1.6412
present_v_absent	accept	kRISP-meR	rejected_side	reject	CACGTTGAGGTGGGCGTGGGGGG	1.0
present_v_absent	accept	kRISP-meR	rejected_side	reject	CCCCCACGCCCACCTCAACGTGG	1.0
present_v_absent	accept	kRISP-meR	accepted	accept	CTGATCCTGTACCGGAAGAGCGG	1.0
present_v_absent	accept	kRISP-meR	accepted	accept	GCTCCCGTTCTGGTGTCTCCTGG	1.0
present_v_absent	accept	kRISP-meR	accepted	accept	CATCCAGGAGACACCAGAACGGG	1.0
present_v_absent	accept	kRISP-meR	accepted	accept	ACATCCAGGAGACACCAGAACGG	1.0
present_v_absent	accept	kRISP-meR	accepted	accept	TCTTTATGGGTATCACATCCAGG	1.0
present_v_absent	accept	kRISP-meR	accepted	accept	ATACCCATAAAGAATGAGAAAGG	1.0
present_v_absent	accept	kRISP-meR	accepted	accept	TACCCATAAAGAATGAGAAAGGG	1.0
present_v_absent	accept	kRISP-meR	accepted	accept	ACCCATAAAGAATGAGAAAGGGG	1.0
present_v_absent	accept	kRISP-meR	rejected_side	reject	TCCCCTTTCTCATTCTTTATGGG	3.0753
present_v_absent	accept	kRISP-meR	rejected_side	reject	CTCCCCTTTCTCATTCTTTATGG	3.2381
present_v_absent	accept	kRISP-meR	rejected_side	reject	CATAAAGAATGAGAAAGGGGAGG	3.3217
present_v_absent	accept	kRISP-meR	rejected_side	reject	AAAGAATGAGAAAGGGGAGGTGG	6.9522
present_v_absent	accept	kRISP-meR	accepted	accept	TCTCTTCCTAGTCTCTCACAAGG	1.0
present_v_absent	accept	kRISP-meR	accepted	accept	TGATGTCCTTGTGAGAGACTAGG	1.0
present_v_absent	accept	kRISP-meR	accepted	accept	ATCAGCGAAACCAAGAACCGAGG	1.0
present_v_absent	accept	kRISP-meR	accepted	accept	TCAGCGAAACCAAGAACCGAGGG	1.125
present_v_absent	accept	kRISP-meR	accepted	accept	CAGCGAAACCAAGAACCGAGGGG	1.1333
present_v_absent	accept	kRISP-meR	accepted	accept	AGCGAAACCAAGAACCGAGGGGG	1.0
present_v_absent	accept	kRISP-meR	accepted	accept	GTCGGGGCCCCCTCGGTTCTTGG	1.0
present_v_absent	accept	kRISP-meR	accepted	accept	GGACGGAGCAGGCTTGGCCGTGG	1.1048
present_v_absent	accept	kRISP-meR	accepted	accept	GGCCAAGCCTGCTCCGTCCTCGG	1.0
present_v_absent	accept	kRISP-meR	accepted	accept	GTCCGAGGACGGAGCAGGCTTGG	1.0
present_v_absent	accept	kRISP-meR	accepted	accept	AGCCTGCTCCGTCCTCGGACAGG	1.0
present_v_absent	accept	kRISP-meR	accepted	accept	TTCCTGTCCGAGGACGGAGCAGG	1.0
present_v_absent	accept	kRISP-meR	rejected_side	reject	GCCCGCGCAGAGTCCTGGGCCGG	1.0
present_v_absent	accept	kRISP-meR	accepted	accept	CGGCGCCCGCGCAGAGTCCTGGG	1.0
present_v_absent	accept	kRISP-meR	rejected_side	reject	CCAGGACTCTGCGCGGGCGCCGG	1.3702
present_v_absent	accept	kRISP-meR	accepted	accept	GCGCCGGCTCATGAGTTTGCTGG	1.0
present_v_absent	accept	kRISP-meR	accepted	accept	CCGGCTCATGAGTTTGCTGGCGG	1.0
present_v_absent	accept	kRISP-meR	accepted	accept	GCTCATGAGTTTGCTGGCGGAGG	1.0
present_v_absent	accept	kRISP-meR	accepted	accept	GAGTTTGCTGGCGGAGGCCGCGG	1.2521
present_v_absent	accept	kRISP-meR	accepted	accept	AGTTTGCTGGCGGAGGCCGCGGG	1.0
present_v_absent	accept	kRISP-meR	accepted	accept	TTGCTGGCGGAGGCCGCGGGCGG	1.0
present_v_absent	accept	kRISP-meR	accepted	accept	TGCTGGCGGAGGCCGCGGGCGGG	1.0
present_v_absent	accept	kRISP-meR	rejected_side	reject	GGCCGCGGGCGGGAGCTTCTCGG	1.6667
present_v_absent	accept	kRISP-meR	accepted	accept	AACCGAGAAGCTCCCGCCCGCGG	1.0
present_v_absent	accept	kRISP-meR	accepted	accept	CTTCTCGGTTCAGTCCAAGTAGG	1.0
present_v_absent	accept	kRISP-meR	accepted	accept	TTCTCGGTTCAGTCCAAGTAGGG	1.0
present_v_absent	accept	kRISP-meR	accepted	accept	TCGGTTCAGTCCAAGTAGGGCGG	1.0
present_v_absent	accept	kRISP-meR	accepted	accept	CGGTTCAGTCCAAGTAGGGCGGG	1.3061
present_v_absent	accept	kRISP-meR	accepted	accept	CAGTCCAAGTAGGGCGGGCGCGG	1.0
present_v_absent	accept	kRISP-meR	accepted	accept	CCAAGTAGGGCGGGCGCGGCCGG	1.0
present_v_absent	accept	kRISP-meR	rejected_side	reject	GTAGGGCGGGCGCGGCCGGCCGG	1.0
present_v_absent	accept	kRISP-meR	rejected_side	reject	TAGGGCGGGCGCGGCCGGCCGGG	1.0
present_v_absent	accept	kRISP-meR	rejected_side	reject	GGCGGGCGCGGCCGGCCGGGCGG	3.9972
present_v_absent	accept	kRISP-meR	rejected_side	reject	GCGGGCGCGGCCGGCCGGGCGGG	5.376
present_v_absent	accept	kRISP-meR	rejected_side	reject	CGGGCGCGGCCGGCCGGGCGGGG	4.5582
present_v_absent	accept	kRISP-meR	rejected_side	reject	GCGCGGCCGGCCGGGCGGGGCGG	7.4626
present_v_absent	accept	kRISP-meR	rejected_side	reject	CGCGGCCGGCCGGGCGGGGCGGG	4.2343
present_v_absent	accept	kRISP-meR	rejected_side	reject	CCGGCCGGGCGGGGCGGGAACGG	1.3692
present_v_absent	accept	kRISP-meR	rejected_side	reject	CGGCCGGGCGGGGCGGGAACGGG	1.4945
present_v_absent	accept	kRISP-meR	rejected_side	reject	GGCCGGGCGGGGCGGGAACGGGG	4.6041
present_v_absent	accept	kRISP-meR	rejected_side	reject	GGCCCCGTTCCCGCCCCGCCCGG	2.0048
present_v_absent	accept	kRISP-meR	rejected_side	reject	GGAACGGGGCCACTGCGAGCCGG	1.0
present_v_absent	accept	kRISP-meR	rejected_side	reject	ACGGGGCCACTGCGAGCCGGCGG	1.0
present_v_absent	accept	kRISP-meR	rejected_side	reject	GGGCCACTGCGAGCCGGCGGAGG	1.0
present_v_absent	accept	kRISP-meR	rejected_side	reject	GAGCCTCCGCCGGCTCGCAGTGG	1.0
present_v_absent	accept	kRISP-meR	rejected_side	reject	ACTGCGAGCCGGCGGAGGCTCGG	1.0
present_v_absent	accept	kRISP-meR	rejected_side	reject	AATGAACTTAAAAGGTTGTGCGG	4.5337
present_v_absent	accept	kRISP-meR	rejected_side	reject	CTTGATATTTTGAAGAAATGAGG	5.4054
present_v_absent	accept	kRISP-meR	rejected_side	reject	TTCTTCAAAATATCAAGTGTTGG	2.0
present_v_absent	accept	kRISP-meR	rejected_side	reject	TCTTCAAAATATCAAGTGTTGGG	2.0
present_v_absent	accept	kRISP-meR	rejected_side	reject	CAAGTGTTGGGAAAGAAAAAAGG	2.7291
present_v_absent	accept	kRISP-meR	rejected_side	reject	TTGGGAAAGAAAAAAGGAAGTGG	4.1679
present_v_absent	accept	kRISP-meR	rejected_side	reject	AAAGAAAAAAGGAAGTGGAATGG	10.4535
present_v_absent	accept	kRISP-meR	rejected_side	reject	AAGAAAAAAGGAAGTGGAATGGG	3.8965
present_v_absent	accept	kRISP-meR	rejected_side	reject	AAAATATTTCACATTGCATTTGG	2.634
present_v_absent	accept	kRISP-meR	rejected_side	reject	TGCAATGTGAAATATTTTACTGG	2.84
present_v_absent	accept	kRISP-meR	rejected_side	reject	AGTATGGCAAAAGCATTCATTGG	2.2571
present_v_absent	accept	kRISP-meR	rejected_side	reject	GGACCCCGGCCTGTACTTGAAGG	1.0
present_v_absent	accept	kRISP-meR	rejected_side	reject	TTCAAGTACAGGCCGGGGTCCGG	1.0
present_v_absent	accept	kRISP-meR	rejected_side	reject	TACAGGCCGGGGTCCGGAAGCGG	1.0
present_v_absent	accept	kRISP-meR	rejected_side	reject	GTATCACCGCTTCCGGACCCCGG	1.0
present_v_absent	accept	kRISP-meR	rejected_side	reject	AGAAGGGGTATCACCGCTTCCGG	1.0
present_v_absent	accept	kRISP-meR	rejected_side	reject	ATACCCCTTCTCTTTCCCAGTGG	1.1641
present_v_absent	accept	kRISP-meR	rejected_side	reject	GGGCCACTGGGAAAGAGAAGGGG	1.0
present_v_absent	accept	kRISP-meR	rejected_side	reject	AGGGCCACTGGGAAAGAGAAGGG	1.6818
present_v_absent	accept	kRISP-meR	rejected_side	reject	GAGGGCCACTGGGAAAGAGAAGG	2.1923
present_v_absent	accept	kRISP-meR	rejected_side	reject	AAGGAAGTTTGAGGGCCACTGGG	1.0
present_v_absent	accept	kRISP-meR	rejected_side	reject	AAAGGAAGTTTGAGGGCCACTGG	1.0
present_v_absent	accept	kRISP-meR	rejected_side	reject	GCCCTCAAACTTCCTTTTCCCGG	1.0
present_v_absent	accept	kRISP-meR	rejected_side	reject	CCCTCAAACTTCCTTTTCCCGGG	1.2098
present_v_absent	accept	kRISP-meR	rejected_side	reject	ACCCGGGAAAAGGAAGTTTGAGG	1.0
present_v_absent	accept	kRISP-meR	rejected_side	reject	CCTTTTCCCGGGTCCTTAAGCGG	1.0
present_v_absent	accept	kRISP-meR	rejected_side	reject	CTTTTCCCGGGTCCTTAAGCGGG	1.0
present_v_absent	accept	kRISP-meR	rejected_side	reject	CGGGGCCCGCTTAAGGACCCGGG	1.0
present_v_absent	accept	kRISP-meR	rejected_side	reject	GCGGGGCCCGCTTAAGGACCCGG	1.0
present_v_absent	accept	kRISP-meR	rejected_side	reject	CTGTCGGCGGGGCCCGCTTAAGG	1.0
present_v_absent	accept	kRISP-meR	rejected_side	reject	TAAGCGGGCCCCGCCGACAGAGG	1.0
present_v_absent	accept	kRISP-meR	rejected_side	reject	CTGATTGGCCTCTGTCGGCGGGG	1.0
present_v_absent	accept	kRISP-meR	rejected_side	reject	TCTGATTGGCCTCTGTCGGCGGG	1.0
present_v_absent	accept	kRISP-meR	rejected_side	reject	CTCTGATTGGCCTCTGTCGGCGG	1.0
present_v_absent	accept	kRISP-meR	rejected_side	reject	CGCCGACAGAGGCCAATCAGAGG	1.0
present_v_absent	accept	kRISP-meR	rejected_side	reject	GCCGACAGAGGCCAATCAGAGGG	1.0
present_v_absent	accept	kRISP-meR	rejected_side	reject	GCCCTCTGATTGGCCTCTGTCGG	1.0
present_v_absent	accept	kRISP-meR	rejected_side	reject	GCCAATCAGAGGGCAGCGCGAGG	1.0
present_v_absent	accept	kRISP-meR	rejected_side	reject	CCAATCAGAGGGCAGCGCGAGGG	1.0
present_v_absent	accept	kRISP-meR	rejected_side	reject	CAATCAGAGGGCAGCGCGAGGGG	1.0
present_v_absent	accept	kRISP-meR	rejected_side	reject	AATCAGAGGGCAGCGCGAGGGGG	1.0
present_v_absent	accept	kRISP-meR	rejected_side	reject	CAGAGGGCAGCGCGAGGGGGCGG	1.5486
present_v_absent	accept	kRISP-meR	rejected_side	reject	AGAGGGCAGCGCGAGGGGGCGGG	1.4062
present_v_absent	accept	kRISP-meR	rejected_side	reject	GAGGGCAGCGCGAGGGGGCGGGG	1.7002
present_v_absent	accept	kRISP-meR	accepted	accept	GGGTGAGTGCTACAGCTTAGGGG	1.0
present_v_absent	accept	kRISP-meR	accepted	accept	GCTACAGCTTAGGGGTCAGCTGG	1.0
present_v_absent	accept	kRISP-meR	accepted	accept	CTACAGCTTAGGGGTCAGCTGGG	1.0
present_v_absent	accept	kRISP-meR	accepted	accept	TACAGCTTAGGGGTCAGCTGGGG	1.0
present_v_absent	accept	kRISP-meR	accepted	accept	GTCAGCTGGGGCAGAAAGCCAGG	1.0
present_v_absent	accept	kRISP-meR	rejected_side	reject	GTGACTCAGCTGCCATGAGCTGG	1.0
present_v_absent	accept	kRISP-meR	rejected_side	reject	TGACTCAGCTGCCATGAGCTGGG	1.0
present_v_absent	accept	kRISP-meR	rejected_side	reject	TTTGAAACTCTCCCAGCTCATGG	1.0
present_v_absent	accept	kRISP-meR	rejected_side	reject	TGGTCAGGTAGCTGCTTAGAGGG	1.0
present_v_absent	accept	kRISP-meR	accepted	accept	ATGGTCAGGTAGCTGCTTAGAGG	1.0
present_v_absent	accept	kRISP-meR	rejected_side	reject	AAGCAGCTACCTGACCATTTTGG	1.35
present_v_absent	accept	kRISP-meR	accepted	accept	TACCTGACCATTTTGGCCAGAGG	1.0
present_v_absent	accept	kRISP-meR	rejected_side	reject	CACCTCTGGCCAAAATGGTCAGG	1.4286
present_v_absent	accept	kRISP-meR	rejected_side	reject	CTGACCATTTTGGCCAGAGGTGG	1.4545
present_v_absent	accept	kRISP-meR	accepted	accept	AAATCCACCTCTGGCCAAAATGG	1.1678
present_v_absent	accept	kRISP-meR	accepted	accept	GAGAGACGAAAATCCACCTCTGG	1.1224
present_v_absent	accept	kRISP-meR	accepted	accept	GATTTTCGTCTCTCCCCATTTGG	1.0
present_v_absent	accept	kRISP-meR	accepted	accept	ATTTTCGTCTCTCCCCATTTGGG	1.0
present_v_absent	accept	kRISP-meR	accepted	accept	GGCAGAAGTGGGCCCAAATGGGG	1.0
present_v_absent	accept	kRISP-meR	accepted	accept	TGGCAGAAGTGGGCCCAAATGGG	1.0
present_v_absent	accept	kRISP-meR	accepted	accept	TTGGCAGAAGTGGGCCCAAATGG	1.0
present_v_absent	accept	kRISP-meR	accepted	accept	TGGTTGGGGTTGGCAGAAGTGGG	1.0
present_v_absent	accept	kRISP-meR	accepted	accept	ATGGTTGGGGTTGGCAGAAGTGG	1.0
present_v_absent	accept	kRISP-meR	rejected_side	reject	ATCAGGAACATGGTTGGGGTTGG	2.3353
present_v_absent	accept	kRISP-meR	rejected_side	reject	GGCAATCAGGAACATGGTTGGGG	11.734
present_v_absent	accept	kRISP-meR	rejected_side	reject	AGGCAATCAGGAACATGGTTGGG	12.4625
present_v_absent	accept	kRISP-meR	rejected_side	reject	TAGGCAATCAGGAACATGGTTGG	9.762
present_v_absent	accept	kRISP-meR	accepted	accept	ATGTCCTCTACATCAACGGCGGG	1.0
present_v_absent	accept	kRISP-meR	accepted	accept	GGTGCCCGCCGTTGATGTAGAGG	1.0
present_v_absent	accept	kRISP-meR	accepted	accept	TCAACGGCGGGCACCCTCCCTGG	1.0
present_v_absent	accept	kRISP-meR	rejected_side	reject	TCAAATAAAGATAGATGAGATGG	1.5192
present_v_absent	accept	kRISP-meR	accepted	accept	CGATAACTGCCTCACTGAGATGG	1.0
present_v_absent	accept	kRISP-meR	rejected_side	reject	TGAAGAGAAAAACAATCCTGTGG	1.7059
present_v_absent	accept	kRISP-meR	accepted	accept	AAAACAATCCTGTGGAAGAATGG	1.26
present_v_absent	accept	kRISP-meR	accepted	accept	AAACAATCCTGTGGAAGAATGGG	1.0824
present_v_absent	accept	kRISP-meR	accepted	accept	TCAGAATCCCATTCTTCCACAGG	1.0
present_v_absent	accept	kRISP-meR	accepted	accept	GTCCGCTCTAAGAAAATCACTGG	1.0
present_v_absent	accept	kRISP-meR	rejected_side	reject	ATCCAGTGATTTTCTTAGAGCGG	1.5
present_v_absent	accept	kRISP-meR	accepted	accept	GGCTCAGAAAAAGGTGTTCTTGG	1.0
present_v_absent	accept	kRISP-meR	rejected_side	reject	AAATAAGCTAAAATCAATTAAGG	2.7029
present_v_absent	accept	kRISP-meR	accepted	accept	AGCTAAAATCAATTAAGGCACGG	1.0
present_v_absent	accept	kRISP-meR	accepted	accept	CATTGGTGGCTTCAAGTGTTAGG	1.0
present_v_absent	accept	kRISP-meR	accepted	accept	CTTGAAAACTGAGGCATTGGTGG	1.0
present_v_absent	accept	kRISP-meR	accepted	accept	GTACTTGAAAACTGAGGCATTGG	1.0
present_v_absent	accept	kRISP-meR	accepted	accept	AATATAGTACTTGAAAACTGAGG	1.1345
present_v_absent	accept	kRISP-meR	accepted	accept	CCTACGTCATCTATGGGTTCTGG	1.0
present_v_absent	accept	kRISP-meR	accepted	accept	TCTATGGGTTCTGGTAGTCCTGG	1.0
present_v_absent	accept	kRISP-meR	accepted	accept	CTATGGGTTCTGGTAGTCCTGGG	1.0
present_v_absent	accept	kRISP-meR	accepted	accept	GGTTCTGGTAGTCCTGGGAGAGG	1.0
present_v_absent	accept	kRISP-meR	accepted	accept	CTGGTAGTCCTGGGAGAGGCAGG	1.1875
present_v_absent	accept	kRISP-meR	accepted	accept	TGGTAGTCCTGGGAGAGGCAGGG	1.0
present_v_absent	accept	kRISP-meR	accepted	accept	GACATTTCCCTGCCTCTCCCAGG	1.2491
present_v_absent	accept	kRISP-meR	accepted	accept	AATGTCCTCGAAAAAGAAAAAGG	1.0
present_v_absent	accept	kRISP-meR	accepted	accept	ATGTCCTCGAAAAAGAAAAAGGG	1.0
present_v_absent	accept	kRISP-meR	accepted	accept	TGTCCTCGAAAAAGAAAAAGGGG	1.0
present_v_absent	accept	kRISP-meR	accepted	accept	CAGCCCCTTTTTCTTTTTCGAGG	1.0
present_v_absent	accept	kRISP-meR	accepted	accept	AAAAAGGGGCTGCTTTCCAAAGG	2.1273
present_v_absent	accept	kRISP-meR	rejected_side	reject	TTTCAGCAGTTTCTTGCCTTTGG	1.5309
present_v_absent	accept	kRISP-meR	accepted	accept	CAAGAAACTGCTGAAAAAGCTGG	1.0
present_v_absent	accept	kRISP-meR	rejected_side	reject	AAGAAACTGCTGAAAAAGCTGGG	2.7873
present_v_absent	accept	kRISP-meR	accepted	accept	TGAAATGATTCATGTGCTTCCGG	1.0
present_v_absent	accept	kRISP-meR	accepted	accept	TTCAAGTACCCACTGGACCATGG	1.0
present_v_absent	accept	kRISP-meR	accepted	accept	CTGCAAAACCATGGTCCAGTGGG	1.0
present_v_absent	accept	kRISP-meR	accepted	accept	CCACTGGACCATGGTTTTGCAGG	1.0
present_v_absent	accept	kRISP-meR	accepted	accept	TCACATTTCCTGCAAAACCATGG	1.3308
present_v_absent	accept	kRISP-meR	accepted	accept	GGGTCTGTAACTTACTGAAAAGG	1.0
present_v_absent	accept	kRISP-meR	rejected_side	reject	AAAGAGTAGAACAAGGAATTGGG	9.6731
present_v_absent	accept	kRISP-meR	rejected_side	reject	AGCGAGGAAAGAGTAGAACAAGG	12.0044
present_v_absent	accept	kRISP-meR	accepted	accept	AAGGACAGTAGTGAGCAGCGAGG	1.0
present_v_absent	accept	kRISP-meR	rejected_side	reject	ACGTGGGACACTCGATGTCCAGG	2.5444
present_v_absent	accept	kRISP-meR	rejected_side	reject	CGACTGAGGTTGGTGTACGTGGG	3.3162
present_v_absent	accept	kRISP-meR	rejected_side	reject	ACGACTGAGGTTGGTGTACGTGG	4.4647
present_v_absent	accept	kRISP-meR	rejected_side	reject	AAATCACAGGGAGGCCGTGATGG	4.5667
present_v_absent	accept	kRISP-meR	rejected_side	reject	ACGGCCTCCCTGTGATTTGATGG	3.1894
present_v_absent	accept	kRISP-meR	rejected_side	reject	CGGCCTCCCTGTGATTTGATGGG	2.2641
present_v_absent	accept	kRISP-meR	rejected_side	reject	GGCCTCCCTGTGATTTGATGGGG	1.9625
present_v_absent	accept	kRISP-meR	rejected_side	reject	GGCCCCATCAAATCACAGGGAGG	4.2235
present_v_absent	accept	kRISP-meR	rejected_side	reject	CAGGGCCCCATCAAATCACAGGG	5.1481
present_v_absent	accept	kRISP-meR	rejected_side	reject	TCAGGGCCCCATCAAATCACAGG	4.5357
present_v_absent	accept	kRISP-meR	accepted	accept	TAGGGCTGCCCGGACAGCGGCGG	1.1875
present_v_absent	accept	kRISP-meR	rejected_side	reject	AGCTAGGGCTGCCCGGACAGCGG	1.9
present_v_absent	accept	kRISP-meR	rejected_side	reject	TGGCTGGAGCTAGGGCTGCCCGG	1.8
present_v_absent	accept	kRISP-meR	accepted	accept	GACGCGGGTGGCTGGAGCTAGGG	1.0
present_v_absent	accept	kRISP-meR	accepted	accept	CGACGCGGGTGGCTGGAGCTAGG	1.0
present_v_absent	accept	kRISP-meR	accepted	accept	TGGGGCAGCTGGGGCGACGCGGG	1.0
present_v_absent	accept	kRISP-meR	accepted	accept	CTGGGGCAGCTGGGGCGACGCGG	1.0
present_v_absent	accept	kRISP-meR	rejected_side	reject	GCCCCAGCTGCCCCAGTCGCTGG	3.2543
present_v_absent	accept	kRISP-meR	rejected_side	reject	TCCAGCGACTGGGGCAGCTGGGG	2.7834
present_v_absent	accept	kRISP-meR	rejected_side	reject	GTCCAGCGACTGGGGCAGCTGGG	1.0
present_v_absent	accept	kRISP-meR	rejected_side	reject	AGTCCAGCGACTGGGGCAGCTGG	1.0
present_v_absent	accept	kRISP-meR	rejected_side	reject	TGCCCCAGTCGCTGGACTCGCGG	1.0
present_v_absent	accept	kRISP-meR	rejected_side	reject	GGCCGCGAGTCCAGCGACTGGGG	1.0
present_v_absent	accept	kRISP-meR	accepted	accept	AGGCCGCGAGTCCAGCGACTGGG	1.0
present_v_absent	accept	kRISP-meR	accepted	accept	GAGGCCGCGAGTCCAGCGACTGG	1.0
present_v_absent	accept	kRISP-meR	accepted	accept	TGCAGATGTTCTGAGGAGAGTGG	1.0
present_v_absent	accept	kRISP-meR	accepted	accept	CATCGAGTGAGTGTTTTAGGAGG	1.0
present_v_absent	accept	kRISP-meR	accepted	accept	ATTCATCGAGTGAGTGTTTTAGG	1.0
present_v_absent	accept	kRISP-meR	rejected_side	reject	ATTGTTTAAGAAATATTTCATGG	1.9333
present_v_absent	accept	kRISP-meR	rejected_side	reject	AATATTTCTTAAACAATTCAAGG	2.3891
present_v_absent	accept	kRISP-meR	accepted	accept	AAACAATTCAAGGATCAATCAGG	1.4667
present_v_absent	accept	kRISP-meR	accepted	accept	AGTGAAGCCCGAATTGTTTTCGG	1.0
present_v_absent	accept	kRISP-meR	accepted	accept	AAGATTGCCGAAAACAATTCGGG	1.0
present_v_absent	accept	kRISP-meR	accepted	accept	AAAGATTGCCGAAAACAATTCGG	1.0
present_v_absent	accept	kRISP-meR	accepted	accept	TTTCGGCAATCTTTGTTTTTAGG	1.0
present_v_absent	accept	kRISP-meR	rejected_side	reject	GTATACTTAAAAAAATATGAAGG	2.5877
present_v_absent	accept	kRISP-meR	rejected_side	reject	AAAAAAATATGAAGGTGAGCAGG	2.6935
present_v_absent	accept	kRISP-meR	accepted	accept	TTCTAACTTGGTGTTGACACAGG	1.1837
present_v_absent	accept	kRISP-meR	rejected_side	reject	AAACGTTCTCTTTTCTAACTTGG	2.36
present_v_absent	accept	kRISP-meR	accepted	accept	CGTTTTCAAGTCAGTACCTCAGG	1.0
present_v_absent	accept	kRISP-meR	rejected_side	reject	TCAGTACCTCAGGAGCCCCTTGG	2.3934
present_v_absent	accept	kRISP-meR	accepted	accept	CAGTACCTCAGGAGCCCCTTGGG	1.0
present_v_absent	accept	kRISP-meR	accepted	accept	GGGTTCCCAAGGGGCTCCTGAGG	1.0
present_v_absent	accept	kRISP-meR	accepted	accept	ATCTAGGAGGGGTTCCCAAGGGG	1.0
present_v_absent	accept	kRISP-meR	accepted	accept	GATCTAGGAGGGGTTCCCAAGGG	1.0
present_v_absent	accept	kRISP-meR	accepted	accept	TGATCTAGGAGGGGTTCCCAAGG	1.0
present_v_absent	accept	kRISP-meR	accepted	accept	AAGGAGATGTGATCTAGGAGGGG	1.1429
present_v_absent	accept	kRISP-meR	rejected_side	reject	GAAGGAGATGTGATCTAGGAGGG	1.7333
present_v_absent	accept	kRISP-meR	accepted	accept	TGAAGGAGATGTGATCTAGGAGG	1.0
present_v_absent	accept	kRISP-meR	rejected_side	reject	CAGTGAAGGAGATGTGATCTAGG	2.0
present_v_absent	accept	kRISP-meR	accepted	accept	ATTATGCTGTTGACAGTAGATGG	1.0
present_v_absent	accept	kRISP-meR	accepted	accept	TAATAGCAGATAATATTTCTTGG	1.2069
present_v_absent	accept	kRISP-meR	accepted	accept	TAGCAGATAATATTTCTTGGTGG	1.0
present_v_absent	accept	kRISP-meR	rejected_side	reject	ATTATACTTTCAACAGATGTTGG	1.8667
present_v_absent	accept	kRISP-meR	accepted	accept	AACATCTGTTGAAAGTATAATGG	1.0
present_v_absent	accept	kRISP-meR	accepted	accept	AGTAGGTGGTTTACAATATTAGG	1.0
present_v_absent	accept	kRISP-meR	accepted	accept	TGTAAACCACCTACTAACCCAGG	1.0
present_v_absent	accept	kRISP-meR	rejected_side	reject	GCAGGCAGATCTGGTGTCTGAGG	6.3154
present_v_absent	accept	kRISP-meR	rejected_side	not_generated	GATCAAGGTGCAGGCAGATCTGG	53.0675
present_v_absent	accept	kRISP-meR	rejected_side	reject	TTTCTTTCTTAGAGTTCTGAAGG	27.7319
present_v_absent	accept	kRISP-meR	rejected_side	reject	TCAGAACTCTAAGAAAGAAATGG	1.8196
present_v_absent	accept	kRISP-meR	rejected_side	reject	CTAAGAAAGAAATGGTAGCATGG	1.9218
present_v_absent	accept	kRISP-meR	accepted	accept	AAAGAAATGGTAGCATGGCTTGG	1.0
present_v_absent	accept	kRISP-meR	rejected_side	reject	TAGCATGGCTTGGTCTAAGTTGG	1.6797
present_v_absent	accept	kRISP-meR	accepted	accept	ATGGCTTGGTCTAAGTTGGAAGG	1.0
present_v_absent	accept	kRISP-meR	accepted	accept	AGGCCTGAGAAACAAGCACATGG	1.0
present_v_absent	accept	kRISP-meR	rejected_side	reject	CCTGAGAAACAAGCACATGGTGG	1.6122
present_v_absent	accept	kRISP-meR	accepted	accept	ACATGGTGGAACTGAGTTCAAGG	1.2889
present_v_absent	accept	kRISP-meR	rejected_side	reject	AACATACATTGTGACTATGGTGG	3.6786
present_v_absent	accept	kRISP-meR	rejected_side	reject	ACATACATTGTGACTATGGTGGG	5.9933
present_v_absent	accept	kRISP-meR	rejected_side	reject	CATACATTGTGACTATGGTGGGG	6.4858
present_v_absent	accept	kRISP-meR	rejected_side	reject	GGTGGGGAACCTGCTCATTGTGG	11.4034
present_v_absent	accept	kRISP-meR	rejected_side	reject	TAATAGTCACCACAATGAGCAGG	10.1263
present_v_absent	accept	kRISP-meR	rejected_side	reject	TATTATTGCCACCCCATCCTTGG	3.8877
present_v_absent	accept	kRISP-meR	rejected_side	reject	ATTATTGCCACCCCATCCTTGGG	2.4887
present_v_absent	accept	kRISP-meR	rejected_side	reject	TGGGGAGCCCAAGGATGGGGTGG	1.75
present_v_absent	accept	kRISP-meR	rejected_side	reject	CATTGGGGAGCCCAAGGATGGGG	2.8624
present_v_absent	accept	kRISP-meR	rejected_side	reject	ACATTGGGGAGCCCAAGGATGGG	5.4023
present_v_absent	accept	kRISP-meR	rejected_side	reject	TACATTGGGGAGCCCAAGGATGG	8.3606
present_v_absent	accept	kRISP-meR	rejected_side	reject	AAAGTACATTGGGGAGCCCAAGG	7.0637
present_v_absent	accept	kRISP-meR	rejected_side	reject	GGCAAGGAAAAAGTACATTGGGG	8.3864
present_v_absent	accept	kRISP-meR	rejected_side	reject	AGGCAAGGAAAAAGTACATTGGG	8.1128
present_v_absent	accept	kRISP-meR	rejected_side	reject	CAGGCAAGGAAAAAGTACATTGG	5.6919
present_v_absent	accept	kRISP-meR	rejected_side	reject	CTATAAATGACAGGCAGGCAAGG	9.4534
present_v_absent	accept	kRISP-meR	rejected_side	reject	AGCATCTATAAATGACAGGCAGG	11.8451
present_v_absent	accept	kRISP-meR	rejected_side	reject	ACACAGCATCTATAAATGACAGG	10.936
present_v_absent	accept	kRISP-meR	rejected_side	reject	CAATTTGGGATAAATGGTGGTGG	1.8834
present_v_absent	accept	kRISP-meR	rejected_side	reject	CACCACCATTTATCCCAAATTGG	1.7143
present_v_absent	accept	kRISP-meR	accepted	accept	AACCAATTTGGGATAAATGGTGG	1.1143
present_v_absent	accept	kRISP-meR	accepted	accept	ACGGCAAACAGACAGAGGCCAGG	1.0
present_v_absent	accept	kRISP-meR	accepted	accept	TGGCCTCTGTCTGTTTGCCGTGG	1.0
present_v_absent	accept	kRISP-meR	accepted	accept	GCTCCACGGCAAACAGACAGAGG	1.0
present_v_absent	accept	kRISP-meR	accepted	accept	TGTCTGTTTGCCGTGGAGCCTGG	1.0
present_v_absent	accept	kRISP-meR	accepted	accept	CTGTTTGCCGTGGAGCCTGGTGG	1.0
present_v_absent	accept	kRISP-meR	accepted	accept	GTTAGCACCACCAGGCTCCACGG	1.0
present_v_absent	accept	kRISP-meR	accepted	accept	GTGGAGCCTGGTGGTGCTAACGG	1.0
present_v_absent	accept	kRISP-meR	rejected_side	reject	GACTTCTGAAGAGGAAATGGTGG	2.1081
present_v_absent	accept	kRISP-meR	rejected_side	reject	CTGGACTTCTGAAGAGGAAATGG	1.8742
present_v_absent	accept	kRISP-meR	accepted	accept	ACAGCTCTGGACTTCTGAAGAGG	1.0
present_v_absent	accept	kRISP-meR	rejected_side	reject	CTTCAGAAGTCCAGAGCTGTTGG	1.7143
present_v_absent	accept	kRISP-meR	accepted	accept	TTCAGAAGTCCAGAGCTGTTGGG	1.0
present_v_absent	accept	kRISP-meR	rejected_side	reject	GGAGACACAAGCATCGGGACAGG	1.5123
present_v_absent	accept	kRISP-meR	accepted	accept	CGAGTGGAGACACAAGCATCGGG	1.0
present_v_absent	accept	kRISP-meR	accepted	accept	CCGATGCTTGTGTCTCCACTCGG	1.0
present_v_absent	accept	kRISP-meR	rejected_side	reject	ACTGGAAGCTCCAGGAACACAGG	2.9029
present_v_absent	accept	kRISP-meR	rejected_side	reject	CTGGAAGCTCCAGGAACACAGGG	3.1023
present_v_absent	accept	kRISP-meR	rejected_side	reject	AGACACAGTCCCTGTGTTCCTGG	2.6205
present_v_absent	accept	kRISP-meR	accepted	accept	TGGAGACTCGGTGGTGAGCAAGG	1.0
present_v_absent	accept	kRISP-meR	accepted	accept	TTTTGGTGCTGGAGACTCGGTGG	1.0
present_v_absent	accept	kRISP-meR	accepted	accept	TGTTTTTGGTGCTGGAGACTCGG	1.0
present_v_absent	accept	kRISP-meR	rejected_side	reject	TCAGGCACTGTTTTTGGTGCTGG	16.3089
present_v_absent	accept	kRISP-meR	rejected_side	reject	CTATGTTCAGGCACTGTTTTTGG	1.6667
present_v_absent	accept	kRISP-meR	accepted	accept	AAAACAGTGCCTGAACATAGCGG	1.3846
present_v_absent	accept	kRISP-meR	accepted	accept	AAACAGTGCCTGAACATAGCGGG	1.0
present_v_absent	accept	kRISP-meR	accepted	accept	CTTGACTGCCCGCTATGTTCAGG	1.0
present_v_absent	accept	kRISP-meR	accepted	accept	TGGCAGTCATTGGCATCGATAGG	1.0
present_v_absent	accept	kRISP-meR	accepted	accept	ATCGATGCCAATGACTGCCAAGG	1.0
present_v_absent	accept	kRISP-meR	rejected_side	reject	GCAGCTGCTGGGTGGCATCATGG	1.4762
present_v_absent	accept	kRISP-meR	rejected_side	reject	TGATGCCACCCAGCAGCTGCAGG	1.6957
present_v_absent	accept	kRISP-meR	accepted	accept	CCAGGTAGCCAAACCCCTGCTGG	1.0
present_v_absent	accept	kRISP-meR	accepted	accept	GGTAGCCAAACCCCTGCTGGTGG	1.0
present_v_absent	accept	kRISP-meR	accepted	accept	CACATCCACCAGCAGGGGTTTGG	1.0
present_v_absent	accept	kRISP-meR	rejected_side	reject	CAAACCCCTGCTGGTGGATGTGG	1.6015
present_v_absent	accept	kRISP-meR	accepted	accept	AAATCCACATCCACCAGCAGGGG	1.084
present_v_absent	accept	kRISP-meR	rejected_side	reject	CAAATCCACATCCACCAGCAGGG	3.0
present_v_absent	accept	kRISP-meR	rejected_side	reject	GCAAATCCACATCCACCAGCAGG	2.8261
present_v_absent	accept	kRISP-meR	accepted	accept	TGTGGATTTGCAGTACCCCCAGG	1.0
present_v_absent	accept	kRISP-meR	accepted	accept	GTACCCCCAGGATGCTGTCTTGG	1.0
present_v_absent	accept	kRISP-meR	accepted	accept	GGGCCAAGACAGCATCCTGGGGG	1.3158
present_v_absent	accept	kRISP-meR	accepted	accept	AGGGCCAAGACAGCATCCTGGGG	1.3429
present_v_absent	accept	kRISP-meR	rejected_side	reject	CAGGGCCAAGACAGCATCCTGGG	1.8571
present_v_absent	accept	kRISP-meR	accepted	accept	TCAGGGCCAAGACAGCATCCTGG	1.0
present_v_absent	accept	kRISP-meR	accepted	accept	TTTATGGTGGTTCTGGGTCAGGG	1.0
present_v_absent	accept	kRISP-meR	accepted	accept	GTTTATGGTGGTTCTGGGTCAGG	1.0
present_v_absent	accept	kRISP-meR	accepted	accept	GTACTGTTTATGGTGGTTCTGGG	1.0286
present_v_absent	accept	kRISP-meR	rejected_side	reject	AGTACTGTTTATGGTGGTTCTGG	1.2667
present_v_absent	accept	kRISP-meR	accepted	accept	CTTCGTAGTACTGTTTATGGTGG	1.0
present_v_absent	accept	kRISP-meR	accepted	accept	CACCATAAACAGTACTACGAAGG	1.0
present_v_absent	accept	kRISP-meR	rejected_side	reject	CTCCCACTTCAGCTCAGTGCTGG	1.0
present_v_absent	accept	kRISP-meR	rejected_side	reject	GGCCAGCACTGAGCTGAAGTGGG	1.0
present_v_absent	accept	kRISP-meR	rejected_side	reject	GGGCCAGCACTGAGCTGAAGTGG	1.0
present_v_absent	accept	kRISP-meR	rejected_side	reject	GCTCAGTGCTGGCCCAGAACAGG	1.0317
present_v_absent	accept	kRISP-meR	rejected_side	reject	GGCCCAGAACAGGTTTCTCCTGG	1.0
present_v_absent	accept	kRISP-meR	rejected_side	reject	CTCCAGGAGAAACCTGTTCTGGG	1.7143
present_v_absent	accept	kRISP-meR	rejected_side	reject	GCTCCAGGAGAAACCTGTTCTGG	1.0
present_v_absent	accept	kRISP-meR	rejected_side	reject	TGTTGCTTATCTGTAGCTCCAGG	1.0
present_v_absent	accept	kRISP-meR	rejected_side	reject	AGCTACAGATAAGCAACAACAGG	1.3162
present_v_absent	accept	kRISP-meR	rejected_side	reject	ACAGATAAGCAACAACAGGCTGG	2.937
present_v_absent	accept	kRISP-meR	rejected_side	reject	GATAAGCAACAACAGGCTGGAGG	1.2607
present_v_absent	accept	kRISP-meR	rejected_side	reject	CAACAACAGGCTGGAGGATGCGG	1.0
present_v_absent	accept	kRISP-meR	rejected_side	reject	AACAACAGGCTGGAGGATGCGGG	1.0
present_v_absent	accept	kRISP-meR	rejected_side	reject	GGCTGGAGGATGCGGGCGTGCGG	1.0
present_v_absent	accept	kRISP-meR	rejected_side	reject	GCTGGAGGATGCGGGCGTGCGGG	1.0
present_v_absent	accept	kRISP-meR	rejected_side	reject	GGGCGTGCGGGAGCTGTGCCAGG	1.0
present_v_absent	accept	kRISP-meR	rejected_side	reject	GGCGTGCGGGAGCTGTGCCAGGG	1.0
present_v_absent	accept	kRISP-meR	rejected_side	reject	GCGGGAGCTGTGCCAGGGCCTGG	1.0
present_v_absent	accept	kRISP-meR	rejected_side	reject	CGGGAGCTGTGCCAGGGCCTGGG	1.05
present_v_absent	accept	kRISP-meR	rejected_side	reject	TGCCAGGGCCTGGGCCAGCCTGG	2.6529
present_v_absent	accept	kRISP-meR	rejected_side	reject	AGCCAGGCTGGCCCAGGCCCTGG	4.1927
present_v_absent	accept	kRISP-meR	rejected_side	reject	GCACAGAGCCAGGCTGGCCCAGG	1.7688
present_v_absent	accept	kRISP-meR	rejected_side	reject	GCCAGCCTGGCTCTGTGCTGCGG	1.2769
present_v_absent	accept	kRISP-meR	rejected_side	reject	CCAGCCTGGCTCTGTGCTGCGGG	1.6555
present_v_absent	accept	kRISP-meR	rejected_side	reject	AGCACCCGCAGCACAGAGCCAGG	1.6923
present_v_absent	accept	kRISP-meR	rejected_side	reject	GCTCTGTGCTGCGGGTGCTCTGG	1.3
present_v_absent	accept	kRISP-meR	rejected_side	reject	GCCCAGTTAGCCCCGAGCTTCGG	1.0
present_v_absent	accept	kRISP-meR	rejected_side	reject	TCCGAAGCTCGGGGCTAACTGGG	1.0
present_v_absent	accept	kRISP-meR	rejected_side	reject	CTCCGAAGCTCGGGGCTAACTGG	1.0
present_v_absent	accept	kRISP-meR	rejected_side	reject	TCTCGGGTCTCCGAAGCTCGGGG	1.0
present_v_absent	accept	kRISP-meR	rejected_side	reject	CTCTCGGGTCTCCGAAGCTCGGG	1.0
present_v_absent	accept	kRISP-meR	rejected_side	reject	TCTCTCGGGTCTCCGAAGCTCGG	1.0
present_v_absent	accept	kRISP-meR	rejected_side	reject	TCGGAGACCCGAGAGACCAGAGG	1.0
present_v_absent	accept	kRISP-meR	rejected_side	reject	AGACCCGAGAGACCAGAGGATGG	1.0
present_v_absent	accept	kRISP-meR	rejected_side	reject	CAGCCATCCTCTGGTCTCTCGGG	1.0
present_v_absent	accept	kRISP-meR	rejected_side	reject	TCAGCCATCCTCTGGTCTCTCGG	1.6923
present_v_absent	accept	kRISP-meR	rejected_side	reject	CCAGAGGATGGCTGACACGAAGG	1.0
present_v_absent	accept	kRISP-meR	rejected_side	reject	CAGAGGATGGCTGACACGAAGGG	1.0
present_v_absent	accept	kRISP-meR	rejected_side	reject	AGAGGATGGCTGACACGAAGGGG	1.0
present_v_absent	accept	kRISP-meR	rejected_side	reject	GGGGCACCCGAGACAGCGCCTGG	1.2185
present_v_absent	accept	kRISP-meR	rejected_side	reject	GGGCACCCGAGACAGCGCCTGGG	1.1176
present_v_absent	accept	kRISP-meR	accepted	accept	AAAAGCCCAGGCGCTGTCTCGGG	1.1227
present_v_absent	accept	kRISP-meR	accepted	accept	AAAAAGCCCAGGCGCTGTCTCGG	1.0
present_v_absent	accept	kRISP-meR	accepted	accept	CCTGGGCTTTTTCCCGCCCGCGG	1.0
present_v_absent	accept	kRISP-meR	rejected_side	reject	AGAGCGGTGGAACCGCGGGCGGG	1.0
present_v_absent	accept	kRISP-meR	rejected_side	reject	CAGAGCGGTGGAACCGCGGGCGG	1.0
present_v_absent	accept	kRISP-meR	rejected_side	reject	TTTCAGAGCGGTGGAACCGCGGG	1.0
present_v_absent	accept	kRISP-meR	rejected_side	reject	GTTTCAGAGCGGTGGAACCGCGG	1.0
present_v_absent	accept	kRISP-meR	accepted	accept	AGAAATCGGTTTCAGAGCGGTGG	1.0
present_v_absent	accept	kRISP-meR	accepted	accept	GTTAGAAATCGGTTTCAGAGCGG	1.0
present_v_absent	accept	kRISP-meR	accepted	accept	CAGAAACAGGCCCATAGAGTTGG	1.0
present_v_absent	accept	kRISP-meR	rejected_side	reject	TGTTTGTTTTCTGCAGAAACAGG	3.6291
present_v_absent	accept	kRISP-meR	accepted	accept	GACGTGTGGAGTACGTGATCTGG	1.0
present_v_absent	accept	kRISP-meR	accepted	accept	GTGGAGTACGTGATCTGGTGTGG	1.0
present_v_absent	accept	kRISP-meR	accepted	accept	TGGAGTACGTGATCTGGTGTGGG	1.0
present_v_absent	accept	kRISP-meR	rejected_side	reject	GTGATCTGGTGTGGGATTGCTGG	2.1333
present_v_absent	accept	kRISP-meR	accepted	accept	CAAGAAGTGGATGACAGTGTAGG	1.2045
present_v_absent	accept	kRISP-meR	accepted	accept	CTACACTGTCATCCACTTCTTGG	1.3409
present_v_absent	accept	kRISP-meR	accepted	accept	CACTGTCATCCACTTCTTGGTGG	1.0
present_v_absent	accept	kRISP-meR	accepted	accept	ACTGTCATCCACTTCTTGGTGGG	1.0
present_v_absent	accept	kRISP-meR	accepted	accept	TCACAAAGCCCACCAAGAAGTGG	1.0
present_v_absent	accept	kRISP-meR	rejected_side	reject	AATAAAATTATGAGGACAGATGG	1.5848
present_v_absent	accept	kRISP-meR	rejected_side	reject	TTTGGTAAAATAAAATTATGAGG	3.0227
present_v_absent	accept	kRISP-meR	rejected_side	reject	CATAATTTTATTTTACCAAAAGG	4.4386
present_v_absent	accept	kRISP-meR	rejected_side	reject	AAATATATTTTATGACCTTTTGG	1.6
present_v_absent	accept	kRISP-meR	rejected_side	reject	AAAAGGTCATAAAATATATTTGG	2.4565
present_v_absent	accept	kRISP-meR	rejected_side	reject	ATAAAATATATTTGGAGAATAGG	2.4248
present_v_absent	accept	kRISP-meR	accepted	accept	ATTTGGAGAATAGGCACAGATGG	1.0
present_v_absent	accept	kRISP-meR	accepted	accept	AATAGGCACAGATGGCCGAACGG	1.0
present_v_absent	accept	kRISP-meR	accepted	accept	GCACAGATGGCCGAACGGTGAGG	1.0
present_v_absent	accept	kRISP-meR	accepted	accept	CAGATGGCCGAACGGTGAGGAGG	1.0
present_v_absent	accept	kRISP-meR	rejected_side	reject	TCATTGTCCTCCTCACCGTTCGG	1.7273
present_v_absent	accept	kRISP-meR	accepted	accept	GGACAATGAACATTGTCCCTCGG	1.0
present_v_absent	accept	kRISP-meR	accepted	accept	AGCGCCGAGGGCGTCCAGCGGGG	1.0
present_v_absent	accept	kRISP-meR	accepted	accept	GAGCGCCGAGGGCGTCCAGCGGG	1.0
present_v_absent	accept	kRISP-meR	accepted	accept	AGAGCGCCGAGGGCGTCCAGCGG	1.0
present_v_absent	accept	kRISP-meR	rejected_side	reject	TCGTGAGGCGAGAGCGCCGAGGG	1.0
present_v_absent	accept	kRISP-meR	rejected_side	reject	CTCGTGAGGCGAGAGCGCCGAGG	1.0
present_v_absent	accept	kRISP-meR	rejected_side	reject	CTCGGCGCTCTCGCCTCACGAGG	1.0
present_v_absent	accept	kRISP-meR	accepted	accept	TAGTTCAGATTATTTTTGAGTGG	1.0978
present_v_absent	accept	kRISP-meR	rejected_side	reject	GGGGAAAGAGAGGACGGTGAAGG	1.7955
present_v_absent	accept	kRISP-meR	rejected_side	reject	GGGAAAGAGAGGACGGTGAAGGG	1.7161
present_v_absent	accept	kRISP-meR	accepted	accept	TGTTTCCGCTGCACTGCTGGTGG	1.0
present_v_absent	accept	kRISP-meR	accepted	accept	TTTTGTTTCCGCTGCACTGCTGG	1.1333
present_v_absent	accept	kRISP-meR	accepted	accept	CAGTGCAGCGGAAACAAAAGAGG	1.0
present_v_absent	accept	kRISP-meR	accepted	accept	TGCAGCGGAAACAAAAGAGGTGG	1.0
present_v_absent	accept	kRISP-meR	accepted	accept	GGAAACAAAAGAGGTGGACCAGG	1.3898
present_v_absent	accept	kRISP-meR	accepted	accept	GGGGATGGGGAGATGGACCTCGG	1.1795
present_v_absent	accept	kRISP-meR	rejected_side	reject	CAAGCTAGGGGATGGGGAGATGG	1.5859
present_v_absent	accept	kRISP-meR	accepted	accept	AGGACACAAGCTAGGGGATGGGG	1.0
present_v_absent	accept	kRISP-meR	accepted	accept	GAGGACACAAGCTAGGGGATGGG	1.0
present_v_absent	accept	kRISP-meR	accepted	accept	AGAGGACACAAGCTAGGGGATGG	1.0
present_v_absent	accept	kRISP-meR	accepted	accept	GACGAGAGGACACAAGCTAGGGG	1.0
present_v_absent	accept	kRISP-meR	accepted	accept	GGACGAGAGGACACAAGCTAGGG	1.0
present_v_absent	accept	kRISP-meR	accepted	accept	GGGACGAGAGGACACAAGCTAGG	1.0
present_v_absent	accept	kRISP-meR	accepted	accept	GACAGGTGGGAAGGGACGAGAGG	1.0
present_v_absent	accept	kRISP-meR	rejected_side	reject	AGGGAGAAGACAGGTGGGAAGGG	3.7
present_v_absent	accept	kRISP-meR	rejected_side	reject	GAGGGAGAAGACAGGTGGGAAGG	3.5278
present_v_absent	accept	kRISP-meR	rejected_side	reject	TACAGAGGGAGAAGACAGGTGGG	1.9286
present_v_absent	accept	kRISP-meR	rejected_side	reject	GTACAGAGGGAGAAGACAGGTGG	1.6679
present_v_absent	accept	kRISP-meR	rejected_side	reject	GTGGTACAGAGGGAGAAGACAGG	1.619
present_v_absent	accept	kRISP-meR	accepted	accept	CTCCCTCTGTACCACAGCTTAGG	1.4375
present_v_absent	accept	kRISP-meR	rejected_side	reject	AACCTAAGCTGTGGTACAGAGGG	1.9286
present_v_absent	accept	kRISP-meR	accepted	accept	CAACCTAAGCTGTGGTACAGAGG	1.0
present_v_absent	accept	kRISP-meR	accepted	accept	AAGAAAAACAACCTAAGCTGTGG	1.0
present_v_absent	accept	kRISP-meR	accepted	accept	GTTGTTTTTCTTCCCTAGAGCGG	1.0
present_v_absent	accept	kRISP-meR	accepted	accept	TTGTTTTTCTTCCCTAGAGCGGG	1.0882
present_v_absent	accept	kRISP-meR	accepted	accept	CATCTTCTCTGCCCGCTCTAGGG	1.0
present_v_absent	accept	kRISP-meR	accepted	accept	CCTAGAGCGGGCAGAGAAGATGG	1.0
present_v_absent	accept	kRISP-meR	rejected_side	reject	CTAGAGCGGGCAGAGAAGATGGG	1.7333
present_v_absent	accept	kRISP-meR	accepted	accept	ATGGAATACGGTTGAGATTCTGG	1.0
present_v_absent	accept	kRISP-meR	accepted	accept	TCTCAACCGTATTCCATACAAGG	1.0
present_v_absent	accept	kRISP-meR	accepted	accept	GATGTCCAAGTAGGGGTCGTAGG	1.0
present_v_absent	accept	kRISP-meR	accepted	accept	CCCCTACTTGGACATCGCGCTGG	1.0
present_v_absent	accept	kRISP-meR	accepted	accept	TCCAGCGCGATGTCCAAGTAGGG	1.0
present_v_absent	accept	kRISP-meR	accepted	accept	CTCCAGCGCGATGTCCAAGTAGG	1.0
present_v_absent	accept	kRISP-meR	accepted	accept	TGGACATCGCGCTGGAGATCCGG	1.0
present_v_absent	accept	kRISP-meR	accepted	accept	CAGCTGACCTTGCCCCAGTCAGG	1.0
present_v_absent	accept	kRISP-meR	accepted	accept	GACTGGGGCAAGGTCAGCTGTGG	1.0
present_v_absent	accept	kRISP-meR	accepted	accept	ACTGGGGCAAGGTCAGCTGTGGG	1.0
present_v_absent	accept	kRISP-meR	rejected_side	reject	GCAAGGTCAGCTGTGGGCAGTGG	2.777
present_v_absent	accept	kRISP-meR	accepted	accept	AGGTCAGCTGTGGGCAGTGGAGG	1.2238
present_v_absent	accept	kRISP-meR	accepted	accept	GGTCAGCTGTGGGCAGTGGAGGG	1.0963
present_v_absent	accept	kRISP-meR	rejected_side	reject	TGTGGGCAGTGGAGGGAGAGAGG	3.2093
present_v_absent	accept	kRISP-meR	accepted	accept	CATTTCTGGAAGGGTCTGAAGGG	1.0
present_v_absent	accept	kRISP-meR	accepted	accept	GCATTTCTGGAAGGGTCTGAAGG	1.0
present_v_absent	accept	kRISP-meR	rejected_side	reject	ACCCTTCCAGAAATGCCTTTTGG	1.6875
present_v_absent	accept	kRISP-meR	accepted	accept	ACCAAAAGGCATTTCTGGAAGGG	1.0
present_v_absent	accept	kRISP-meR	accepted	accept	CACCAAAAGGCATTTCTGGAAGG	1.0
present_v_absent	accept	kRISP-meR	accepted	accept	CTTCCAGAAATGCCTTTTGGTGG	1.0
present_v_absent	accept	kRISP-meR	rejected_side	reject	AGGCCACCAAAAGGCATTTCTGG	1.0
present_v_absent	accept	kRISP-meR	rejected_side	reject	AAATGCCTTTTGGTGGCCTGAGG	1.0
present_v_absent	accept	kRISP-meR	rejected_side	reject	GTAAACCTCAGGCCACCAAAAGG	1.6429
present_v_absent	accept	kRISP-meR	accepted	accept	TATCAGGACAGGTAAACCTCAGG	1.0
present_v_absent	accept	kRISP-meR	accepted	accept	AACTATCAGTGTATCAGGACAGG	1.0
present_v_absent	accept	kRISP-meR	accepted	accept	TAGGTAACTATCAGTGTATCAGG	1.0
present_v_absent	accept	kRISP-meR	accepted	accept	ACTCAAACAGGGAGGTGGGTAGG	1.0
present_v_absent	accept	kRISP-meR	accepted	accept	GGATACTCAAACAGGGAGGTGGG	1.0
present_v_absent	accept	kRISP-meR	accepted	accept	AGGATACTCAAACAGGGAGGTGG	1.325
present_v_absent	accept	kRISP-meR	accepted	accept	AGGAGGATACTCAAACAGGGAGG	1.0
present_v_absent	accept	kRISP-meR	accepted	accept	CTGAGGAGGATACTCAAACAGGG	1.1969
present_v_absent	accept	kRISP-meR	accepted	accept	TCTGAGGAGGATACTCAAACAGG	1.0
present_v_absent	accept	kRISP-meR	accepted	accept	TAGCAGTGTGGTGACATCAGGGG	1.0
present_v_absent	accept	kRISP-meR	rejected_side	reject	ATAGCAGTGTGGTGACATCAGGG	1.6667
present_v_absent	accept	kRISP-meR	accepted	accept	TATAGCAGTGTGGTGACATCAGG	1.3297
present_v_absent	accept	CRISPOR	rejected_side	reject	GGTCTTTGTATGTCTTTCGTGGG	1.0
present_v_absent	accept	CRISPOR	rejected_side	reject	AGGTCTTTGTATGTCTTTCGTGG	1.0
present_v_absent	accept	CRISPOR	accepted	accept	ACATACAAAGACCTGATATATGG	1.0
present_v_absent	accept	CRISPOR	rejected_side	reject	ACCTGATATATGGATTAAAATGG	1.0
present_v_absent	accept	CRISPOR	accepted	accept	GCCATTTTAATCCATATATCAGG	1.0
present_v_absent	accept	CRISPOR	accepted	accept	TGCTGACCTCTTGGCCAAATAGG	1.0
present_v_absent	accept	CRISPOR	accepted	accept	TTCTGTCCTATTTGGCCAAGAGG	1.0
present_v_absent	accept	CRISPOR	accepted	accept	AAGCTGGCTTCTGTCCTATTTGG	1.0
present_v_absent	accept	CRISPOR	rejected_side	reject	TAGGACAGAAGCCAGCTTGCAGG	1.8462
present_v_absent	accept	CRISPOR	rejected_side	reject	AGGACAGAAGCCAGCTTGCAGGG	3.1993
present_v_absent	accept	CRISPOR	rejected_side	reject	TAAGAAAGCAAAAGATGAAAAGG	3.1014
present_v_absent	accept	CRISPOR	accepted	accept	AAGGCACACAGAGCCATTCTTGG	1.0
present_v_absent	accept	CRISPOR	accepted	accept	GAATGGCTCTGTGTGCCTTATGG	1.0
present_v_absent	accept	CRISPOR	accepted	accept	CTCTGTGTGCCTTATGGATGTGG	1.0
present_v_absent	accept	CRISPOR	accepted	accept	CACGCTTGGCCACATCCATAAGG	1.0
present_v_absent	accept	CRISPOR	accepted	accept	GGCACAGATGATTTCACGCTTGG	1.0
present_v_absent	accept	CRISPOR	accepted	accept	CATCTGTGCCTTTGCCCCTCCGG	1.0
present_v_absent	accept	CRISPOR	accepted	accept	ATCTGTGCCTTTGCCCCTCCGGG	1.0
present_v_absent	accept	CRISPOR	accepted	accept	AAAGGCTCCCGGAGGGGCAAAGG	1.0
present_v_absent	accept	CRISPOR	accepted	accept	CAGAGGAAAGGCTCCCGGAGGGG	1.0
present_v_absent	accept	CRISPOR	accepted	accept	CCCTCCGGGAGCCTTTCCTCTGG	1.0
present_v_absent	accept	CRISPOR	accepted	accept	TCCAGAGGAAAGGCTCCCGGAGG	1.2647
present_v_absent	accept	CRISPOR	accepted	accept	TCCGGGAGCCTTTCCTCTGGAGG	1.0
present_v_absent	accept	CRISPOR	accepted	accept	ACCTCCAGAGGAAAGGCTCCCGG	1.0
present_v_absent	accept	CRISPOR	accepted	accept	CCTTTCCTCTGGAGGTCCCCTGG	1.0
present_v_absent	accept	CRISPOR	accepted	accept	GGCTTCCAGGGGACCTCCAGAGG	1.4867
present_v_absent	accept	CRISPOR	accepted	accept	CAGCAAACACTGGCTTCCAGGGG	1.1
present_v_absent	accept	CRISPOR	accepted	accept	ACAGCAAACACTGGCTTCCAGGG	1.8571
present_v_absent	accept	CRISPOR	rejected_side	reject	CACAGCAAACACTGGCTTCCAGG	1.4786
present_v_absent	accept	CRISPOR	accepted	accept	TCTGGAGACACAGCAAACACTGG	1.0
present_v_absent	accept	CRISPOR	accepted	accept	AGCAGGAAACATGGATGGTCTGG	1.0
present_v_absent	accept	CRISPOR	rejected_side	reject	CTGCACCTGGAACCCGCCGCAGG	1.0
present_v_absent	accept	CRISPOR	rejected_side	reject	TGCACCTGGAACCCGCCGCAGGG	1.0
present_v_absent	accept	CRISPOR	rejected_side	reject	ACCTGGAACCCGCCGCAGGGAGG	1.0
present_v_absent	accept	CRISPOR	accepted	accept	GAGCTGCATGCAGAAATGTAAGG	1.0
present_v_absent	accept	CRISPOR	accepted	accept	AAATGTAAGGCAGTGCTTCCTGG	2.125
present_v_absent	accept	CRISPOR	accepted	accept	GCAGTGCTTCCTGGCGCTGATGG	1.0
present_v_absent	accept	CRISPOR	accepted	accept	TCCTGGCGCTGATGGCAAAATGG	1.0
present_v_absent	accept	CRISPOR	accepted	accept	CCTGGCGCTGATGGCAAAATGGG	1.0
present_v_absent	accept	CRISPOR	accepted	accept	ACCCATCTCCAGTTATTCCTCGG	1.0
present_v_absent	accept	CRISPOR	accepted	accept	CCCATCTCCAGTTATTCCTCGGG	1.0
present_v_absent	accept	CRISPOR	accepted	accept	GCCCGAGGAATAACTGGAGATGG	1.075
present_v_absent	accept	CRISPOR	accepted	accept	TGGGGTGCCCGAGGAATAACTGG	1.0
present_v_absent	accept	CRISPOR	accepted	accept	TTGCAAAGCTGGGGTGCCCGAGG	1.0974
present_v_absent	accept	CRISPOR	accepted	accept	GCACCCCAGCTTTGCAAATCTGG	1.0
present_v_absent	accept	CRISPOR	accepted	accept	CACCCCAGCTTTGCAAATCTGGG	1.56
present_v_absent	accept	CRISPOR	accepted	accept	TTCCCAGATTTGCAAAGCTGGGG	1.0
present_v_absent	accept	CRISPOR	accepted	accept	TTTCCCAGATTTGCAAAGCTGGG	1.0
present_v_absent	accept	CRISPOR	accepted	accept	CTTTCCCAGATTTGCAAAGCTGG	1.1697
present_v_absent	accept	CRISPOR	accepted	accept	AAGAACCTACATAAACATATTGG	1.0
present_v_absent	accept	CRISPOR	accepted	accept	CATCACCAATATGTTTATGTAGG	1.0
present_v_absent	accept	CRISPOR	accepted	accept	GGTGATGTAGCCAGCTTAAAAGG	1.0364
present_v_absent	accept	CRISPOR	rejected_side	reject	GCTGGTGTCTTTGAGGTCAGTGG	12.5809
present_v_absent	accept	CRISPOR	rejected_side	reject	CTGGTGTCTTTGAGGTCAGTGGG	12.7785
present_v_absent	accept	CRISPOR	rejected_side	reject	TATCAAAGTCCATTGTTACTAGG	3.7143
present_v_absent	accept	CRISPOR	rejected_side	reject	AAAGTCCATTGTTACTAGGTTGG	5.0
present_v_absent	accept	CRISPOR	rejected_side	reject	GGGGCGGACAGGAATTGAAGCGG	1.0
present_v_absent	accept	CRISPOR	rejected_side	reject	GGTGGGCGTGGGGGGCGGACAGG	1.4911
present_v_absent	accept	CRISPOR	rejected_side	reject	GTTGAGGTGGGCGTGGGGGGCGG	1.6412
present_v_absent	accept	CRISPOR	accepted	accept	CACGTTGAGGTGGGCGTGGGGGG	1.0
present_v_absent	accept	CRISPOR	rejected_side	reject	CCCCCACGCCCACCTCAACGTGG	1.0
present_v_absent	accept	CRISPOR	accepted	accept	CTGATCCTGTACCGGAAGAGCGG	1.0
present_v_absent	accept	CRISPOR	accepted	accept	GCTCCCGTTCTGGTGTCTCCTGG	1.0
present_v_absent	accept	CRISPOR	accepted	accept	CATCCAGGAGACACCAGAACGGG	1.0
present_v_absent	accept	CRISPOR	accepted	accept	ACATCCAGGAGACACCAGAACGG	1.0
present_v_absent	accept	CRISPOR	accepted	accept	TCTTTATGGGTATCACATCCAGG	1.0
present_v_absent	accept	CRISPOR	accepted	accept	ATACCCATAAAGAATGAGAAAGG	1.0
present_v_absent	accept	CRISPOR	accepted	accept	TACCCATAAAGAATGAGAAAGGG	1.0
present_v_absent	accept	CRISPOR	rejected_side	reject	ACCCATAAAGAATGAGAAAGGGG	1.0
present_v_absent	accept	CRISPOR	rejected_side	reject	TCCCCTTTCTCATTCTTTATGGG	3.0753
present_v_absent	accept	CRISPOR	rejected_side	reject	CTCCCCTTTCTCATTCTTTATGG	3.2381
present_v_absent	accept	CRISPOR	rejected_side	reject	CATAAAGAATGAGAAAGGGGAGG	3.3217
present_v_absent	accept	CRISPOR	rejected_side	reject	AAAGAATGAGAAAGGGGAGGTGG	6.9522
present_v_absent	accept	CRISPOR	accepted	accept	TCTCTTCCTAGTCTCTCACAAGG	1.0
present_v_absent	accept	CRISPOR	accepted	accept	TGATGTCCTTGTGAGAGACTAGG	1.0
present_v_absent	accept	CRISPOR	accepted	accept	ATCAGCGAAACCAAGAACCGAGG	1.0
present_v_absent	accept	CRISPOR	accepted	accept	TCAGCGAAACCAAGAACCGAGGG	1.125
present_v_absent	accept	CRISPOR	accepted	accept	CAGCGAAACCAAGAACCGAGGGG	1.1333
present_v_absent	accept	CRISPOR	accepted	accept	AGCGAAACCAAGAACCGAGGGGG	1.0
present_v_absent	accept	CRISPOR	accepted	accept	GTCGGGGCCCCCTCGGTTCTTGG	1.0
present_v_absent	accept	CRISPOR	accepted	accept	GGACGGAGCAGGCTTGGCCGTGG	1.1048
present_v_absent	accept	CRISPOR	accepted	accept	GGCCAAGCCTGCTCCGTCCTCGG	1.0
present_v_absent	accept	CRISPOR	accepted	accept	GTCCGAGGACGGAGCAGGCTTGG	1.0
present_v_absent	accept	CRISPOR	rejected_side	reject	AGCCTGCTCCGTCCTCGGACAGG	1.0
present_v_absent	accept	CRISPOR	accepted	accept	TTCCTGTCCGAGGACGGAGCAGG	1.0
present_v_absent	accept	CRISPOR	accepted	accept	GCCCGCGCAGAGTCCTGGGCCGG	1.0
present_v_absent	accept	CRISPOR	accepted	accept	CGGCGCCCGCGCAGAGTCCTGGG	1.0
present_v_absent	accept	CRISPOR	accepted	accept	CCAGGACTCTGCGCGGGCGCCGG	1.3702
present_v_absent	accept	CRISPOR	accepted	accept	GCGCCGGCTCATGAGTTTGCTGG	1.0
present_v_absent	accept	CRISPOR	accepted	accept	CCGGCTCATGAGTTTGCTGGCGG	1.0
present_v_absent	accept	CRISPOR	accepted	accept	GCTCATGAGTTTGCTGGCGGAGG	1.0
present_v_absent	accept	CRISPOR	accepted	accept	GAGTTTGCTGGCGGAGGCCGCGG	1.2521
present_v_absent	accept	CRISPOR	accepted	accept	AGTTTGCTGGCGGAGGCCGCGGG	1.0
present_v_absent	accept	CRISPOR	accepted	accept	TTGCTGGCGGAGGCCGCGGGCGG	1.0
present_v_absent	accept	CRISPOR	accepted	accept	TGCTGGCGGAGGCCGCGGGCGGG	1.0
present_v_absent	accept	CRISPOR	accepted	accept	GGCCGCGGGCGGGAGCTTCTCGG	1.6667
present_v_absent	accept	CRISPOR	accepted	accept	AACCGAGAAGCTCCCGCCCGCGG	1.0
present_v_absent	accept	CRISPOR	accepted	accept	CTTCTCGGTTCAGTCCAAGTAGG	1.0
present_v_absent	accept	CRISPOR	accepted	accept	TTCTCGGTTCAGTCCAAGTAGGG	1.0
present_v_absent	accept	CRISPOR	accepted	accept	TCGGTTCAGTCCAAGTAGGGCGG	1.0
present_v_absent	accept	CRISPOR	accepted	accept	CGGTTCAGTCCAAGTAGGGCGGG	1.3061
present_v_absent	accept	CRISPOR	accepted	accept	CAGTCCAAGTAGGGCGGGCGCGG	1.0
present_v_absent	accept	CRISPOR	accepted	accept	CCAAGTAGGGCGGGCGCGGCCGG	1.0
present_v_absent	accept	CRISPOR	accepted	accept	GTAGGGCGGGCGCGGCCGGCCGG	1.0
present_v_absent	accept	CRISPOR	accepted	accept	TAGGGCGGGCGCGGCCGGCCGGG	1.0
present_v_absent	accept	CRISPOR	rejected_side	reject	GGCGGGCGCGGCCGGCCGGGCGG	3.9972
present_v_absent	accept	CRISPOR	rejected_side	reject	GCGGGCGCGGCCGGCCGGGCGGG	5.376
present_v_absent	accept	CRISPOR	rejected_side	reject	CGGGCGCGGCCGGCCGGGCGGGG	4.5582
present_v_absent	accept	CRISPOR	rejected_side	reject	GCGCGGCCGGCCGGGCGGGGCGG	7.4626
present_v_absent	accept	CRISPOR	rejected_side	reject	CGCGGCCGGCCGGGCGGGGCGGG	4.2343
present_v_absent	accept	CRISPOR	rejected_side	reject	CCGGCCGGGCGGGGCGGGAACGG	1.3692
present_v_absent	accept	CRISPOR	accepted	accept	CGGCCGGGCGGGGCGGGAACGGG	1.4945
present_v_absent	accept	CRISPOR	rejected_side	reject	GGCCGGGCGGGGCGGGAACGGGG	4.6041
present_v_absent	accept	CRISPOR	accepted	accept	GGCCCCGTTCCCGCCCCGCCCGG	2.0048
present_v_absent	accept	CRISPOR	accepted	accept	GGAACGGGGCCACTGCGAGCCGG	1.0
present_v_absent	accept	CRISPOR	accepted	accept	ACGGGGCCACTGCGAGCCGGCGG	1.0
present_v_absent	accept	CRISPOR	accepted	accept	GGGCCACTGCGAGCCGGCGGAGG	1.0
present_v_absent	accept	CRISPOR	accepted	accept	GAGCCTCCGCCGGCTCGCAGTGG	1.0
present_v_absent	accept	CRISPOR	accepted	accept	ACTGCGAGCCGGCGGAGGCTCGG	1.0
present_v_absent	accept	CRISPOR	rejected_side	reject	AATGAACTTAAAAGGTTGTGCGG	4.5337
present_v_absent	accept	CRISPOR	rejected_side	reject	CTTGATATTTTGAAGAAATGAGG	5.4054
present_v_absent	accept	CRISPOR	accepted	accept	TTCTTCAAAATATCAAGTGTTGG	2.0
present_v_absent	accept	CRISPOR	accepted	accept	TCTTCAAAATATCAAGTGTTGGG	2.0
present_v_absent	accept	CRISPOR	rejected_side	reject	CAAGTGTTGGGAAAGAAAAAAGG	2.7291
present_v_absent	accept	CRISPOR	rejected_side	reject	TTGGGAAAGAAAAAAGGAAGTGG	4.1679
present_v_absent	accept	CRISPOR	rejected_side	reject	AAAGAAAAAAGGAAGTGGAATGG	10.4535
present_v_absent	accept	CRISPOR	rejected_side	reject	AAGAAAAAAGGAAGTGGAATGGG	3.8965
present_v_absent	accept	CRISPOR	rejected_side	reject	AAAATATTTCACATTGCATTTGG	2.634
present_v_absent	accept	CRISPOR	accepted	accept	TGCAATGTGAAATATTTTACTGG	2.84
present_v_absent	accept	CRISPOR	rejected_side	reject	AGTATGGCAAAAGCATTCATTGG	2.2571
present_v_absent	accept	CRISPOR	accepted	accept	GGACCCCGGCCTGTACTTGAAGG	1.0
present_v_absent	accept	CRISPOR	accepted	accept	TTCAAGTACAGGCCGGGGTCCGG	1.0
present_v_absent	accept	CRISPOR	accepted	accept	TACAGGCCGGGGTCCGGAAGCGG	1.0
present_v_absent	accept	CRISPOR	accepted	accept	GTATCACCGCTTCCGGACCCCGG	1.0
present_v_absent	accept	CRISPOR	accepted	accept	AGAAGGGGTATCACCGCTTCCGG	1.0
present_v_absent	accept	CRISPOR	accepted	accept	ATACCCCTTCTCTTTCCCAGTGG	1.1641
present_v_absent	accept	CRISPOR	rejected_side	reject	GGGCCACTGGGAAAGAGAAGGGG	1.0
present_v_absent	accept	CRISPOR	rejected_side	reject	AGGGCCACTGGGAAAGAGAAGGG	1.6818
present_v_absent	accept	CRISPOR	rejected_side	reject	GAGGGCCACTGGGAAAGAGAAGG	2.1923
present_v_absent	accept	CRISPOR	accepted	accept	AAGGAAGTTTGAGGGCCACTGGG	1.0
present_v_absent	accept	CRISPOR	accepted	accept	AAAGGAAGTTTGAGGGCCACTGG	1.0
present_v_absent	accept	CRISPOR	accepted	accept	GCCCTCAAACTTCCTTTTCCCGG	1.0
present_v_absent	accept	CRISPOR	accepted	accept	CCCTCAAACTTCCTTTTCCCGGG	1.2098
present_v_absent	accept	CRISPOR	accepted	accept	ACCCGGGAAAAGGAAGTTTGAGG	1.0
present_v_absent	accept	CRISPOR	accepted	accept	CCTTTTCCCGGGTCCTTAAGCGG	1.0
present_v_absent	accept	CRISPOR	accepted	accept	CTTTTCCCGGGTCCTTAAGCGGG	1.0
present_v_absent	accept	CRISPOR	accepted	accept	CGGGGCCCGCTTAAGGACCCGGG	1.0
present_v_absent	accept	CRISPOR	accepted	accept	GCGGGGCCCGCTTAAGGACCCGG	1.0
present_v_absent	accept	CRISPOR	accepted	accept	CTGTCGGCGGGGCCCGCTTAAGG	1.0
present_v_absent	accept	CRISPOR	accepted	accept	TAAGCGGGCCCCGCCGACAGAGG	1.0
present_v_absent	accept	CRISPOR	accepted	accept	CTGATTGGCCTCTGTCGGCGGGG	1.0
present_v_absent	accept	CRISPOR	accepted	accept	TCTGATTGGCCTCTGTCGGCGGG	1.0
present_v_absent	accept	CRISPOR	accepted	accept	CTCTGATTGGCCTCTGTCGGCGG	1.0
present_v_absent	accept	CRISPOR	accepted	accept	CGCCGACAGAGGCCAATCAGAGG	1.0
present_v_absent	accept	CRISPOR	accepted	accept	GCCGACAGAGGCCAATCAGAGGG	1.0
present_v_absent	accept	CRISPOR	accepted	accept	GCCCTCTGATTGGCCTCTGTCGG	1.0
present_v_absent	accept	CRISPOR	accepted	accept	GCCAATCAGAGGGCAGCGCGAGG	1.0
present_v_absent	accept	CRISPOR	accepted	accept	CCAATCAGAGGGCAGCGCGAGGG	1.0
present_v_absent	accept	CRISPOR	accepted	accept	CAATCAGAGGGCAGCGCGAGGGG	1.0
present_v_absent	accept	CRISPOR	accepted	accept	AATCAGAGGGCAGCGCGAGGGGG	1.0
present_v_absent	accept	CRISPOR	accepted	accept	CAGAGGGCAGCGCGAGGGGGCGG	1.5486
present_v_absent	accept	CRISPOR	rejected_side	reject	AGAGGGCAGCGCGAGGGGGCGGG	1.4062
present_v_absent	accept	CRISPOR	rejected_side	reject	GAGGGCAGCGCGAGGGGGCGGGG	1.7002
present_v_absent	accept	CRISPOR	accepted	accept	GGGTGAGTGCTACAGCTTAGGGG	1.0
present_v_absent	accept	CRISPOR	accepted	accept	GCTACAGCTTAGGGGTCAGCTGG	1.0
present_v_absent	accept	CRISPOR	accepted	accept	CTACAGCTTAGGGGTCAGCTGGG	1.0
present_v_absent	accept	CRISPOR	accepted	accept	TACAGCTTAGGGGTCAGCTGGGG	1.0
present_v_absent	accept	CRISPOR	rejected_side	reject	GTCAGCTGGGGCAGAAAGCCAGG	1.0
present_v_absent	accept	CRISPOR	accepted	accept	GTGACTCAGCTGCCATGAGCTGG	1.0
present_v_absent	accept	CRISPOR	accepted	accept	TGACTCAGCTGCCATGAGCTGGG	1.0
present_v_absent	accept	CRISPOR	accepted	accept	TTTGAAACTCTCCCAGCTCATGG	1.0
present_v_absent	accept	CRISPOR	accepted	accept	TGGTCAGGTAGCTGCTTAGAGGG	1.0
present_v_absent	accept	CRISPOR	accepted	accept	ATGGTCAGGTAGCTGCTTAGAGG	1.0
present_v_absent	accept	CRISPOR	accepted	accept	AAGCAGCTACCTGACCATTTTGG	1.35
present_v_absent	accept	CRISPOR	accepted	accept	TACCTGACCATTTTGGCCAGAGG	1.0
present_v_absent	accept	CRISPOR	accepted	accept	CACCTCTGGCCAAAATGGTCAGG	1.4286
present_v_absent	accept	CRISPOR	accepted	accept	CTGACCATTTTGGCCAGAGGTGG	1.4545
present_v_absent	accept	CRISPOR	accepted	accept	AAATCCACCTCTGGCCAAAATGG	1.1678
present_v_absent	accept	CRISPOR	accepted	accept	GAGAGACGAAAATCCACCTCTGG	1.1224
present_v_absent	accept	CRISPOR	accepted	accept	GATTTTCGTCTCTCCCCATTTGG	1.0
present_v_absent	accept	CRISPOR	accepted	accept	ATTTTCGTCTCTCCCCATTTGGG	1.0
present_v_absent	accept	CRISPOR	accepted	accept	GGCAGAAGTGGGCCCAAATGGGG	1.0
present_v_absent	accept	CRISPOR	accepted	accept	TGGCAGAAGTGGGCCCAAATGGG	1.0
present_v_absent	accept	CRISPOR	accepted	accept	TTGGCAGAAGTGGGCCCAAATGG	1.0
present_v_absent	accept	CRISPOR	accepted	accept	TGGTTGGGGTTGGCAGAAGTGGG	1.0
present_v_absent	accept	CRISPOR	accepted	accept	ATGGTTGGGGTTGGCAGAAGTGG	1.0
present_v_absent	accept	CRISPOR	accepted	accept	ATCAGGAACATGGTTGGGGTTGG	2.3353
present_v_absent	accept	CRISPOR	rejected_side	reject	GGCAATCAGGAACATGGTTGGGG	11.734
present_v_absent	accept	CRISPOR	rejected_side	reject	AGGCAATCAGGAACATGGTTGGG	12.4625
present_v_absent	accept	CRISPOR	rejected_side	reject	TAGGCAATCAGGAACATGGTTGG	9.762
present_v_absent	accept	CRISPOR	accepted	accept	ATGTCCTCTACATCAACGGCGGG	1.0
present_v_absent	accept	CRISPOR	rejected_side	reject	GGTGCCCGCCGTTGATGTAGAGG	1.0
present_v_absent	accept	CRISPOR	accepted	accept	TCAACGGCGGGCACCCTCCCTGG	1.0
present_v_absent	accept	CRISPOR	rejected_side	reject	TCAAATAAAGATAGATGAGATGG	1.5192
present_v_absent	accept	CRISPOR	accepted	accept	CGATAACTGCCTCACTGAGATGG	1.0
present_v_absent	accept	CRISPOR	accepted	accept	TGAAGAGAAAAACAATCCTGTGG	1.7059
present_v_absent	accept	CRISPOR	rejected_side	reject	AAAACAATCCTGTGGAAGAATGG	1.26
present_v_absent	accept	CRISPOR	accepted	accept	AAACAATCCTGTGGAAGAATGGG	1.0824
present_v_absent	accept	CRISPOR	accepted	accept	TCAGAATCCCATTCTTCCACAGG	1.0
present_v_absent	accept	CRISPOR	accepted	accept	GTCCGCTCTAAGAAAATCACTGG	1.0
present_v_absent	accept	CRISPOR	rejected_side	reject	ATCCAGTGATTTTCTTAGAGCGG	1.5
present_v_absent	accept	CRISPOR	accepted	accept	GGCTCAGAAAAAGGTGTTCTTGG	1.0
present_v_absent	accept	CRISPOR	rejected_side	reject	AAATAAGCTAAAATCAATTAAGG	2.7029
present_v_absent	accept	CRISPOR	accepted	accept	AGCTAAAATCAATTAAGGCACGG	1.0
present_v_absent	accept	CRISPOR	accepted	accept	CATTGGTGGCTTCAAGTGTTAGG	1.0
present_v_absent	accept	CRISPOR	accepted	accept	CTTGAAAACTGAGGCATTGGTGG	1.0
present_v_absent	accept	CRISPOR	accepted	accept	GTACTTGAAAACTGAGGCATTGG	1.0
present_v_absent	accept	CRISPOR	accepted	accept	AATATAGTACTTGAAAACTGAGG	1.1345
present_v_absent	accept	CRISPOR	accepted	accept	CCTACGTCATCTATGGGTTCTGG	1.0
present_v_absent	accept	CRISPOR	accepted	accept	TCTATGGGTTCTGGTAGTCCTGG	1.0
present_v_absent	accept	CRISPOR	accepted	accept	CTATGGGTTCTGGTAGTCCTGGG	1.0
present_v_absent	accept	CRISPOR	accepted	accept	GGTTCTGGTAGTCCTGGGAGAGG	1.0
present_v_absent	accept	CRISPOR	rejected_side	reject	CTGGTAGTCCTGGGAGAGGCAGG	1.1875
present_v_absent	accept	CRISPOR	accepted	accept	TGGTAGTCCTGGGAGAGGCAGGG	1.0
present_v_absent	accept	CRISPOR	rejected_side	reject	GACATTTCCCTGCCTCTCCCAGG	1.2491
present_v_absent	accept	CRISPOR	rejected_side	reject	AATGTCCTCGAAAAAGAAAAAGG	1.0
present_v_absent	accept	CRISPOR	rejected_side	reject	ATGTCCTCGAAAAAGAAAAAGGG	1.0
present_v_absent	accept	CRISPOR	rejected_side	reject	TGTCCTCGAAAAAGAAAAAGGGG	1.0
present_v_absent	accept	CRISPOR	accepted	accept	CAGCCCCTTTTTCTTTTTCGAGG	1.0
present_v_absent	accept	CRISPOR	accepted	accept	AAAAAGGGGCTGCTTTCCAAAGG	2.1273
present_v_absent	accept	CRISPOR	accepted	accept	TTTCAGCAGTTTCTTGCCTTTGG	1.5309
present_v_absent	accept	CRISPOR	accepted	accept	CAAGAAACTGCTGAAAAAGCTGG	1.0
present_v_absent	accept	CRISPOR	accepted	accept	AAGAAACTGCTGAAAAAGCTGGG	2.7873
present_v_absent	accept	CRISPOR	accepted	accept	TGAAATGATTCATGTGCTTCCGG	1.0
present_v_absent	accept	CRISPOR	rejected_side	reject	TTCAAGTACCCACTGGACCATGG	1.0
present_v_absent	accept	CRISPOR	accepted	accept	CTGCAAAACCATGGTCCAGTGGG	1.0
present_v_absent	accept	CRISPOR	accepted	accept	CCACTGGACCATGGTTTTGCAGG	1.0
present_v_absent	accept	CRISPOR	accepted	accept	TCACATTTCCTGCAAAACCATGG	1.3308
present_v_absent	accept	CRISPOR	accepted	accept	GGGTCTGTAACTTACTGAAAAGG	1.0
present_v_absent	accept	CRISPOR	rejected_side	reject	AAAGAGTAGAACAAGGAATTGGG	9.6731
present_v_absent	accept	CRISPOR	rejected_side	reject	AGCGAGGAAAGAGTAGAACAAGG	12.0044
present_v_absent	accept	CRISPOR	accepted	accept	AAGGACAGTAGTGAGCAGCGAGG	1.0
present_v_absent	accept	CRISPOR	rejected_side	reject	ACGTGGGACACTCGATGTCCAGG	2.5444
present_v_absent	accept	CRISPOR	rejected_side	reject	CGACTGAGGTTGGTGTACGTGGG	3.3162
present_v_absent	accept	CRISPOR	rejected_side	reject	ACGACTGAGGTTGGTGTACGTGG	4.4647
present_v_absent	accept	CRISPOR	rejected_side	reject	AAATCACAGGGAGGCCGTGATGG	4.5667
present_v_absent	accept	CRISPOR	rejected_side	reject	ACGGCCTCCCTGTGATTTGATGG	3.1894
present_v_absent	accept	CRISPOR	rejected_side	reject	CGGCCTCCCTGTGATTTGATGGG	2.2641
present_v_absent	accept	CRISPOR	rejected_side	reject	GGCCTCCCTGTGATTTGATGGGG	1.9625
present_v_absent	accept	CRISPOR	rejected_side	reject	GGCCCCATCAAATCACAGGGAGG	4.2235
present_v_absent	accept	CRISPOR	rejected_side	reject	CAGGGCCCCATCAAATCACAGGG	5.1481
present_v_absent	accept	CRISPOR	accepted	accept	TCAGGGCCCCATCAAATCACAGG	4.5357
present_v_absent	accept	CRISPOR	rejected_side	reject	TAGGGCTGCCCGGACAGCGGCGG	1.1875
present_v_absent	accept	CRISPOR	rejected_side	reject	AGCTAGGGCTGCCCGGACAGCGG	1.9
present_v_absent	accept	CRISPOR	rejected_side	reject	TGGCTGGAGCTAGGGCTGCCCGG	1.8
present_v_absent	accept	CRISPOR	accepted	accept	GACGCGGGTGGCTGGAGCTAGGG	1.0
present_v_absent	accept	CRISPOR	accepted	accept	CGACGCGGGTGGCTGGAGCTAGG	1.0
present_v_absent	accept	CRISPOR	rejected_side	reject	TGGGGCAGCTGGGGCGACGCGGG	1.0
present_v_absent	accept	CRISPOR	rejected_side	reject	CTGGGGCAGCTGGGGCGACGCGG	1.0
present_v_absent	accept	CRISPOR	rejected_side	reject	GCCCCAGCTGCCCCAGTCGCTGG	3.2543
present_v_absent	accept	CRISPOR	rejected_side	reject	TCCAGCGACTGGGGCAGCTGGGG	2.7834
present_v_absent	accept	CRISPOR	rejected_side	reject	GTCCAGCGACTGGGGCAGCTGGG	1.0
present_v_absent	accept	CRISPOR	rejected_side	reject	AGTCCAGCGACTGGGGCAGCTGG	1.0
present_v_absent	accept	CRISPOR	accepted	accept	TGCCCCAGTCGCTGGACTCGCGG	1.0
present_v_absent	accept	CRISPOR	accepted	accept	GGCCGCGAGTCCAGCGACTGGGG	1.0
present_v_absent	accept	CRISPOR	accepted	accept	AGGCCGCGAGTCCAGCGACTGGG	1.0
present_v_absent	accept	CRISPOR	accepted	accept	GAGGCCGCGAGTCCAGCGACTGG	1.0
present_v_absent	accept	CRISPOR	accepted	accept	TGCAGATGTTCTGAGGAGAGTGG	1.0
present_v_absent	accept	CRISPOR	accepted	accept	CATCGAGTGAGTGTTTTAGGAGG	1.0
present_v_absent	accept	CRISPOR	accepted	accept	ATTCATCGAGTGAGTGTTTTAGG	1.0
present_v_absent	accept	CRISPOR	rejected_side	reject	ATTGTTTAAGAAATATTTCATGG	1.9333
present_v_absent	accept	CRISPOR	rejected_side	reject	AATATTTCTTAAACAATTCAAGG	2.3891
present_v_absent	accept	CRISPOR	accepted	accept	AAACAATTCAAGGATCAATCAGG	1.4667
present_v_absent	accept	CRISPOR	accepted	accept	AGTGAAGCCCGAATTGTTTTCGG	1.0
present_v_absent	accept	CRISPOR	accepted	accept	AAGATTGCCGAAAACAATTCGGG	1.0
present_v_absent	accept	CRISPOR	accepted	accept	AAAGATTGCCGAAAACAATTCGG	1.0
present_v_absent	accept	CRISPOR	accepted	accept	TTTCGGCAATCTTTGTTTTTAGG	1.0
present_v_absent	accept	CRISPOR	rejected_side	reject	GTATACTTAAAAAAATATGAAGG	2.5877
present_v_absent	accept	CRISPOR	rejected_side	reject	AAAAAAATATGAAGGTGAGCAGG	2.6935
present_v_absent	accept	CRISPOR	accepted	accept	TTCTAACTTGGTGTTGACACAGG	1.1837
present_v_absent	accept	CRISPOR	accepted	accept	AAACGTTCTCTTTTCTAACTTGG	2.36
present_v_absent	accept	CRISPOR	accepted	accept	CGTTTTCAAGTCAGTACCTCAGG	1.0
present_v_absent	accept	CRISPOR	accepted	accept	TCAGTACCTCAGGAGCCCCTTGG	2.3934
present_v_absent	accept	CRISPOR	accepted	accept	CAGTACCTCAGGAGCCCCTTGGG	1.0
present_v_absent	accept	CRISPOR	accepted	accept	GGGTTCCCAAGGGGCTCCTGAGG	1.0
present_v_absent	accept	CRISPOR	accepted	accept	ATCTAGGAGGGGTTCCCAAGGGG	1.0
present_v_absent	accept	CRISPOR	accepted	accept	GATCTAGGAGGGGTTCCCAAGGG	1.0
present_v_absent	accept	CRISPOR	accepted	accept	TGATCTAGGAGGGGTTCCCAAGG	1.0
present_v_absent	accept	CRISPOR	accepted	accept	AAGGAGATGTGATCTAGGAGGGG	1.1429
present_v_absent	accept	CRISPOR	accepted	accept	GAAGGAGATGTGATCTAGGAGGG	1.7333
present_v_absent	accept	CRISPOR	accepted	accept	TGAAGGAGATGTGATCTAGGAGG	1.0
present_v_absent	accept	CRISPOR	accepted	accept	CAGTGAAGGAGATGTGATCTAGG	2.0
present_v_absent	accept	CRISPOR	accepted	accept	ATTATGCTGTTGACAGTAGATGG	1.0
present_v_absent	accept	CRISPOR	accepted	accept	TAATAGCAGATAATATTTCTTGG	1.2069
present_v_absent	accept	CRISPOR	accepted	accept	TAGCAGATAATATTTCTTGGTGG	1.0
present_v_absent	accept	CRISPOR	accepted	accept	ATTATACTTTCAACAGATGTTGG	1.8667
present_v_absent	accept	CRISPOR	accepted	accept	AACATCTGTTGAAAGTATAATGG	1.0
present_v_absent	accept	CRISPOR	accepted	accept	AGTAGGTGGTTTACAATATTAGG	1.0
present_v_absent	accept	CRISPOR	accepted	accept	TGTAAACCACCTACTAACCCAGG	1.0
present_v_absent	accept	CRISPOR	rejected_side	reject	GCAGGCAGATCTGGTGTCTGAGG	6.3154
present_v_absent	accept	CRISPOR	rejected_side	reject	GATCAAGGTGCAGGCAGATCTGG	53.0675
present_v_absent	accept	CRISPOR	rejected_side	reject	TTTCTTTCTTAGAGTTCTGAAGG	27.7319
present_v_absent	accept	CRISPOR	rejected_side	reject	TCAGAACTCTAAGAAAGAAATGG	1.8196
present_v_absent	accept	CRISPOR	accepted	accept	CTAAGAAAGAAATGGTAGCATGG	1.9218
present_v_absent	accept	CRISPOR	accepted	accept	AAAGAAATGGTAGCATGGCTTGG	1.0
present_v_absent	accept	CRISPOR	accepted	accept	TAGCATGGCTTGGTCTAAGTTGG	1.6797
present_v_absent	accept	CRISPOR	accepted	accept	ATGGCTTGGTCTAAGTTGGAAGG	1.0
present_v_absent	accept	CRISPOR	accepted	accept	AGGCCTGAGAAACAAGCACATGG	1.0
present_v_absent	accept	CRISPOR	accepted	accept	CCTGAGAAACAAGCACATGGTGG	1.6122
present_v_absent	accept	CRISPOR	accepted	accept	ACATGGTGGAACTGAGTTCAAGG	1.2889
present_v_absent	accept	CRISPOR	accepted	accept	AACATACATTGTGACTATGGTGG	3.6786
present_v_absent	accept	CRISPOR	accepted	accept	ACATACATTGTGACTATGGTGGG	5.9933
present_v_absent	accept	CRISPOR	accepted	accept	CATACATTGTGACTATGGTGGGG	6.4858
present_v_absent	accept	CRISPOR	accepted	accept	GGTGGGGAACCTGCTCATTGTGG	11.4034
present_v_absent	accept	CRISPOR	accepted	accept	TAATAGTCACCACAATGAGCAGG	10.1263
present_v_absent	accept	CRISPOR	accepted	accept	TATTATTGCCACCCCATCCTTGG	3.8877
present_v_absent	accept	CRISPOR	accepted	accept	ATTATTGCCACCCCATCCTTGGG	2.4887
present_v_absent	accept	CRISPOR	rejected_side	reject	TGGGGAGCCCAAGGATGGGGTGG	1.75
present_v_absent	accept	CRISPOR	accepted	accept	CATTGGGGAGCCCAAGGATGGGG	2.8624
present_v_absent	accept	CRISPOR	accepted	accept	ACATTGGGGAGCCCAAGGATGGG	5.4023
present_v_absent	accept	CRISPOR	rejected_side	reject	TACATTGGGGAGCCCAAGGATGG	8.3606
present_v_absent	accept	CRISPOR	accepted	accept	AAAGTACATTGGGGAGCCCAAGG	7.0637
present_v_absent	accept	CRISPOR	accepted	accept	GGCAAGGAAAAAGTACATTGGGG	8.3864
present_v_absent	accept	CRISPOR	accepted	accept	AGGCAAGGAAAAAGTACATTGGG	8.1128
present_v_absent	accept	CRISPOR	accepted	accept	CAGGCAAGGAAAAAGTACATTGG	5.6919
present_v_absent	accept	CRISPOR	accepted	accept	CTATAAATGACAGGCAGGCAAGG	9.4534
present_v_absent	accept	CRISPOR	accepted	accept	AGCATCTATAAATGACAGGCAGG	11.8451
present_v_absent	accept	CRISPOR	accepted	accept	ACACAGCATCTATAAATGACAGG	10.936
present_v_absent	accept	CRISPOR	accepted	accept	CAATTTGGGATAAATGGTGGTGG	1.8834
present_v_absent	accept	CRISPOR	accepted	accept	CACCACCATTTATCCCAAATTGG	1.7143
present_v_absent	accept	CRISPOR	accepted	accept	AACCAATTTGGGATAAATGGTGG	1.1143
present_v_absent	accept	CRISPOR	rejected_side	reject	ACGGCAAACAGACAGAGGCCAGG	1.0
present_v_absent	accept	CRISPOR	accepted	accept	TGGCCTCTGTCTGTTTGCCGTGG	1.0
present_v_absent	accept	CRISPOR	rejected_side	reject	GCTCCACGGCAAACAGACAGAGG	1.0
present_v_absent	accept	CRISPOR	accepted	accept	TGTCTGTTTGCCGTGGAGCCTGG	1.0
present_v_absent	accept	CRISPOR	rejected_side	reject	CTGTTTGCCGTGGAGCCTGGTGG	1.0
present_v_absent	accept	CRISPOR	accepted	accept	GTTAGCACCACCAGGCTCCACGG	1.0
present_v_absent	accept	CRISPOR	rejected_side	reject	GTGGAGCCTGGTGGTGCTAACGG	1.0
present_v_absent	accept	CRISPOR	rejected_side	reject	GACTTCTGAAGAGGAAATGGTGG	2.1081
present_v_absent	accept	CRISPOR	rejected_side	reject	CTGGACTTCTGAAGAGGAAATGG	1.8742
present_v_absent	accept	CRISPOR	accepted	accept	ACAGCTCTGGACTTCTGAAGAGG	1.0
present_v_absent	accept	CRISPOR	rejected_side	reject	CTTCAGAAGTCCAGAGCTGTTGG	1.7143
present_v_absent	accept	CRISPOR	rejected_side	reject	TTCAGAAGTCCAGAGCTGTTGGG	1.0
present_v_absent	accept	CRISPOR	rejected_side	reject	GGAGACACAAGCATCGGGACAGG	1.5123
present_v_absent	accept	CRISPOR	accepted	accept	CGAGTGGAGACACAAGCATCGGG	1.0
present_v_absent	accept	CRISPOR	rejected_side	reject	CCGATGCTTGTGTCTCCACTCGG	1.0
present_v_absent	accept	CRISPOR	accepted	accept	ACTGGAAGCTCCAGGAACACAGG	2.9029
present_v_absent	accept	CRISPOR	rejected_side	reject	CTGGAAGCTCCAGGAACACAGGG	3.1023
present_v_absent	accept	CRISPOR	accepted	accept	AGACACAGTCCCTGTGTTCCTGG	2.6205
present_v_absent	accept	CRISPOR	accepted	accept	TGGAGACTCGGTGGTGAGCAAGG	1.0
present_v_absent	accept	CRISPOR	accepted	accept	TTTTGGTGCTGGAGACTCGGTGG	1.0
present_v_absent	accept	CRISPOR	accepted	accept	TGTTTTTGGTGCTGGAGACTCGG	1.0
present_v_absent	accept	CRISPOR	rejected_side	reject	TCAGGCACTGTTTTTGGTGCTGG	16.3089
present_v_absent	accept	CRISPOR	rejected_side	reject	CTATGTTCAGGCACTGTTTTTGG	1.6667
present_v_absent	accept	CRISPOR	accepted	accept	AAAACAGTGCCTGAACATAGCGG	1.3846
present_v_absent	accept	CRISPOR	accepted	accept	AAACAGTGCCTGAACATAGCGGG	1.0
present_v_absent	accept	CRISPOR	accepted	accept	CTTGACTGCCCGCTATGTTCAGG	1.0
present_v_absent	accept	CRISPOR	accepted	accept	TGGCAGTCATTGGCATCGATAGG	1.0
present_v_absent	accept	CRISPOR	accepted	accept	ATCGATGCCAATGACTGCCAAGG	1.0
present_v_absent	accept	CRISPOR	accepted	accept	GCAGCTGCTGGGTGGCATCATGG	1.4762
present_v_absent	accept	CRISPOR	accepted	accept	TGATGCCACCCAGCAGCTGCAGG	1.6957
present_v_absent	accept	CRISPOR	accepted	accept	CCAGGTAGCCAAACCCCTGCTGG	1.0
present_v_absent	accept	CRISPOR	accepted	accept	GGTAGCCAAACCCCTGCTGGTGG	1.0
present_v_absent	accept	CRISPOR	accepted	accept	CACATCCACCAGCAGGGGTTTGG	1.0
present_v_absent	accept	CRISPOR	accepted	accept	CAAACCCCTGCTGGTGGATGTGG	1.6015
present_v_absent	accept	CRISPOR	accepted	accept	AAATCCACATCCACCAGCAGGGG	1.084
present_v_absent	accept	CRISPOR	accepted	accept	CAAATCCACATCCACCAGCAGGG	3.0
present_v_absent	accept	CRISPOR	accepted	accept	GCAAATCCACATCCACCAGCAGG	2.8261
present_v_absent	accept	CRISPOR	accepted	accept	TGTGGATTTGCAGTACCCCCAGG	1.0
present_v_absent	accept	CRISPOR	accepted	accept	GTACCCCCAGGATGCTGTCTTGG	1.0
present_v_absent	accept	CRISPOR	accepted	accept	GGGCCAAGACAGCATCCTGGGGG	1.3158
present_v_absent	accept	CRISPOR	accepted	accept	AGGGCCAAGACAGCATCCTGGGG	1.3429
present_v_absent	accept	CRISPOR	accepted	accept	CAGGGCCAAGACAGCATCCTGGG	1.8571
present_v_absent	accept	CRISPOR	accepted	accept	TCAGGGCCAAGACAGCATCCTGG	1.0
present_v_absent	accept	CRISPOR	accepted	accept	TTTATGGTGGTTCTGGGTCAGGG	1.0
present_v_absent	accept	CRISPOR	accepted	accept	GTTTATGGTGGTTCTGGGTCAGG	1.0
present_v_absent	accept	CRISPOR	accepted	accept	GTACTGTTTATGGTGGTTCTGGG	1.0286
present_v_absent	accept	CRISPOR	accepted	accept	AGTACTGTTTATGGTGGTTCTGG	1.2667
present_v_absent	accept	CRISPOR	accepted	accept	CTTCGTAGTACTGTTTATGGTGG	1.0
present_v_absent	accept	CRISPOR	accepted	accept	CACCATAAACAGTACTACGAAGG	1.0
present_v_absent	accept	CRISPOR	accepted	accept	CTCCCACTTCAGCTCAGTGCTGG	1.0
present_v_absent	accept	CRISPOR	accepted	accept	GGCCAGCACTGAGCTGAAGTGGG	1.0
present_v_absent	accept	CRISPOR	accepted	accept	GGGCCAGCACTGAGCTGAAGTGG	1.0
present_v_absent	accept	CRISPOR	accepted	accept	GCTCAGTGCTGGCCCAGAACAGG	1.0317
present_v_absent	accept	CRISPOR	accepted	accept	GGCCCAGAACAGGTTTCTCCTGG	1.0
present_v_absent	accept	CRISPOR	accepted	accept	CTCCAGGAGAAACCTGTTCTGGG	1.7143
present_v_absent	accept	CRISPOR	accepted	accept	GCTCCAGGAGAAACCTGTTCTGG	1.0
present_v_absent	accept	CRISPOR	accepted	accept	TGTTGCTTATCTGTAGCTCCAGG	1.0
present_v_absent	accept	CRISPOR	accepted	accept	AGCTACAGATAAGCAACAACAGG	1.3162
present_v_absent	accept	CRISPOR	rejected_side	reject	ACAGATAAGCAACAACAGGCTGG	2.937
present_v_absent	accept	CRISPOR	accepted	accept	GATAAGCAACAACAGGCTGGAGG	1.2607
present_v_absent	accept	CRISPOR	rejected_side	reject	CAACAACAGGCTGGAGGATGCGG	1.0
present_v_absent	accept	CRISPOR	accepted	accept	AACAACAGGCTGGAGGATGCGGG	1.0
present_v_absent	accept	CRISPOR	accepted	accept	GGCTGGAGGATGCGGGCGTGCGG	1.0
present_v_absent	accept	CRISPOR	accepted	accept	GCTGGAGGATGCGGGCGTGCGGG	1.0
present_v_absent	accept	CRISPOR	accepted	accept	GGGCGTGCGGGAGCTGTGCCAGG	1.0
present_v_absent	accept	CRISPOR	accepted	accept	GGCGTGCGGGAGCTGTGCCAGGG	1.0
present_v_absent	accept	CRISPOR	rejected_side	reject	GCGGGAGCTGTGCCAGGGCCTGG	1.0
present_v_absent	accept	CRISPOR	rejected_side	reject	CGGGAGCTGTGCCAGGGCCTGGG	1.05
present_v_absent	accept	CRISPOR	rejected_side	reject	TGCCAGGGCCTGGGCCAGCCTGG	2.6529
present_v_absent	accept	CRISPOR	rejected_side	reject	AGCCAGGCTGGCCCAGGCCCTGG	4.1927
present_v_absent	accept	CRISPOR	rejected_side	reject	GCACAGAGCCAGGCTGGCCCAGG	1.7688
present_v_absent	accept	CRISPOR	rejected_side	reject	GCCAGCCTGGCTCTGTGCTGCGG	1.2769
present_v_absent	accept	CRISPOR	rejected_side	reject	CCAGCCTGGCTCTGTGCTGCGGG	1.6555
present_v_absent	accept	CRISPOR	accepted	accept	AGCACCCGCAGCACAGAGCCAGG	1.6923
present_v_absent	accept	CRISPOR	accepted	accept	GCTCTGTGCTGCGGGTGCTCTGG	1.3
present_v_absent	accept	CRISPOR	accepted	accept	GCCCAGTTAGCCCCGAGCTTCGG	1.0
present_v_absent	accept	CRISPOR	accepted	accept	TCCGAAGCTCGGGGCTAACTGGG	1.0
present_v_absent	accept	CRISPOR	accepted	accept	CTCCGAAGCTCGGGGCTAACTGG	1.0
present_v_absent	accept	CRISPOR	accepted	accept	TCTCGGGTCTCCGAAGCTCGGGG	1.0
present_v_absent	accept	CRISPOR	accepted	accept	CTCTCGGGTCTCCGAAGCTCGGG	1.0
present_v_absent	accept	CRISPOR	accepted	accept	TCTCTCGGGTCTCCGAAGCTCGG	1.0
present_v_absent	accept	CRISPOR	accepted	accept	TCGGAGACCCGAGAGACCAGAGG	1.0
present_v_absent	accept	CRISPOR	accepted	accept	AGACCCGAGAGACCAGAGGATGG	1.0
present_v_absent	accept	CRISPOR	accepted	accept	CAGCCATCCTCTGGTCTCTCGGG	1.0
present_v_absent	accept	CRISPOR	accepted	accept	TCAGCCATCCTCTGGTCTCTCGG	1.6923
present_v_absent	accept	CRISPOR	accepted	accept	CCAGAGGATGGCTGACACGAAGG	1.0
present_v_absent	accept	CRISPOR	accepted	accept	CAGAGGATGGCTGACACGAAGGG	1.0
present_v_absent	accept	CRISPOR	accepted	accept	AGAGGATGGCTGACACGAAGGGG	1.0
present_v_absent	accept	CRISPOR	accepted	accept	GGGGCACCCGAGACAGCGCCTGG	1.2185
present_v_absent	accept	CRISPOR	accepted	accept	GGGCACCCGAGACAGCGCCTGGG	1.1176
present_v_absent	accept	CRISPOR	accepted	accept	AAAAGCCCAGGCGCTGTCTCGGG	1.1227
present_v_absent	accept	CRISPOR	accepted	accept	AAAAAGCCCAGGCGCTGTCTCGG	1.0
present_v_absent	accept	CRISPOR	rejected_side	reject	CCTGGGCTTTTTCCCGCCCGCGG	1.0
present_v_absent	accept	CRISPOR	accepted	accept	AGAGCGGTGGAACCGCGGGCGGG	1.0
present_v_absent	accept	CRISPOR	accepted	accept	CAGAGCGGTGGAACCGCGGGCGG	1.0
present_v_absent	accept	CRISPOR	accepted	accept	TTTCAGAGCGGTGGAACCGCGGG	1.0
present_v_absent	accept	CRISPOR	accepted	accept	GTTTCAGAGCGGTGGAACCGCGG	1.0
present_v_absent	accept	CRISPOR	accepted	accept	AGAAATCGGTTTCAGAGCGGTGG	1.0
present_v_absent	accept	CRISPOR	accepted	accept	GTTAGAAATCGGTTTCAGAGCGG	1.0
present_v_absent	accept	CRISPOR	rejected_side	reject	CAGAAACAGGCCCATAGAGTTGG	1.0
present_v_absent	accept	CRISPOR	rejected_side	reject	TGTTTGTTTTCTGCAGAAACAGG	3.6291
present_v_absent	accept	CRISPOR	accepted	accept	GACGTGTGGAGTACGTGATCTGG	1.0
present_v_absent	accept	CRISPOR	rejected_side	reject	GTGGAGTACGTGATCTGGTGTGG	1.0
present_v_absent	accept	CRISPOR	accepted	accept	TGGAGTACGTGATCTGGTGTGGG	1.0
present_v_absent	accept	CRISPOR	rejected_side	reject	GTGATCTGGTGTGGGATTGCTGG	2.1333
present_v_absent	accept	CRISPOR	accepted	accept	CAAGAAGTGGATGACAGTGTAGG	1.2045
present_v_absent	accept	CRISPOR	accepted	accept	CTACACTGTCATCCACTTCTTGG	1.3409
present_v_absent	accept	CRISPOR	accepted	accept	CACTGTCATCCACTTCTTGGTGG	1.0
present_v_absent	accept	CRISPOR	accepted	accept	ACTGTCATCCACTTCTTGGTGGG	1.0
present_v_absent	accept	CRISPOR	accepted	accept	TCACAAAGCCCACCAAGAAGTGG	1.0
present_v_absent	accept	CRISPOR	rejected_side	reject	AATAAAATTATGAGGACAGATGG	1.5848
present_v_absent	accept	CRISPOR	rejected_side	reject	TTTGGTAAAATAAAATTATGAGG	3.0227
present_v_absent	accept	CRISPOR	rejected_side	reject	CATAATTTTATTTTACCAAAAGG	4.4386
present_v_absent	accept	CRISPOR	rejected_side	reject	AAATATATTTTATGACCTTTTGG	1.6
present_v_absent	accept	CRISPOR	rejected_side	reject	AAAAGGTCATAAAATATATTTGG	2.4565
present_v_absent	accept	CRISPOR	rejected_side	reject	ATAAAATATATTTGGAGAATAGG	2.4248
present_v_absent	accept	CRISPOR	accepted	accept	ATTTGGAGAATAGGCACAGATGG	1.0
present_v_absent	accept	CRISPOR	accepted	accept	AATAGGCACAGATGGCCGAACGG	1.0
present_v_absent	accept	CRISPOR	accepted	accept	GCACAGATGGCCGAACGGTGAGG	1.0
present_v_absent	accept	CRISPOR	accepted	accept	CAGATGGCCGAACGGTGAGGAGG	1.0
present_v_absent	accept	CRISPOR	accepted	accept	TCATTGTCCTCCTCACCGTTCGG	1.7273
present_v_absent	accept	CRISPOR	accepted	accept	GGACAATGAACATTGTCCCTCGG	1.0
present_v_absent	accept	CRISPOR	accepted	accept	AGCGCCGAGGGCGTCCAGCGGGG	1.0
present_v_absent	accept	CRISPOR	accepted	accept	GAGCGCCGAGGGCGTCCAGCGGG	1.0
present_v_absent	accept	CRISPOR	accepted	accept	AGAGCGCCGAGGGCGTCCAGCGG	1.0
present_v_absent	accept	CRISPOR	accepted	accept	TCGTGAGGCGAGAGCGCCGAGGG	1.0
present_v_absent	accept	CRISPOR	accepted	accept	CTCGTGAGGCGAGAGCGCCGAGG	1.0
present_v_absent	accept	CRISPOR	accepted	accept	CTCGGCGCTCTCGCCTCACGAGG	1.0
present_v_absent	accept	CRISPOR	rejected_side	reject	TAGTTCAGATTATTTTTGAGTGG	1.0978
present_v_absent	accept	CRISPOR	rejected_side	reject	GGGGAAAGAGAGGACGGTGAAGG	1.7955
present_v_absent	accept	CRISPOR	accepted	accept	GGGAAAGAGAGGACGGTGAAGGG	1.7161
present_v_absent	accept	CRISPOR	rejected_side	reject	TGTTTCCGCTGCACTGCTGGTGG	1.0
present_v_absent	accept	CRISPOR	rejected_side	reject	TTTTGTTTCCGCTGCACTGCTGG	1.1333
present_v_absent	accept	CRISPOR	accepted	accept	CAGTGCAGCGGAAACAAAAGAGG	1.0
present_v_absent	accept	CRISPOR	accepted	accept	TGCAGCGGAAACAAAAGAGGTGG	1.0
present_v_absent	accept	CRISPOR	rejected_side	reject	GGAAACAAAAGAGGTGGACCAGG	1.3898
present_v_absent	accept	CRISPOR	accepted	accept	GGGGATGGGGAGATGGACCTCGG	1.1795
present_v_absent	accept	CRISPOR	rejected_side	reject	CAAGCTAGGGGATGGGGAGATGG	1.5859
present_v_absent	accept	CRISPOR	accepted	accept	AGGACACAAGCTAGGGGATGGGG	1.0
present_v_absent	accept	CRISPOR	accepted	accept	GAGGACACAAGCTAGGGGATGGG	1.0
present_v_absent	accept	CRISPOR	accepted	accept	AGAGGACACAAGCTAGGGGATGG	1.0
present_v_absent	accept	CRISPOR	accepted	accept	GACGAGAGGACACAAGCTAGGGG	1.0
present_v_absent	accept	CRISPOR	accepted	accept	GGACGAGAGGACACAAGCTAGGG	1.0
present_v_absent	accept	CRISPOR	accepted	accept	GGGACGAGAGGACACAAGCTAGG	1.0
present_v_absent	accept	CRISPOR	accepted	accept	GACAGGTGGGAAGGGACGAGAGG	1.0
present_v_absent	accept	CRISPOR	rejected_side	reject	AGGGAGAAGACAGGTGGGAAGGG	3.7
present_v_absent	accept	CRISPOR	rejected_side	reject	GAGGGAGAAGACAGGTGGGAAGG	3.5278
present_v_absent	accept	CRISPOR	accepted	accept	TACAGAGGGAGAAGACAGGTGGG	1.9286
present_v_absent	accept	CRISPOR	rejected_side	reject	GTACAGAGGGAGAAGACAGGTGG	1.6679
present_v_absent	accept	CRISPOR	rejected_side	reject	GTGGTACAGAGGGAGAAGACAGG	1.619
present_v_absent	accept	CRISPOR	accepted	accept	CTCCCTCTGTACCACAGCTTAGG	1.4375
present_v_absent	accept	CRISPOR	accepted	accept	AACCTAAGCTGTGGTACAGAGGG	1.9286
present_v_absent	accept	CRISPOR	accepted	accept	CAACCTAAGCTGTGGTACAGAGG	1.0
present_v_absent	accept	CRISPOR	accepted	accept	AAGAAAAACAACCTAAGCTGTGG	1.0
present_v_absent	accept	CRISPOR	accepted	accept	GTTGTTTTTCTTCCCTAGAGCGG	1.0
present_v_absent	accept	CRISPOR	accepted	accept	TTGTTTTTCTTCCCTAGAGCGGG	1.0882
present_v_absent	accept	CRISPOR	accepted	accept	CATCTTCTCTGCCCGCTCTAGGG	1.0
present_v_absent	accept	CRISPOR	accepted	accept	CCTAGAGCGGGCAGAGAAGATGG	1.0
present_v_absent	accept	CRISPOR	accepted	accept	CTAGAGCGGGCAGAGAAGATGGG	1.7333
present_v_absent	accept	CRISPOR	accepted	accept	ATGGAATACGGTTGAGATTCTGG	1.0
present_v_absent	accept	CRISPOR	accepted	accept	TCTCAACCGTATTCCATACAAGG	1.0
present_v_absent	accept	CRISPOR	rejected_side	reject	GATGTCCAAGTAGGGGTCGTAGG	1.0
present_v_absent	accept	CRISPOR	rejected_side	reject	CCCCTACTTGGACATCGCGCTGG	1.0
present_v_absent	accept	CRISPOR	rejected_side	reject	TCCAGCGCGATGTCCAAGTAGGG	1.0
present_v_absent	accept	CRISPOR	accepted	accept	CTCCAGCGCGATGTCCAAGTAGG	1.0
present_v_absent	accept	CRISPOR	accepted	accept	TGGACATCGCGCTGGAGATCCGG	1.0
present_v_absent	accept	CRISPOR	accepted	accept	CAGCTGACCTTGCCCCAGTCAGG	1.0
present_v_absent	accept	CRISPOR	accepted	accept	GACTGGGGCAAGGTCAGCTGTGG	1.0
present_v_absent	accept	CRISPOR	accepted	accept	ACTGGGGCAAGGTCAGCTGTGGG	1.0
present_v_absent	accept	CRISPOR	rejected_side	reject	GCAAGGTCAGCTGTGGGCAGTGG	2.777
present_v_absent	accept	CRISPOR	rejected_side	reject	AGGTCAGCTGTGGGCAGTGGAGG	1.2238
present_v_absent	accept	CRISPOR	rejected_side	reject	GGTCAGCTGTGGGCAGTGGAGGG	1.0963
present_v_absent	accept	CRISPOR	rejected_side	reject	TGTGGGCAGTGGAGGGAGAGAGG	3.2093
present_v_absent	accept	CRISPOR	accepted	accept	CATTTCTGGAAGGGTCTGAAGGG	1.0
present_v_absent	accept	CRISPOR	accepted	accept	GCATTTCTGGAAGGGTCTGAAGG	1.0
present_v_absent	accept	CRISPOR	accepted	accept	ACCCTTCCAGAAATGCCTTTTGG	1.6875
present_v_absent	accept	CRISPOR	accepted	accept	ACCAAAAGGCATTTCTGGAAGGG	1.0
present_v_absent	accept	CRISPOR	accepted	accept	CACCAAAAGGCATTTCTGGAAGG	1.0
present_v_absent	accept	CRISPOR	accepted	accept	CTTCCAGAAATGCCTTTTGGTGG	1.0
present_v_absent	accept	CRISPOR	accepted	accept	AGGCCACCAAAAGGCATTTCTGG	1.0
present_v_absent	accept	CRISPOR	accepted	accept	AAATGCCTTTTGGTGGCCTGAGG	1.0
present_v_absent	accept	CRISPOR	accepted	accept	GTAAACCTCAGGCCACCAAAAGG	1.6429
present_v_absent	accept	CRISPOR	accepted	accept	TATCAGGACAGGTAAACCTCAGG	1.0
present_v_absent	accept	CRISPOR	accepted	accept	AACTATCAGTGTATCAGGACAGG	1.0
present_v_absent	accept	CRISPOR	accepted	accept	TAGGTAACTATCAGTGTATCAGG	1.0
present_v_absent	accept	CRISPOR	accepted	accept	ACTCAAACAGGGAGGTGGGTAGG	1.0
present_v_absent	accept	CRISPOR	accepted	accept	GGATACTCAAACAGGGAGGTGGG	1.0
present_v_absent	accept	CRISPOR	accepted	accept	AGGATACTCAAACAGGGAGGTGG	1.325
present_v_absent	accept	CRISPOR	accepted	accept	AGGAGGATACTCAAACAGGGAGG	1.0
present_v_absent	accept	CRISPOR	accepted	accept	CTGAGGAGGATACTCAAACAGGG	1.1969
present_v_absent	accept	CRISPOR	accepted	accept	TCTGAGGAGGATACTCAAACAGG	1.0
present_v_absent	accept	CRISPOR	accepted	accept	TAGCAGTGTGGTGACATCAGGGG	1.0
present_v_absent	accept	CRISPOR	accepted	accept	ATAGCAGTGTGGTGACATCAGGG	1.6667
present_v_absent	accept	CRISPOR	accepted	accept	TATAGCAGTGTGGTGACATCAGG	1.3297
present_v_absent	accept	GuideScan2	rejected_side	not_generated	GGTCTTTGTATGTCTTTCGTGGG	1.0
present_v_absent	accept	GuideScan2	rejected_side	not_generated	AGGTCTTTGTATGTCTTTCGTGG	1.0
present_v_absent	accept	GuideScan2	rejected_side	not_generated	ACATACAAAGACCTGATATATGG	1.0
present_v_absent	accept	GuideScan2	rejected_side	not_generated	ACCTGATATATGGATTAAAATGG	1.0
present_v_absent	accept	GuideScan2	rejected_side	not_generated	GCCATTTTAATCCATATATCAGG	1.0
present_v_absent	accept	GuideScan2	rejected_side	not_generated	TGCTGACCTCTTGGCCAAATAGG	1.0
present_v_absent	accept	GuideScan2	rejected_side	not_generated	TTCTGTCCTATTTGGCCAAGAGG	1.0
present_v_absent	accept	GuideScan2	rejected_side	not_generated	AAGCTGGCTTCTGTCCTATTTGG	1.0
present_v_absent	accept	GuideScan2	rejected_side	not_generated	TAGGACAGAAGCCAGCTTGCAGG	1.8462
present_v_absent	accept	GuideScan2	rejected_side	not_generated	AGGACAGAAGCCAGCTTGCAGGG	3.1993
present_v_absent	accept	GuideScan2	rejected_side	not_generated	TAAGAAAGCAAAAGATGAAAAGG	3.1014
present_v_absent	accept	GuideScan2	rejected_side	not_generated	AAGGCACACAGAGCCATTCTTGG	1.0
present_v_absent	accept	GuideScan2	rejected_side	not_generated	GAATGGCTCTGTGTGCCTTATGG	1.0
present_v_absent	accept	GuideScan2	rejected_side	not_generated	CTCTGTGTGCCTTATGGATGTGG	1.0
present_v_absent	accept	GuideScan2	rejected_side	not_generated	CACGCTTGGCCACATCCATAAGG	1.0
present_v_absent	accept	GuideScan2	rejected_side	not_generated	GGCACAGATGATTTCACGCTTGG	1.0
present_v_absent	accept	GuideScan2	rejected_side	not_generated	CATCTGTGCCTTTGCCCCTCCGG	1.0
present_v_absent	accept	GuideScan2	rejected_side	not_generated	ATCTGTGCCTTTGCCCCTCCGGG	1.0
present_v_absent	accept	GuideScan2	rejected_side	not_generated	AAAGGCTCCCGGAGGGGCAAAGG	1.0
present_v_absent	accept	GuideScan2	rejected_side	not_generated	CAGAGGAAAGGCTCCCGGAGGGG	1.0
present_v_absent	accept	GuideScan2	rejected_side	not_generated	CCCTCCGGGAGCCTTTCCTCTGG	1.0
present_v_absent	accept	GuideScan2	rejected_side	not_generated	TCCAGAGGAAAGGCTCCCGGAGG	1.2647
present_v_absent	accept	GuideScan2	rejected_side	not_generated	TCCGGGAGCCTTTCCTCTGGAGG	1.0
present_v_absent	accept	GuideScan2	rejected_side	not_generated	ACCTCCAGAGGAAAGGCTCCCGG	1.0
present_v_absent	accept	GuideScan2	rejected_side	not_generated	CCTTTCCTCTGGAGGTCCCCTGG	1.0
present_v_absent	accept	GuideScan2	rejected_side	not_generated	GGCTTCCAGGGGACCTCCAGAGG	1.4867
present_v_absent	accept	GuideScan2	rejected_side	not_generated	CAGCAAACACTGGCTTCCAGGGG	1.1
present_v_absent	accept	GuideScan2	rejected_side	not_generated	ACAGCAAACACTGGCTTCCAGGG	1.8571
present_v_absent	accept	GuideScan2	rejected_side	not_generated	CACAGCAAACACTGGCTTCCAGG	1.4786
present_v_absent	accept	GuideScan2	rejected_side	not_generated	TCTGGAGACACAGCAAACACTGG	1.0
present_v_absent	accept	GuideScan2	rejected_side	not_generated	AGCAGGAAACATGGATGGTCTGG	1.0
present_v_absent	accept	GuideScan2	rejected_side	not_generated	CTGCACCTGGAACCCGCCGCAGG	1.0
present_v_absent	accept	GuideScan2	rejected_side	not_generated	TGCACCTGGAACCCGCCGCAGGG	1.0
present_v_absent	accept	GuideScan2	rejected_side	not_generated	ACCTGGAACCCGCCGCAGGGAGG	1.0
present_v_absent	accept	GuideScan2	rejected_side	not_generated	GAGCTGCATGCAGAAATGTAAGG	1.0
present_v_absent	accept	GuideScan2	rejected_side	not_generated	AAATGTAAGGCAGTGCTTCCTGG	2.125
present_v_absent	accept	GuideScan2	rejected_side	not_generated	GCAGTGCTTCCTGGCGCTGATGG	1.0
present_v_absent	accept	GuideScan2	rejected_side	not_generated	TCCTGGCGCTGATGGCAAAATGG	1.0
present_v_absent	accept	GuideScan2	rejected_side	not_generated	CCTGGCGCTGATGGCAAAATGGG	1.0
present_v_absent	accept	GuideScan2	rejected_side	not_generated	ACCCATCTCCAGTTATTCCTCGG	1.0
present_v_absent	accept	GuideScan2	rejected_side	not_generated	CCCATCTCCAGTTATTCCTCGGG	1.0
present_v_absent	accept	GuideScan2	rejected_side	not_generated	GCCCGAGGAATAACTGGAGATGG	1.075
present_v_absent	accept	GuideScan2	rejected_side	not_generated	TGGGGTGCCCGAGGAATAACTGG	1.0
present_v_absent	accept	GuideScan2	rejected_side	not_generated	TTGCAAAGCTGGGGTGCCCGAGG	1.0974
present_v_absent	accept	GuideScan2	rejected_side	not_generated	GCACCCCAGCTTTGCAAATCTGG	1.0
present_v_absent	accept	GuideScan2	rejected_side	not_generated	CACCCCAGCTTTGCAAATCTGGG	1.56
present_v_absent	accept	GuideScan2	rejected_side	not_generated	TTCCCAGATTTGCAAAGCTGGGG	1.0
present_v_absent	accept	GuideScan2	rejected_side	not_generated	TTTCCCAGATTTGCAAAGCTGGG	1.0
present_v_absent	accept	GuideScan2	rejected_side	not_generated	CTTTCCCAGATTTGCAAAGCTGG	1.1697
present_v_absent	accept	GuideScan2	rejected_side	not_generated	AAGAACCTACATAAACATATTGG	1.0
present_v_absent	accept	GuideScan2	rejected_side	not_generated	CATCACCAATATGTTTATGTAGG	1.0
present_v_absent	accept	GuideScan2	rejected_side	not_generated	GGTGATGTAGCCAGCTTAAAAGG	1.0364
present_v_absent	accept	GuideScan2	rejected_side	not_generated	GCTGGTGTCTTTGAGGTCAGTGG	12.5809
present_v_absent	accept	GuideScan2	rejected_side	not_generated	CTGGTGTCTTTGAGGTCAGTGGG	12.7785
present_v_absent	accept	GuideScan2	rejected_side	not_generated	TATCAAAGTCCATTGTTACTAGG	3.7143
present_v_absent	accept	GuideScan2	rejected_side	not_generated	AAAGTCCATTGTTACTAGGTTGG	5.0
present_v_absent	accept	GuideScan2	rejected_side	not_generated	GGGGCGGACAGGAATTGAAGCGG	1.0
present_v_absent	accept	GuideScan2	rejected_side	not_generated	GGTGGGCGTGGGGGGCGGACAGG	1.4911
present_v_absent	accept	GuideScan2	rejected_side	not_generated	GTTGAGGTGGGCGTGGGGGGCGG	1.6412
present_v_absent	accept	GuideScan2	rejected_side	not_generated	CACGTTGAGGTGGGCGTGGGGGG	1.0
present_v_absent	accept	GuideScan2	rejected_side	not_generated	CCCCCACGCCCACCTCAACGTGG	1.0
present_v_absent	accept	GuideScan2	rejected_side	not_generated	CTGATCCTGTACCGGAAGAGCGG	1.0
present_v_absent	accept	GuideScan2	rejected_side	not_generated	GCTCCCGTTCTGGTGTCTCCTGG	1.0
present_v_absent	accept	GuideScan2	rejected_side	not_generated	CATCCAGGAGACACCAGAACGGG	1.0
present_v_absent	accept	GuideScan2	rejected_side	not_generated	ACATCCAGGAGACACCAGAACGG	1.0
present_v_absent	accept	GuideScan2	rejected_side	not_generated	TCTTTATGGGTATCACATCCAGG	1.0
present_v_absent	accept	GuideScan2	rejected_side	not_generated	ATACCCATAAAGAATGAGAAAGG	1.0
present_v_absent	accept	GuideScan2	rejected_side	not_generated	TACCCATAAAGAATGAGAAAGGG	1.0
present_v_absent	accept	GuideScan2	rejected_side	not_generated	ACCCATAAAGAATGAGAAAGGGG	1.0
present_v_absent	accept	GuideScan2	rejected_side	not_generated	TCCCCTTTCTCATTCTTTATGGG	3.0753
present_v_absent	accept	GuideScan2	rejected_side	not_generated	CTCCCCTTTCTCATTCTTTATGG	3.2381
present_v_absent	accept	GuideScan2	rejected_side	not_generated	CATAAAGAATGAGAAAGGGGAGG	3.3217
present_v_absent	accept	GuideScan2	rejected_side	not_generated	AAAGAATGAGAAAGGGGAGGTGG	6.9522
present_v_absent	accept	GuideScan2	rejected_side	not_generated	TCTCTTCCTAGTCTCTCACAAGG	1.0
present_v_absent	accept	GuideScan2	rejected_side	not_generated	TGATGTCCTTGTGAGAGACTAGG	1.0
present_v_absent	accept	GuideScan2	rejected_side	not_generated	ATCAGCGAAACCAAGAACCGAGG	1.0
present_v_absent	accept	GuideScan2	rejected_side	not_generated	TCAGCGAAACCAAGAACCGAGGG	1.125
present_v_absent	accept	GuideScan2	rejected_side	not_generated	CAGCGAAACCAAGAACCGAGGGG	1.1333
present_v_absent	accept	GuideScan2	rejected_side	not_generated	AGCGAAACCAAGAACCGAGGGGG	1.0
present_v_absent	accept	GuideScan2	rejected_side	not_generated	GTCGGGGCCCCCTCGGTTCTTGG	1.0
present_v_absent	accept	GuideScan2	rejected_side	not_generated	GGACGGAGCAGGCTTGGCCGTGG	1.1048
present_v_absent	accept	GuideScan2	rejected_side	not_generated	GGCCAAGCCTGCTCCGTCCTCGG	1.0
present_v_absent	accept	GuideScan2	rejected_side	not_generated	GTCCGAGGACGGAGCAGGCTTGG	1.0
present_v_absent	accept	GuideScan2	rejected_side	not_generated	AGCCTGCTCCGTCCTCGGACAGG	1.0
present_v_absent	accept	GuideScan2	rejected_side	not_generated	TTCCTGTCCGAGGACGGAGCAGG	1.0
present_v_absent	accept	GuideScan2	rejected_side	not_generated	GCCCGCGCAGAGTCCTGGGCCGG	1.0
present_v_absent	accept	GuideScan2	rejected_side	not_generated	CGGCGCCCGCGCAGAGTCCTGGG	1.0
present_v_absent	accept	GuideScan2	rejected_side	not_generated	CCAGGACTCTGCGCGGGCGCCGG	1.3702
present_v_absent	accept	GuideScan2	rejected_side	not_generated	GCGCCGGCTCATGAGTTTGCTGG	1.0
present_v_absent	accept	GuideScan2	rejected_side	not_generated	CCGGCTCATGAGTTTGCTGGCGG	1.0
present_v_absent	accept	GuideScan2	rejected_side	not_generated	GCTCATGAGTTTGCTGGCGGAGG	1.0
present_v_absent	accept	GuideScan2	rejected_side	not_generated	GAGTTTGCTGGCGGAGGCCGCGG	1.2521
present_v_absent	accept	GuideScan2	rejected_side	not_generated	AGTTTGCTGGCGGAGGCCGCGGG	1.0
present_v_absent	accept	GuideScan2	rejected_side	not_generated	TTGCTGGCGGAGGCCGCGGGCGG	1.0
present_v_absent	accept	GuideScan2	rejected_side	not_generated	TGCTGGCGGAGGCCGCGGGCGGG	1.0
present_v_absent	accept	GuideScan2	rejected_side	not_generated	GGCCGCGGGCGGGAGCTTCTCGG	1.6667
present_v_absent	accept	GuideScan2	rejected_side	not_generated	AACCGAGAAGCTCCCGCCCGCGG	1.0
present_v_absent	accept	GuideScan2	rejected_side	not_generated	CTTCTCGGTTCAGTCCAAGTAGG	1.0
present_v_absent	accept	GuideScan2	rejected_side	not_generated	TTCTCGGTTCAGTCCAAGTAGGG	1.0
present_v_absent	accept	GuideScan2	rejected_side	not_generated	TCGGTTCAGTCCAAGTAGGGCGG	1.0
present_v_absent	accept	GuideScan2	rejected_side	not_generated	CGGTTCAGTCCAAGTAGGGCGGG	1.3061
present_v_absent	accept	GuideScan2	rejected_side	not_generated	CAGTCCAAGTAGGGCGGGCGCGG	1.0
present_v_absent	accept	GuideScan2	rejected_side	not_generated	CCAAGTAGGGCGGGCGCGGCCGG	1.0
present_v_absent	accept	GuideScan2	rejected_side	not_generated	GTAGGGCGGGCGCGGCCGGCCGG	1.0
present_v_absent	accept	GuideScan2	rejected_side	not_generated	TAGGGCGGGCGCGGCCGGCCGGG	1.0
present_v_absent	accept	GuideScan2	rejected_side	not_generated	GGCGGGCGCGGCCGGCCGGGCGG	3.9972
present_v_absent	accept	GuideScan2	rejected_side	not_generated	GCGGGCGCGGCCGGCCGGGCGGG	5.376
present_v_absent	accept	GuideScan2	rejected_side	not_generated	CGGGCGCGGCCGGCCGGGCGGGG	4.5582
present_v_absent	accept	GuideScan2	rejected_side	not_generated	GCGCGGCCGGCCGGGCGGGGCGG	7.4626
present_v_absent	accept	GuideScan2	rejected_side	not_generated	CGCGGCCGGCCGGGCGGGGCGGG	4.2343
present_v_absent	accept	GuideScan2	rejected_side	not_generated	CCGGCCGGGCGGGGCGGGAACGG	1.3692
present_v_absent	accept	GuideScan2	rejected_side	not_generated	CGGCCGGGCGGGGCGGGAACGGG	1.4945
present_v_absent	accept	GuideScan2	rejected_side	not_generated	GGCCGGGCGGGGCGGGAACGGGG	4.6041
present_v_absent	accept	GuideScan2	rejected_side	not_generated	GGCCCCGTTCCCGCCCCGCCCGG	2.0048
present_v_absent	accept	GuideScan2	rejected_side	not_generated	GGAACGGGGCCACTGCGAGCCGG	1.0
present_v_absent	accept	GuideScan2	rejected_side	not_generated	ACGGGGCCACTGCGAGCCGGCGG	1.0
present_v_absent	accept	GuideScan2	rejected_side	not_generated	GGGCCACTGCGAGCCGGCGGAGG	1.0
present_v_absent	accept	GuideScan2	rejected_side	not_generated	GAGCCTCCGCCGGCTCGCAGTGG	1.0
present_v_absent	accept	GuideScan2	rejected_side	not_generated	ACTGCGAGCCGGCGGAGGCTCGG	1.0
present_v_absent	accept	GuideScan2	rejected_side	not_generated	AATGAACTTAAAAGGTTGTGCGG	4.5337
present_v_absent	accept	GuideScan2	rejected_side	not_generated	CTTGATATTTTGAAGAAATGAGG	5.4054
present_v_absent	accept	GuideScan2	rejected_side	not_generated	TTCTTCAAAATATCAAGTGTTGG	2.0
present_v_absent	accept	GuideScan2	rejected_side	not_generated	TCTTCAAAATATCAAGTGTTGGG	2.0
present_v_absent	accept	GuideScan2	rejected_side	not_generated	CAAGTGTTGGGAAAGAAAAAAGG	2.7291
present_v_absent	accept	GuideScan2	rejected_side	not_generated	TTGGGAAAGAAAAAAGGAAGTGG	4.1679
present_v_absent	accept	GuideScan2	rejected_side	not_generated	AAAGAAAAAAGGAAGTGGAATGG	10.4535
present_v_absent	accept	GuideScan2	rejected_side	not_generated	AAGAAAAAAGGAAGTGGAATGGG	3.8965
present_v_absent	accept	GuideScan2	rejected_side	not_generated	AAAATATTTCACATTGCATTTGG	2.634
present_v_absent	accept	GuideScan2	rejected_side	not_generated	TGCAATGTGAAATATTTTACTGG	2.84
present_v_absent	accept	GuideScan2	rejected_side	not_generated	AGTATGGCAAAAGCATTCATTGG	2.2571
present_v_absent	accept	GuideScan2	rejected_side	not_generated	GGACCCCGGCCTGTACTTGAAGG	1.0
present_v_absent	accept	GuideScan2	rejected_side	not_generated	TTCAAGTACAGGCCGGGGTCCGG	1.0
present_v_absent	accept	GuideScan2	rejected_side	not_generated	TACAGGCCGGGGTCCGGAAGCGG	1.0
present_v_absent	accept	GuideScan2	rejected_side	not_generated	GTATCACCGCTTCCGGACCCCGG	1.0
present_v_absent	accept	GuideScan2	rejected_side	not_generated	AGAAGGGGTATCACCGCTTCCGG	1.0
present_v_absent	accept	GuideScan2	rejected_side	not_generated	ATACCCCTTCTCTTTCCCAGTGG	1.1641
present_v_absent	accept	GuideScan2	rejected_side	not_generated	GGGCCACTGGGAAAGAGAAGGGG	1.0
present_v_absent	accept	GuideScan2	rejected_side	not_generated	AGGGCCACTGGGAAAGAGAAGGG	1.6818
present_v_absent	accept	GuideScan2	rejected_side	not_generated	GAGGGCCACTGGGAAAGAGAAGG	2.1923
present_v_absent	accept	GuideScan2	rejected_side	not_generated	AAGGAAGTTTGAGGGCCACTGGG	1.0
present_v_absent	accept	GuideScan2	rejected_side	not_generated	AAAGGAAGTTTGAGGGCCACTGG	1.0
present_v_absent	accept	GuideScan2	rejected_side	not_generated	GCCCTCAAACTTCCTTTTCCCGG	1.0
present_v_absent	accept	GuideScan2	rejected_side	not_generated	CCCTCAAACTTCCTTTTCCCGGG	1.2098
present_v_absent	accept	GuideScan2	rejected_side	not_generated	ACCCGGGAAAAGGAAGTTTGAGG	1.0
present_v_absent	accept	GuideScan2	rejected_side	not_generated	CCTTTTCCCGGGTCCTTAAGCGG	1.0
present_v_absent	accept	GuideScan2	rejected_side	not_generated	CTTTTCCCGGGTCCTTAAGCGGG	1.0
present_v_absent	accept	GuideScan2	rejected_side	not_generated	CGGGGCCCGCTTAAGGACCCGGG	1.0
present_v_absent	accept	GuideScan2	rejected_side	not_generated	GCGGGGCCCGCTTAAGGACCCGG	1.0
present_v_absent	accept	GuideScan2	rejected_side	not_generated	CTGTCGGCGGGGCCCGCTTAAGG	1.0
present_v_absent	accept	GuideScan2	rejected_side	not_generated	TAAGCGGGCCCCGCCGACAGAGG	1.0
present_v_absent	accept	GuideScan2	rejected_side	not_generated	CTGATTGGCCTCTGTCGGCGGGG	1.0
present_v_absent	accept	GuideScan2	rejected_side	not_generated	TCTGATTGGCCTCTGTCGGCGGG	1.0
present_v_absent	accept	GuideScan2	rejected_side	not_generated	CTCTGATTGGCCTCTGTCGGCGG	1.0
present_v_absent	accept	GuideScan2	rejected_side	not_generated	CGCCGACAGAGGCCAATCAGAGG	1.0
present_v_absent	accept	GuideScan2	rejected_side	not_generated	GCCGACAGAGGCCAATCAGAGGG	1.0
present_v_absent	accept	GuideScan2	rejected_side	not_generated	GCCCTCTGATTGGCCTCTGTCGG	1.0
present_v_absent	accept	GuideScan2	rejected_side	not_generated	GCCAATCAGAGGGCAGCGCGAGG	1.0
present_v_absent	accept	GuideScan2	rejected_side	not_generated	CCAATCAGAGGGCAGCGCGAGGG	1.0
present_v_absent	accept	GuideScan2	rejected_side	not_generated	CAATCAGAGGGCAGCGCGAGGGG	1.0
present_v_absent	accept	GuideScan2	rejected_side	not_generated	AATCAGAGGGCAGCGCGAGGGGG	1.0
present_v_absent	accept	GuideScan2	rejected_side	not_generated	CAGAGGGCAGCGCGAGGGGGCGG	1.5486
present_v_absent	accept	GuideScan2	rejected_side	not_generated	AGAGGGCAGCGCGAGGGGGCGGG	1.4062
present_v_absent	accept	GuideScan2	rejected_side	not_generated	GAGGGCAGCGCGAGGGGGCGGGG	1.7002
present_v_absent	accept	GuideScan2	rejected_side	not_generated	GGGTGAGTGCTACAGCTTAGGGG	1.0
present_v_absent	accept	GuideScan2	rejected_side	not_generated	GCTACAGCTTAGGGGTCAGCTGG	1.0
present_v_absent	accept	GuideScan2	rejected_side	not_generated	CTACAGCTTAGGGGTCAGCTGGG	1.0
present_v_absent	accept	GuideScan2	rejected_side	not_generated	TACAGCTTAGGGGTCAGCTGGGG	1.0
present_v_absent	accept	GuideScan2	rejected_side	not_generated	GTCAGCTGGGGCAGAAAGCCAGG	1.0
present_v_absent	accept	GuideScan2	rejected_side	not_generated	GTGACTCAGCTGCCATGAGCTGG	1.0
present_v_absent	accept	GuideScan2	rejected_side	not_generated	TGACTCAGCTGCCATGAGCTGGG	1.0
present_v_absent	accept	GuideScan2	rejected_side	not_generated	TTTGAAACTCTCCCAGCTCATGG	1.0
present_v_absent	accept	GuideScan2	rejected_side	not_generated	TGGTCAGGTAGCTGCTTAGAGGG	1.0
present_v_absent	accept	GuideScan2	rejected_side	not_generated	ATGGTCAGGTAGCTGCTTAGAGG	1.0
present_v_absent	accept	GuideScan2	rejected_side	not_generated	AAGCAGCTACCTGACCATTTTGG	1.35
present_v_absent	accept	GuideScan2	rejected_side	not_generated	TACCTGACCATTTTGGCCAGAGG	1.0
present_v_absent	accept	GuideScan2	rejected_side	not_generated	CACCTCTGGCCAAAATGGTCAGG	1.4286
present_v_absent	accept	GuideScan2	rejected_side	not_generated	CTGACCATTTTGGCCAGAGGTGG	1.4545
present_v_absent	accept	GuideScan2	rejected_side	not_generated	AAATCCACCTCTGGCCAAAATGG	1.1678
present_v_absent	accept	GuideScan2	rejected_side	not_generated	GAGAGACGAAAATCCACCTCTGG	1.1224
present_v_absent	accept	GuideScan2	rejected_side	not_generated	GATTTTCGTCTCTCCCCATTTGG	1.0
present_v_absent	accept	GuideScan2	rejected_side	not_generated	ATTTTCGTCTCTCCCCATTTGGG	1.0
present_v_absent	accept	GuideScan2	rejected_side	not_generated	GGCAGAAGTGGGCCCAAATGGGG	1.0
present_v_absent	accept	GuideScan2	rejected_side	not_generated	TGGCAGAAGTGGGCCCAAATGGG	1.0
present_v_absent	accept	GuideScan2	rejected_side	not_generated	TTGGCAGAAGTGGGCCCAAATGG	1.0
present_v_absent	accept	GuideScan2	rejected_side	not_generated	TGGTTGGGGTTGGCAGAAGTGGG	1.0
present_v_absent	accept	GuideScan2	rejected_side	not_generated	ATGGTTGGGGTTGGCAGAAGTGG	1.0
present_v_absent	accept	GuideScan2	rejected_side	not_generated	ATCAGGAACATGGTTGGGGTTGG	2.3353
present_v_absent	accept	GuideScan2	rejected_side	not_generated	GGCAATCAGGAACATGGTTGGGG	11.734
present_v_absent	accept	GuideScan2	rejected_side	not_generated	AGGCAATCAGGAACATGGTTGGG	12.4625
present_v_absent	accept	GuideScan2	rejected_side	not_generated	TAGGCAATCAGGAACATGGTTGG	9.762
present_v_absent	accept	GuideScan2	rejected_side	not_generated	ATGTCCTCTACATCAACGGCGGG	1.0
present_v_absent	accept	GuideScan2	rejected_side	not_generated	GGTGCCCGCCGTTGATGTAGAGG	1.0
present_v_absent	accept	GuideScan2	rejected_side	not_generated	TCAACGGCGGGCACCCTCCCTGG	1.0
present_v_absent	accept	GuideScan2	rejected_side	not_generated	TCAAATAAAGATAGATGAGATGG	1.5192
present_v_absent	accept	GuideScan2	rejected_side	not_generated	CGATAACTGCCTCACTGAGATGG	1.0
present_v_absent	accept	GuideScan2	rejected_side	not_generated	TGAAGAGAAAAACAATCCTGTGG	1.7059
present_v_absent	accept	GuideScan2	rejected_side	not_generated	AAAACAATCCTGTGGAAGAATGG	1.26
present_v_absent	accept	GuideScan2	rejected_side	not_generated	AAACAATCCTGTGGAAGAATGGG	1.0824
present_v_absent	accept	GuideScan2	rejected_side	not_generated	TCAGAATCCCATTCTTCCACAGG	1.0
present_v_absent	accept	GuideScan2	rejected_side	not_generated	GTCCGCTCTAAGAAAATCACTGG	1.0
present_v_absent	accept	GuideScan2	rejected_side	not_generated	ATCCAGTGATTTTCTTAGAGCGG	1.5
present_v_absent	accept	GuideScan2	rejected_side	not_generated	GGCTCAGAAAAAGGTGTTCTTGG	1.0
present_v_absent	accept	GuideScan2	rejected_side	not_generated	AAATAAGCTAAAATCAATTAAGG	2.7029
present_v_absent	accept	GuideScan2	rejected_side	not_generated	AGCTAAAATCAATTAAGGCACGG	1.0
present_v_absent	accept	GuideScan2	rejected_side	not_generated	CATTGGTGGCTTCAAGTGTTAGG	1.0
present_v_absent	accept	GuideScan2	rejected_side	not_generated	CTTGAAAACTGAGGCATTGGTGG	1.0
present_v_absent	accept	GuideScan2	rejected_side	not_generated	GTACTTGAAAACTGAGGCATTGG	1.0
present_v_absent	accept	GuideScan2	rejected_side	not_generated	AATATAGTACTTGAAAACTGAGG	1.1345
present_v_absent	accept	GuideScan2	rejected_side	not_generated	CCTACGTCATCTATGGGTTCTGG	1.0
present_v_absent	accept	GuideScan2	rejected_side	not_generated	TCTATGGGTTCTGGTAGTCCTGG	1.0
present_v_absent	accept	GuideScan2	rejected_side	not_generated	CTATGGGTTCTGGTAGTCCTGGG	1.0
present_v_absent	accept	GuideScan2	rejected_side	not_generated	GGTTCTGGTAGTCCTGGGAGAGG	1.0
present_v_absent	accept	GuideScan2	rejected_side	not_generated	CTGGTAGTCCTGGGAGAGGCAGG	1.1875
present_v_absent	accept	GuideScan2	rejected_side	not_generated	TGGTAGTCCTGGGAGAGGCAGGG	1.0
present_v_absent	accept	GuideScan2	rejected_side	not_generated	GACATTTCCCTGCCTCTCCCAGG	1.2491
present_v_absent	accept	GuideScan2	rejected_side	not_generated	AATGTCCTCGAAAAAGAAAAAGG	1.0
present_v_absent	accept	GuideScan2	rejected_side	not_generated	ATGTCCTCGAAAAAGAAAAAGGG	1.0
present_v_absent	accept	GuideScan2	rejected_side	not_generated	TGTCCTCGAAAAAGAAAAAGGGG	1.0
present_v_absent	accept	GuideScan2	rejected_side	not_generated	CAGCCCCTTTTTCTTTTTCGAGG	1.0
present_v_absent	accept	GuideScan2	rejected_side	not_generated	AAAAAGGGGCTGCTTTCCAAAGG	2.1273
present_v_absent	accept	GuideScan2	rejected_side	not_generated	TTTCAGCAGTTTCTTGCCTTTGG	1.5309
present_v_absent	accept	GuideScan2	rejected_side	not_generated	CAAGAAACTGCTGAAAAAGCTGG	1.0
present_v_absent	accept	GuideScan2	rejected_side	not_generated	AAGAAACTGCTGAAAAAGCTGGG	2.7873
present_v_absent	accept	GuideScan2	rejected_side	not_generated	TGAAATGATTCATGTGCTTCCGG	1.0
present_v_absent	accept	GuideScan2	rejected_side	not_generated	TTCAAGTACCCACTGGACCATGG	1.0
present_v_absent	accept	GuideScan2	rejected_side	not_generated	CTGCAAAACCATGGTCCAGTGGG	1.0
present_v_absent	accept	GuideScan2	rejected_side	not_generated	CCACTGGACCATGGTTTTGCAGG	1.0
present_v_absent	accept	GuideScan2	rejected_side	not_generated	TCACATTTCCTGCAAAACCATGG	1.3308
present_v_absent	accept	GuideScan2	rejected_side	not_generated	GGGTCTGTAACTTACTGAAAAGG	1.0
present_v_absent	accept	GuideScan2	rejected_side	not_generated	AAAGAGTAGAACAAGGAATTGGG	9.6731
present_v_absent	accept	GuideScan2	rejected_side	not_generated	AGCGAGGAAAGAGTAGAACAAGG	12.0044
present_v_absent	accept	GuideScan2	rejected_side	not_generated	AAGGACAGTAGTGAGCAGCGAGG	1.0
present_v_absent	accept	GuideScan2	rejected_side	not_generated	ACGTGGGACACTCGATGTCCAGG	2.5444
present_v_absent	accept	GuideScan2	rejected_side	not_generated	CGACTGAGGTTGGTGTACGTGGG	3.3162
present_v_absent	accept	GuideScan2	rejected_side	not_generated	ACGACTGAGGTTGGTGTACGTGG	4.4647
present_v_absent	accept	GuideScan2	rejected_side	not_generated	AAATCACAGGGAGGCCGTGATGG	4.5667
present_v_absent	accept	GuideScan2	rejected_side	not_generated	ACGGCCTCCCTGTGATTTGATGG	3.1894
present_v_absent	accept	GuideScan2	rejected_side	not_generated	CGGCCTCCCTGTGATTTGATGGG	2.2641
present_v_absent	accept	GuideScan2	rejected_side	not_generated	GGCCTCCCTGTGATTTGATGGGG	1.9625
present_v_absent	accept	GuideScan2	rejected_side	not_generated	GGCCCCATCAAATCACAGGGAGG	4.2235
present_v_absent	accept	GuideScan2	rejected_side	not_generated	CAGGGCCCCATCAAATCACAGGG	5.1481
present_v_absent	accept	GuideScan2	rejected_side	not_generated	TCAGGGCCCCATCAAATCACAGG	4.5357
present_v_absent	accept	GuideScan2	rejected_side	not_generated	TAGGGCTGCCCGGACAGCGGCGG	1.1875
present_v_absent	accept	GuideScan2	rejected_side	not_generated	AGCTAGGGCTGCCCGGACAGCGG	1.9
present_v_absent	accept	GuideScan2	rejected_side	not_generated	TGGCTGGAGCTAGGGCTGCCCGG	1.8
present_v_absent	accept	GuideScan2	rejected_side	not_generated	GACGCGGGTGGCTGGAGCTAGGG	1.0
present_v_absent	accept	GuideScan2	rejected_side	not_generated	CGACGCGGGTGGCTGGAGCTAGG	1.0
present_v_absent	accept	GuideScan2	rejected_side	not_generated	TGGGGCAGCTGGGGCGACGCGGG	1.0
present_v_absent	accept	GuideScan2	rejected_side	not_generated	CTGGGGCAGCTGGGGCGACGCGG	1.0
present_v_absent	accept	GuideScan2	rejected_side	not_generated	GCCCCAGCTGCCCCAGTCGCTGG	3.2543
present_v_absent	accept	GuideScan2	rejected_side	not_generated	TCCAGCGACTGGGGCAGCTGGGG	2.7834
present_v_absent	accept	GuideScan2	rejected_side	not_generated	GTCCAGCGACTGGGGCAGCTGGG	1.0
present_v_absent	accept	GuideScan2	rejected_side	not_generated	AGTCCAGCGACTGGGGCAGCTGG	1.0
present_v_absent	accept	GuideScan2	rejected_side	not_generated	TGCCCCAGTCGCTGGACTCGCGG	1.0
present_v_absent	accept	GuideScan2	rejected_side	not_generated	GGCCGCGAGTCCAGCGACTGGGG	1.0
present_v_absent	accept	GuideScan2	rejected_side	not_generated	AGGCCGCGAGTCCAGCGACTGGG	1.0
present_v_absent	accept	GuideScan2	rejected_side	not_generated	GAGGCCGCGAGTCCAGCGACTGG	1.0
present_v_absent	accept	GuideScan2	rejected_side	not_generated	TGCAGATGTTCTGAGGAGAGTGG	1.0
present_v_absent	accept	GuideScan2	rejected_side	not_generated	CATCGAGTGAGTGTTTTAGGAGG	1.0
present_v_absent	accept	GuideScan2	rejected_side	not_generated	ATTCATCGAGTGAGTGTTTTAGG	1.0
present_v_absent	accept	GuideScan2	rejected_side	not_generated	ATTGTTTAAGAAATATTTCATGG	1.9333
present_v_absent	accept	GuideScan2	rejected_side	not_generated	AATATTTCTTAAACAATTCAAGG	2.3891
present_v_absent	accept	GuideScan2	rejected_side	not_generated	AAACAATTCAAGGATCAATCAGG	1.4667
present_v_absent	accept	GuideScan2	rejected_side	not_generated	AGTGAAGCCCGAATTGTTTTCGG	1.0
present_v_absent	accept	GuideScan2	rejected_side	not_generated	AAGATTGCCGAAAACAATTCGGG	1.0
present_v_absent	accept	GuideScan2	rejected_side	not_generated	AAAGATTGCCGAAAACAATTCGG	1.0
present_v_absent	accept	GuideScan2	rejected_side	not_generated	TTTCGGCAATCTTTGTTTTTAGG	1.0
present_v_absent	accept	GuideScan2	rejected_side	not_generated	GTATACTTAAAAAAATATGAAGG	2.5877
present_v_absent	accept	GuideScan2	rejected_side	not_generated	AAAAAAATATGAAGGTGAGCAGG	2.6935
present_v_absent	accept	GuideScan2	rejected_side	not_generated	TTCTAACTTGGTGTTGACACAGG	1.1837
present_v_absent	accept	GuideScan2	rejected_side	not_generated	AAACGTTCTCTTTTCTAACTTGG	2.36
present_v_absent	accept	GuideScan2	rejected_side	not_generated	CGTTTTCAAGTCAGTACCTCAGG	1.0
present_v_absent	accept	GuideScan2	rejected_side	not_generated	TCAGTACCTCAGGAGCCCCTTGG	2.3934
present_v_absent	accept	GuideScan2	rejected_side	not_generated	CAGTACCTCAGGAGCCCCTTGGG	1.0
present_v_absent	accept	GuideScan2	rejected_side	not_generated	GGGTTCCCAAGGGGCTCCTGAGG	1.0
present_v_absent	accept	GuideScan2	rejected_side	not_generated	ATCTAGGAGGGGTTCCCAAGGGG	1.0
present_v_absent	accept	GuideScan2	rejected_side	not_generated	GATCTAGGAGGGGTTCCCAAGGG	1.0
present_v_absent	accept	GuideScan2	rejected_side	not_generated	TGATCTAGGAGGGGTTCCCAAGG	1.0
present_v_absent	accept	GuideScan2	rejected_side	not_generated	AAGGAGATGTGATCTAGGAGGGG	1.1429
present_v_absent	accept	GuideScan2	rejected_side	not_generated	GAAGGAGATGTGATCTAGGAGGG	1.7333
present_v_absent	accept	GuideScan2	rejected_side	not_generated	TGAAGGAGATGTGATCTAGGAGG	1.0
present_v_absent	accept	GuideScan2	rejected_side	not_generated	CAGTGAAGGAGATGTGATCTAGG	2.0
present_v_absent	accept	GuideScan2	rejected_side	not_generated	ATTATGCTGTTGACAGTAGATGG	1.0
present_v_absent	accept	GuideScan2	rejected_side	not_generated	TAATAGCAGATAATATTTCTTGG	1.2069
present_v_absent	accept	GuideScan2	rejected_side	not_generated	TAGCAGATAATATTTCTTGGTGG	1.0
present_v_absent	accept	GuideScan2	rejected_side	not_generated	ATTATACTTTCAACAGATGTTGG	1.8667
present_v_absent	accept	GuideScan2	rejected_side	not_generated	AACATCTGTTGAAAGTATAATGG	1.0
present_v_absent	accept	GuideScan2	rejected_side	not_generated	AGTAGGTGGTTTACAATATTAGG	1.0
present_v_absent	accept	GuideScan2	rejected_side	not_generated	TGTAAACCACCTACTAACCCAGG	1.0
present_v_absent	accept	GuideScan2	rejected_side	not_generated	GCAGGCAGATCTGGTGTCTGAGG	6.3154
present_v_absent	accept	GuideScan2	rejected_side	not_generated	GATCAAGGTGCAGGCAGATCTGG	53.0675
present_v_absent	accept	GuideScan2	rejected_side	not_generated	TTTCTTTCTTAGAGTTCTGAAGG	27.7319
present_v_absent	accept	GuideScan2	rejected_side	not_generated	TCAGAACTCTAAGAAAGAAATGG	1.8196
present_v_absent	accept	GuideScan2	rejected_side	not_generated	CTAAGAAAGAAATGGTAGCATGG	1.9218
present_v_absent	accept	GuideScan2	rejected_side	not_generated	AAAGAAATGGTAGCATGGCTTGG	1.0
present_v_absent	accept	GuideScan2	rejected_side	not_generated	TAGCATGGCTTGGTCTAAGTTGG	1.6797
present_v_absent	accept	GuideScan2	rejected_side	not_generated	ATGGCTTGGTCTAAGTTGGAAGG	1.0
present_v_absent	accept	GuideScan2	rejected_side	not_generated	AGGCCTGAGAAACAAGCACATGG	1.0
present_v_absent	accept	GuideScan2	rejected_side	not_generated	CCTGAGAAACAAGCACATGGTGG	1.6122
present_v_absent	accept	GuideScan2	rejected_side	not_generated	ACATGGTGGAACTGAGTTCAAGG	1.2889
present_v_absent	accept	GuideScan2	rejected_side	not_generated	AACATACATTGTGACTATGGTGG	3.6786
present_v_absent	accept	GuideScan2	rejected_side	not_generated	ACATACATTGTGACTATGGTGGG	5.9933
present_v_absent	accept	GuideScan2	rejected_side	not_generated	CATACATTGTGACTATGGTGGGG	6.4858
present_v_absent	accept	GuideScan2	rejected_side	not_generated	GGTGGGGAACCTGCTCATTGTGG	11.4034
present_v_absent	accept	GuideScan2	rejected_side	not_generated	TAATAGTCACCACAATGAGCAGG	10.1263
present_v_absent	accept	GuideScan2	rejected_side	not_generated	TATTATTGCCACCCCATCCTTGG	3.8877
present_v_absent	accept	GuideScan2	rejected_side	not_generated	ATTATTGCCACCCCATCCTTGGG	2.4887
present_v_absent	accept	GuideScan2	rejected_side	not_generated	TGGGGAGCCCAAGGATGGGGTGG	1.75
present_v_absent	accept	GuideScan2	rejected_side	not_generated	CATTGGGGAGCCCAAGGATGGGG	2.8624
present_v_absent	accept	GuideScan2	rejected_side	not_generated	ACATTGGGGAGCCCAAGGATGGG	5.4023
present_v_absent	accept	GuideScan2	rejected_side	not_generated	TACATTGGGGAGCCCAAGGATGG	8.3606
present_v_absent	accept	GuideScan2	rejected_side	not_generated	AAAGTACATTGGGGAGCCCAAGG	7.0637
present_v_absent	accept	GuideScan2	rejected_side	not_generated	GGCAAGGAAAAAGTACATTGGGG	8.3864
present_v_absent	accept	GuideScan2	rejected_side	not_generated	AGGCAAGGAAAAAGTACATTGGG	8.1128
present_v_absent	accept	GuideScan2	rejected_side	not_generated	CAGGCAAGGAAAAAGTACATTGG	5.6919
present_v_absent	accept	GuideScan2	rejected_side	not_generated	CTATAAATGACAGGCAGGCAAGG	9.4534
present_v_absent	accept	GuideScan2	rejected_side	not_generated	AGCATCTATAAATGACAGGCAGG	11.8451
present_v_absent	accept	GuideScan2	rejected_side	not_generated	ACACAGCATCTATAAATGACAGG	10.936
present_v_absent	accept	GuideScan2	rejected_side	not_generated	CAATTTGGGATAAATGGTGGTGG	1.8834
present_v_absent	accept	GuideScan2	rejected_side	not_generated	CACCACCATTTATCCCAAATTGG	1.7143
present_v_absent	accept	GuideScan2	rejected_side	not_generated	AACCAATTTGGGATAAATGGTGG	1.1143
present_v_absent	accept	GuideScan2	rejected_side	not_generated	ACGGCAAACAGACAGAGGCCAGG	1.0
present_v_absent	accept	GuideScan2	rejected_side	not_generated	TGGCCTCTGTCTGTTTGCCGTGG	1.0
present_v_absent	accept	GuideScan2	rejected_side	not_generated	GCTCCACGGCAAACAGACAGAGG	1.0
present_v_absent	accept	GuideScan2	rejected_side	not_generated	TGTCTGTTTGCCGTGGAGCCTGG	1.0
present_v_absent	accept	GuideScan2	rejected_side	not_generated	CTGTTTGCCGTGGAGCCTGGTGG	1.0
present_v_absent	accept	GuideScan2	rejected_side	not_generated	GTTAGCACCACCAGGCTCCACGG	1.0
present_v_absent	accept	GuideScan2	rejected_side	not_generated	GTGGAGCCTGGTGGTGCTAACGG	1.0
present_v_absent	accept	GuideScan2	rejected_side	not_generated	GACTTCTGAAGAGGAAATGGTGG	2.1081
present_v_absent	accept	GuideScan2	rejected_side	not_generated	CTGGACTTCTGAAGAGGAAATGG	1.8742
present_v_absent	accept	GuideScan2	rejected_side	not_generated	ACAGCTCTGGACTTCTGAAGAGG	1.0
present_v_absent	accept	GuideScan2	rejected_side	not_generated	CTTCAGAAGTCCAGAGCTGTTGG	1.7143
present_v_absent	accept	GuideScan2	rejected_side	not_generated	TTCAGAAGTCCAGAGCTGTTGGG	1.0
present_v_absent	accept	GuideScan2	rejected_side	not_generated	GGAGACACAAGCATCGGGACAGG	1.5123
present_v_absent	accept	GuideScan2	rejected_side	not_generated	CGAGTGGAGACACAAGCATCGGG	1.0
present_v_absent	accept	GuideScan2	rejected_side	not_generated	CCGATGCTTGTGTCTCCACTCGG	1.0
present_v_absent	accept	GuideScan2	rejected_side	not_generated	ACTGGAAGCTCCAGGAACACAGG	2.9029
present_v_absent	accept	GuideScan2	rejected_side	not_generated	CTGGAAGCTCCAGGAACACAGGG	3.1023
present_v_absent	accept	GuideScan2	rejected_side	not_generated	AGACACAGTCCCTGTGTTCCTGG	2.6205
present_v_absent	accept	GuideScan2	rejected_side	not_generated	TGGAGACTCGGTGGTGAGCAAGG	1.0
present_v_absent	accept	GuideScan2	rejected_side	not_generated	TTTTGGTGCTGGAGACTCGGTGG	1.0
present_v_absent	accept	GuideScan2	rejected_side	not_generated	TGTTTTTGGTGCTGGAGACTCGG	1.0
present_v_absent	accept	GuideScan2	rejected_side	not_generated	TCAGGCACTGTTTTTGGTGCTGG	16.3089
present_v_absent	accept	GuideScan2	rejected_side	not_generated	CTATGTTCAGGCACTGTTTTTGG	1.6667
present_v_absent	accept	GuideScan2	rejected_side	not_generated	AAAACAGTGCCTGAACATAGCGG	1.3846
present_v_absent	accept	GuideScan2	rejected_side	not_generated	AAACAGTGCCTGAACATAGCGGG	1.0
present_v_absent	accept	GuideScan2	rejected_side	not_generated	CTTGACTGCCCGCTATGTTCAGG	1.0
present_v_absent	accept	GuideScan2	rejected_side	not_generated	TGGCAGTCATTGGCATCGATAGG	1.0
present_v_absent	accept	GuideScan2	rejected_side	not_generated	ATCGATGCCAATGACTGCCAAGG	1.0
present_v_absent	accept	GuideScan2	rejected_side	not_generated	GCAGCTGCTGGGTGGCATCATGG	1.4762
present_v_absent	accept	GuideScan2	rejected_side	not_generated	TGATGCCACCCAGCAGCTGCAGG	1.6957
present_v_absent	accept	GuideScan2	rejected_side	not_generated	CCAGGTAGCCAAACCCCTGCTGG	1.0
present_v_absent	accept	GuideScan2	rejected_side	not_generated	GGTAGCCAAACCCCTGCTGGTGG	1.0
present_v_absent	accept	GuideScan2	rejected_side	not_generated	CACATCCACCAGCAGGGGTTTGG	1.0
present_v_absent	accept	GuideScan2	rejected_side	not_generated	CAAACCCCTGCTGGTGGATGTGG	1.6015
present_v_absent	accept	GuideScan2	rejected_side	not_generated	AAATCCACATCCACCAGCAGGGG	1.084
present_v_absent	accept	GuideScan2	rejected_side	not_generated	CAAATCCACATCCACCAGCAGGG	3.0
present_v_absent	accept	GuideScan2	rejected_side	not_generated	GCAAATCCACATCCACCAGCAGG	2.8261
present_v_absent	accept	GuideScan2	rejected_side	not_generated	TGTGGATTTGCAGTACCCCCAGG	1.0
present_v_absent	accept	GuideScan2	rejected_side	not_generated	GTACCCCCAGGATGCTGTCTTGG	1.0
present_v_absent	accept	GuideScan2	rejected_side	not_generated	GGGCCAAGACAGCATCCTGGGGG	1.3158
present_v_absent	accept	GuideScan2	rejected_side	not_generated	AGGGCCAAGACAGCATCCTGGGG	1.3429
present_v_absent	accept	GuideScan2	rejected_side	not_generated	CAGGGCCAAGACAGCATCCTGGG	1.8571
present_v_absent	accept	GuideScan2	rejected_side	not_generated	TCAGGGCCAAGACAGCATCCTGG	1.0
present_v_absent	accept	GuideScan2	rejected_side	not_generated	TTTATGGTGGTTCTGGGTCAGGG	1.0
present_v_absent	accept	GuideScan2	rejected_side	not_generated	GTTTATGGTGGTTCTGGGTCAGG	1.0
present_v_absent	accept	GuideScan2	rejected_side	not_generated	GTACTGTTTATGGTGGTTCTGGG	1.0286
present_v_absent	accept	GuideScan2	rejected_side	not_generated	AGTACTGTTTATGGTGGTTCTGG	1.2667
present_v_absent	accept	GuideScan2	rejected_side	not_generated	CTTCGTAGTACTGTTTATGGTGG	1.0
present_v_absent	accept	GuideScan2	rejected_side	not_generated	CACCATAAACAGTACTACGAAGG	1.0
present_v_absent	accept	GuideScan2	rejected_side	not_generated	CTCCCACTTCAGCTCAGTGCTGG	1.0
present_v_absent	accept	GuideScan2	rejected_side	not_generated	GGCCAGCACTGAGCTGAAGTGGG	1.0
present_v_absent	accept	GuideScan2	rejected_side	not_generated	GGGCCAGCACTGAGCTGAAGTGG	1.0
present_v_absent	accept	GuideScan2	rejected_side	not_generated	GCTCAGTGCTGGCCCAGAACAGG	1.0317
present_v_absent	accept	GuideScan2	rejected_side	not_generated	GGCCCAGAACAGGTTTCTCCTGG	1.0
present_v_absent	accept	GuideScan2	rejected_side	not_generated	CTCCAGGAGAAACCTGTTCTGGG	1.7143
present_v_absent	accept	GuideScan2	rejected_side	not_generated	GCTCCAGGAGAAACCTGTTCTGG	1.0
present_v_absent	accept	GuideScan2	rejected_side	not_generated	TGTTGCTTATCTGTAGCTCCAGG	1.0
present_v_absent	accept	GuideScan2	rejected_side	not_generated	AGCTACAGATAAGCAACAACAGG	1.3162
present_v_absent	accept	GuideScan2	rejected_side	not_generated	ACAGATAAGCAACAACAGGCTGG	2.937
present_v_absent	accept	GuideScan2	rejected_side	not_generated	GATAAGCAACAACAGGCTGGAGG	1.2607
present_v_absent	accept	GuideScan2	rejected_side	not_generated	CAACAACAGGCTGGAGGATGCGG	1.0
present_v_absent	accept	GuideScan2	rejected_side	not_generated	AACAACAGGCTGGAGGATGCGGG	1.0
present_v_absent	accept	GuideScan2	rejected_side	not_generated	GGCTGGAGGATGCGGGCGTGCGG	1.0
present_v_absent	accept	GuideScan2	rejected_side	not_generated	GCTGGAGGATGCGGGCGTGCGGG	1.0
present_v_absent	accept	GuideScan2	rejected_side	not_generated	GGGCGTGCGGGAGCTGTGCCAGG	1.0
present_v_absent	accept	GuideScan2	rejected_side	not_generated	GGCGTGCGGGAGCTGTGCCAGGG	1.0
present_v_absent	accept	GuideScan2	rejected_side	not_generated	GCGGGAGCTGTGCCAGGGCCTGG	1.0
present_v_absent	accept	GuideScan2	rejected_side	not_generated	CGGGAGCTGTGCCAGGGCCTGGG	1.05
present_v_absent	accept	GuideScan2	rejected_side	not_generated	TGCCAGGGCCTGGGCCAGCCTGG	2.6529
present_v_absent	accept	GuideScan2	rejected_side	not_generated	AGCCAGGCTGGCCCAGGCCCTGG	4.1927
present_v_absent	accept	GuideScan2	rejected_side	not_generated	GCACAGAGCCAGGCTGGCCCAGG	1.7688
present_v_absent	accept	GuideScan2	rejected_side	not_generated	GCCAGCCTGGCTCTGTGCTGCGG	1.2769
present_v_absent	accept	GuideScan2	rejected_side	not_generated	CCAGCCTGGCTCTGTGCTGCGGG	1.6555
present_v_absent	accept	GuideScan2	rejected_side	not_generated	AGCACCCGCAGCACAGAGCCAGG	1.6923
present_v_absent	accept	GuideScan2	rejected_side	not_generated	GCTCTGTGCTGCGGGTGCTCTGG	1.3
present_v_absent	accept	GuideScan2	rejected_side	not_generated	GCCCAGTTAGCCCCGAGCTTCGG	1.0
present_v_absent	accept	GuideScan2	rejected_side	not_generated	TCCGAAGCTCGGGGCTAACTGGG	1.0
present_v_absent	accept	GuideScan2	rejected_side	not_generated	CTCCGAAGCTCGGGGCTAACTGG	1.0
present_v_absent	accept	GuideScan2	rejected_side	not_generated	TCTCGGGTCTCCGAAGCTCGGGG	1.0
present_v_absent	accept	GuideScan2	rejected_side	not_generated	CTCTCGGGTCTCCGAAGCTCGGG	1.0
present_v_absent	accept	GuideScan2	rejected_side	not_generated	TCTCTCGGGTCTCCGAAGCTCGG	1.0
present_v_absent	accept	GuideScan2	rejected_side	not_generated	TCGGAGACCCGAGAGACCAGAGG	1.0
present_v_absent	accept	GuideScan2	rejected_side	not_generated	AGACCCGAGAGACCAGAGGATGG	1.0
present_v_absent	accept	GuideScan2	rejected_side	not_generated	CAGCCATCCTCTGGTCTCTCGGG	1.0
present_v_absent	accept	GuideScan2	rejected_side	not_generated	TCAGCCATCCTCTGGTCTCTCGG	1.6923
present_v_absent	accept	GuideScan2	rejected_side	not_generated	CCAGAGGATGGCTGACACGAAGG	1.0
present_v_absent	accept	GuideScan2	rejected_side	not_generated	CAGAGGATGGCTGACACGAAGGG	1.0
present_v_absent	accept	GuideScan2	rejected_side	not_generated	AGAGGATGGCTGACACGAAGGGG	1.0
present_v_absent	accept	GuideScan2	rejected_side	not_generated	GGGGCACCCGAGACAGCGCCTGG	1.2185
present_v_absent	accept	GuideScan2	rejected_side	not_generated	GGGCACCCGAGACAGCGCCTGGG	1.1176
present_v_absent	accept	GuideScan2	rejected_side	not_generated	AAAAGCCCAGGCGCTGTCTCGGG	1.1227
present_v_absent	accept	GuideScan2	rejected_side	not_generated	AAAAAGCCCAGGCGCTGTCTCGG	1.0
present_v_absent	accept	GuideScan2	rejected_side	not_generated	CCTGGGCTTTTTCCCGCCCGCGG	1.0
present_v_absent	accept	GuideScan2	rejected_side	not_generated	AGAGCGGTGGAACCGCGGGCGGG	1.0
present_v_absent	accept	GuideScan2	rejected_side	not_generated	CAGAGCGGTGGAACCGCGGGCGG	1.0
present_v_absent	accept	GuideScan2	rejected_side	not_generated	TTTCAGAGCGGTGGAACCGCGGG	1.0
present_v_absent	accept	GuideScan2	rejected_side	not_generated	GTTTCAGAGCGGTGGAACCGCGG	1.0
present_v_absent	accept	GuideScan2	rejected_side	not_generated	AGAAATCGGTTTCAGAGCGGTGG	1.0
present_v_absent	accept	GuideScan2	rejected_side	not_generated	GTTAGAAATCGGTTTCAGAGCGG	1.0
present_v_absent	accept	GuideScan2	rejected_side	not_generated	CAGAAACAGGCCCATAGAGTTGG	1.0
present_v_absent	accept	GuideScan2	rejected_side	not_generated	TGTTTGTTTTCTGCAGAAACAGG	3.6291
present_v_absent	accept	GuideScan2	rejected_side	not_generated	GACGTGTGGAGTACGTGATCTGG	1.0
present_v_absent	accept	GuideScan2	rejected_side	not_generated	GTGGAGTACGTGATCTGGTGTGG	1.0
present_v_absent	accept	GuideScan2	rejected_side	not_generated	TGGAGTACGTGATCTGGTGTGGG	1.0
present_v_absent	accept	GuideScan2	rejected_side	not_generated	GTGATCTGGTGTGGGATTGCTGG	2.1333
present_v_absent	accept	GuideScan2	rejected_side	not_generated	CAAGAAGTGGATGACAGTGTAGG	1.2045
present_v_absent	accept	GuideScan2	rejected_side	not_generated	CTACACTGTCATCCACTTCTTGG	1.3409
present_v_absent	accept	GuideScan2	rejected_side	not_generated	CACTGTCATCCACTTCTTGGTGG	1.0
present_v_absent	accept	GuideScan2	rejected_side	not_generated	ACTGTCATCCACTTCTTGGTGGG	1.0
present_v_absent	accept	GuideScan2	rejected_side	not_generated	TCACAAAGCCCACCAAGAAGTGG	1.0
present_v_absent	accept	GuideScan2	rejected_side	not_generated	AATAAAATTATGAGGACAGATGG	1.5848
present_v_absent	accept	GuideScan2	rejected_side	not_generated	TTTGGTAAAATAAAATTATGAGG	3.0227
present_v_absent	accept	GuideScan2	rejected_side	not_generated	CATAATTTTATTTTACCAAAAGG	4.4386
present_v_absent	accept	GuideScan2	rejected_side	not_generated	AAATATATTTTATGACCTTTTGG	1.6
present_v_absent	accept	GuideScan2	rejected_side	not_generated	AAAAGGTCATAAAATATATTTGG	2.4565
present_v_absent	accept	GuideScan2	rejected_side	not_generated	ATAAAATATATTTGGAGAATAGG	2.4248
present_v_absent	accept	GuideScan2	rejected_side	not_generated	ATTTGGAGAATAGGCACAGATGG	1.0
present_v_absent	accept	GuideScan2	rejected_side	not_generated	AATAGGCACAGATGGCCGAACGG	1.0
present_v_absent	accept	GuideScan2	rejected_side	not_generated	GCACAGATGGCCGAACGGTGAGG	1.0
present_v_absent	accept	GuideScan2	rejected_side	not_generated	CAGATGGCCGAACGGTGAGGAGG	1.0
present_v_absent	accept	GuideScan2	rejected_side	not_generated	TCATTGTCCTCCTCACCGTTCGG	1.7273
present_v_absent	accept	GuideScan2	rejected_side	not_generated	GGACAATGAACATTGTCCCTCGG	1.0
present_v_absent	accept	GuideScan2	rejected_side	not_generated	AGCGCCGAGGGCGTCCAGCGGGG	1.0
present_v_absent	accept	GuideScan2	rejected_side	not_generated	GAGCGCCGAGGGCGTCCAGCGGG	1.0
present_v_absent	accept	GuideScan2	rejected_side	not_generated	AGAGCGCCGAGGGCGTCCAGCGG	1.0
present_v_absent	accept	GuideScan2	rejected_side	not_generated	TCGTGAGGCGAGAGCGCCGAGGG	1.0
present_v_absent	accept	GuideScan2	rejected_side	not_generated	CTCGTGAGGCGAGAGCGCCGAGG	1.0
present_v_absent	accept	GuideScan2	rejected_side	not_generated	CTCGGCGCTCTCGCCTCACGAGG	1.0
present_v_absent	accept	GuideScan2	rejected_side	not_generated	TAGTTCAGATTATTTTTGAGTGG	1.0978
present_v_absent	accept	GuideScan2	rejected_side	not_generated	GGGGAAAGAGAGGACGGTGAAGG	1.7955
present_v_absent	accept	GuideScan2	rejected_side	not_generated	GGGAAAGAGAGGACGGTGAAGGG	1.7161
present_v_absent	accept	GuideScan2	rejected_side	not_generated	TGTTTCCGCTGCACTGCTGGTGG	1.0
present_v_absent	accept	GuideScan2	rejected_side	not_generated	TTTTGTTTCCGCTGCACTGCTGG	1.1333
present_v_absent	accept	GuideScan2	rejected_side	not_generated	CAGTGCAGCGGAAACAAAAGAGG	1.0
present_v_absent	accept	GuideScan2	rejected_side	not_generated	TGCAGCGGAAACAAAAGAGGTGG	1.0
present_v_absent	accept	GuideScan2	rejected_side	not_generated	GGAAACAAAAGAGGTGGACCAGG	1.3898
present_v_absent	accept	GuideScan2	rejected_side	not_generated	GGGGATGGGGAGATGGACCTCGG	1.1795
present_v_absent	accept	GuideScan2	rejected_side	not_generated	CAAGCTAGGGGATGGGGAGATGG	1.5859
present_v_absent	accept	GuideScan2	rejected_side	not_generated	AGGACACAAGCTAGGGGATGGGG	1.0
present_v_absent	accept	GuideScan2	rejected_side	not_generated	GAGGACACAAGCTAGGGGATGGG	1.0
present_v_absent	accept	GuideScan2	rejected_side	not_generated	AGAGGACACAAGCTAGGGGATGG	1.0
present_v_absent	accept	GuideScan2	rejected_side	not_generated	GACGAGAGGACACAAGCTAGGGG	1.0
present_v_absent	accept	GuideScan2	rejected_side	not_generated	GGACGAGAGGACACAAGCTAGGG	1.0
present_v_absent	accept	GuideScan2	rejected_side	not_generated	GGGACGAGAGGACACAAGCTAGG	1.0
present_v_absent	accept	GuideScan2	rejected_side	not_generated	GACAGGTGGGAAGGGACGAGAGG	1.0
present_v_absent	accept	GuideScan2	rejected_side	not_generated	AGGGAGAAGACAGGTGGGAAGGG	3.7
present_v_absent	accept	GuideScan2	rejected_side	not_generated	GAGGGAGAAGACAGGTGGGAAGG	3.5278
present_v_absent	accept	GuideScan2	rejected_side	not_generated	TACAGAGGGAGAAGACAGGTGGG	1.9286
present_v_absent	accept	GuideScan2	rejected_side	not_generated	GTACAGAGGGAGAAGACAGGTGG	1.6679
present_v_absent	accept	GuideScan2	rejected_side	not_generated	GTGGTACAGAGGGAGAAGACAGG	1.619
present_v_absent	accept	GuideScan2	rejected_side	not_generated	CTCCCTCTGTACCACAGCTTAGG	1.4375
present_v_absent	accept	GuideScan2	rejected_side	not_generated	AACCTAAGCTGTGGTACAGAGGG	1.9286
present_v_absent	accept	GuideScan2	rejected_side	not_generated	CAACCTAAGCTGTGGTACAGAGG	1.0
present_v_absent	accept	GuideScan2	rejected_side	not_generated	AAGAAAAACAACCTAAGCTGTGG	1.0
present_v_absent	accept	GuideScan2	rejected_side	not_generated	GTTGTTTTTCTTCCCTAGAGCGG	1.0
present_v_absent	accept	GuideScan2	rejected_side	not_generated	TTGTTTTTCTTCCCTAGAGCGGG	1.0882
present_v_absent	accept	GuideScan2	rejected_side	not_generated	CATCTTCTCTGCCCGCTCTAGGG	1.0
present_v_absent	accept	GuideScan2	rejected_side	not_generated	CCTAGAGCGGGCAGAGAAGATGG	1.0
present_v_absent	accept	GuideScan2	rejected_side	not_generated	CTAGAGCGGGCAGAGAAGATGGG	1.7333
present_v_absent	accept	GuideScan2	rejected_side	not_generated	ATGGAATACGGTTGAGATTCTGG	1.0
present_v_absent	accept	GuideScan2	rejected_side	not_generated	TCTCAACCGTATTCCATACAAGG	1.0
present_v_absent	accept	GuideScan2	rejected_side	not_generated	GATGTCCAAGTAGGGGTCGTAGG	1.0
present_v_absent	accept	GuideScan2	rejected_side	not_generated	CCCCTACTTGGACATCGCGCTGG	1.0
present_v_absent	accept	GuideScan2	rejected_side	not_generated	TCCAGCGCGATGTCCAAGTAGGG	1.0
present_v_absent	accept	GuideScan2	rejected_side	not_generated	CTCCAGCGCGATGTCCAAGTAGG	1.0
present_v_absent	accept	GuideScan2	rejected_side	not_generated	TGGACATCGCGCTGGAGATCCGG	1.0
present_v_absent	accept	GuideScan2	rejected_side	not_generated	CAGCTGACCTTGCCCCAGTCAGG	1.0
present_v_absent	accept	GuideScan2	rejected_side	not_generated	GACTGGGGCAAGGTCAGCTGTGG	1.0
present_v_absent	accept	GuideScan2	rejected_side	not_generated	ACTGGGGCAAGGTCAGCTGTGGG	1.0
present_v_absent	accept	GuideScan2	rejected_side	not_generated	GCAAGGTCAGCTGTGGGCAGTGG	2.777
present_v_absent	accept	GuideScan2	rejected_side	not_generated	AGGTCAGCTGTGGGCAGTGGAGG	1.2238
present_v_absent	accept	GuideScan2	rejected_side	not_generated	GGTCAGCTGTGGGCAGTGGAGGG	1.0963
present_v_absent	accept	GuideScan2	rejected_side	not_generated	TGTGGGCAGTGGAGGGAGAGAGG	3.2093
present_v_absent	accept	GuideScan2	rejected_side	not_generated	CATTTCTGGAAGGGTCTGAAGGG	1.0
present_v_absent	accept	GuideScan2	rejected_side	not_generated	GCATTTCTGGAAGGGTCTGAAGG	1.0
present_v_absent	accept	GuideScan2	rejected_side	not_generated	ACCCTTCCAGAAATGCCTTTTGG	1.6875
present_v_absent	accept	GuideScan2	rejected_side	not_generated	ACCAAAAGGCATTTCTGGAAGGG	1.0
present_v_absent	accept	GuideScan2	rejected_side	not_generated	CACCAAAAGGCATTTCTGGAAGG	1.0
present_v_absent	accept	GuideScan2	rejected_side	not_generated	CTTCCAGAAATGCCTTTTGGTGG	1.0
present_v_absent	accept	GuideScan2	rejected_side	not_generated	AGGCCACCAAAAGGCATTTCTGG	1.0
present_v_absent	accept	GuideScan2	rejected_side	not_generated	AAATGCCTTTTGGTGGCCTGAGG	1.0
present_v_absent	accept	GuideScan2	rejected_side	not_generated	GTAAACCTCAGGCCACCAAAAGG	1.6429
present_v_absent	accept	GuideScan2	rejected_side	not_generated	TATCAGGACAGGTAAACCTCAGG	1.0
present_v_absent	accept	GuideScan2	rejected_side	not_generated	AACTATCAGTGTATCAGGACAGG	1.0
present_v_absent	accept	GuideScan2	rejected_side	not_generated	TAGGTAACTATCAGTGTATCAGG	1.0
present_v_absent	accept	GuideScan2	rejected_side	not_generated	ACTCAAACAGGGAGGTGGGTAGG	1.0
present_v_absent	accept	GuideScan2	rejected_side	not_generated	GGATACTCAAACAGGGAGGTGGG	1.0
present_v_absent	accept	GuideScan2	rejected_side	not_generated	AGGATACTCAAACAGGGAGGTGG	1.325
present_v_absent	accept	GuideScan2	rejected_side	not_generated	AGGAGGATACTCAAACAGGGAGG	1.0
present_v_absent	accept	GuideScan2	rejected_side	not_generated	CTGAGGAGGATACTCAAACAGGG	1.1969
present_v_absent	accept	GuideScan2	rejected_side	not_generated	TCTGAGGAGGATACTCAAACAGG	1.0
present_v_absent	accept	GuideScan2	rejected_side	not_generated	TAGCAGTGTGGTGACATCAGGGG	1.0
present_v_absent	accept	GuideScan2	rejected_side	not_generated	ATAGCAGTGTGGTGACATCAGGG	1.6667
present_v_absent	accept	GuideScan2	rejected_side	not_generated	TATAGCAGTGTGGTGACATCAGG	1.3297
