class	truth	tool	group	verdict	guide	cfd_cuts
multiple_v_single	reject	kRISP-meR	rejected_side	reject	AAAATTGAGAGTGAACTGAAAGG	4.4396
multiple_v_single	reject	kRISP-meR	rejected_side	reject	CTTCTGAATTTTGTATCTGAAGG	2.0
multiple_v_single	reject	kRISP-meR	rejected_side	reject	TCCGCCGCCGCCGGTGGTGGTGG	21.5945
multiple_v_single	reject	kRISP-meR	rejected_side	reject	ACCACCACCGGCGGCGGCGGAGG	25.946
multiple_v_single	reject	kRISP-meR	rejected_side	reject	GACAGCGGCGGCGGCGGTGGCGG	313.7519
multiple_v_single	reject	kRISP-meR	rejected_side	reject	CGTTGGCGGTGGGTCCCCGGCGG	3.5448
multiple_v_single	reject	kRISP-meR	rejected_side	reject	CGTCGTTGGCGGTGGGTCCCCGG	3.8766
multiple_v_single	reject	kRISP-meR	rejected_side	reject	GCGCATCCTCTCCACTCCGACGG	2.7895
multiple_v_single	reject	kRISP-meR	accepted	accept	GCTGAGCCGTCGGAGTGGAGAGG	2.1765
multiple_v_single	reject	kRISP-meR	rejected_side	reject	TCTCCACTCCGACGGCTCAGCGG	3.0
multiple_v_single	reject	kRISP-meR	rejected_side	reject	GCTCCGCTGAGCCGTCGGAGTGG	3.181
multiple_v_single	reject	kRISP-meR	rejected_side	reject	TCCGACGGCTCAGCGGAGCTCGG	3.1948
multiple_v_single	reject	kRISP-meR	rejected_side	reject	GCCGAGCTCCGCTGAGCCGTCGG	2.0
multiple_v_single	reject	kRISP-meR	rejected_side	reject	CGCAAGGACGAAGGCAAGGACGG	2.7143
multiple_v_single	reject	kRISP-meR	rejected_side	reject	GAATGCAGCAAGTGCACGGCCGG	3.0
multiple_v_single	reject	kRISP-meR	rejected_side	reject	AATGCAGCAAGTGCACGGCCGGG	2.2273
multiple_v_single	reject	kRISP-meR	rejected_side	reject	CAGCAAGTGCACGGCCGGGAAGG	2.0
multiple_v_single	reject	kRISP-meR	rejected_side	reject	TGGGAAGACGGCGTCGTCCAAGG	2.6522
multiple_v_single	reject	kRISP-meR	rejected_side	not_generated	GTTTTGATTTTGGTTAAAATTGG	77.5963
multiple_v_single	reject	kRISP-meR	rejected_side	reject	ATCCGTTCTGTCAGGCATCTCGG	9.6667
multiple_v_single	reject	kRISP-meR	rejected_side	reject	AGCCGAGATGCCTGACAGAACGG	7.5956
multiple_v_single	reject	kRISP-meR	rejected_side	reject	CTGTCAGGCATCTCGGCTTACGG	6.3925
multiple_v_single	reject	kRISP-meR	rejected_side	reject	TGTCAGGCATCTCGGCTTACGGG	9.7202
multiple_v_single	reject	kRISP-meR	rejected_side	reject	AGCGACGACGACGACGACCACGG	35.3111
multiple_v_single	reject	kRISP-meR	rejected_side	reject	CAATTCTTGGCCCAATGCCCAGG	21.828
multiple_v_single	reject	kRISP-meR	rejected_side	reject	CGCCGCCGCGGCGGCCGGGGTGG	9.3282
multiple_v_single	reject	kRISP-meR	rejected_side	reject	TGCAGAGGGGGAGTCGGCCTAGG	48.7097
multiple_v_single	reject	kRISP-meR	rejected_side	reject	AGGCCGACTCCCCCTCTGCACGG	28.3706
multiple_v_single	reject	kRISP-meR	rejected_side	reject	CCGACTCCCCCTCTGCACGGAGG	41.3941
multiple_v_single	reject	kRISP-meR	rejected_side	reject	GCGCAACATGGTCAGAAATCCGG	2.0
multiple_v_single	reject	kRISP-meR	rejected_side	reject	GGATTTCTGACCATGTTGCGCGG	2.0
multiple_v_single	reject	kRISP-meR	rejected_side	reject	GATTTCTGACCATGTTGCGCGGG	2.0
multiple_v_single	reject	kRISP-meR	rejected_side	reject	ACCATGTTGCGCGGGAGAGATGG	2.0
multiple_v_single	reject	kRISP-meR	rejected_side	reject	GCCATCTCTCCCGCGCAACATGG	2.0
multiple_v_single	reject	kRISP-meR	rejected_side	reject	TTTCATTAAGAAGAGAAAAAAGG	2.8029
multiple_v_single	reject	kRISP-meR	rejected_side	reject	TGGTTTCGGATGGAATGTCAAGG	2.7922
multiple_v_single	reject	kRISP-meR	rejected_side	not_generated	AACGAGAGAGAGAGAGAGAGGGG	256.1256
multiple_v_single	reject	kRISP-meR	accepted	accept	GGGCCGGGCAGCCTCGCGGCGGG	12.4385
multiple_v_single	reject	kRISP-meR	rejected_side	reject	GCGGGCGGTGCGCCGGCGGCCGG	12.4707
multiple_v_single	reject	kRISP-meR	accepted	accept	GGCGGGAGGCGTGGGGAGGCGGG	4.8129
multiple_v_single	reject	kRISP-meR	rejected_side	reject	GGGAGGCGTGGGGAGGCGGGAGG	4.9992
multiple_v_single	reject	kRISP-meR	rejected_side	reject	AGGCGTGGGGAGGCGGGAGGCGG	9.6446
multiple_v_single	reject	kRISP-meR	rejected_side	reject	GGGGAGGCGGGAGGCGGACAAGG	3.875
multiple_v_single	reject	kRISP-meR	rejected_side	reject	GAGGCGGGAGGCGGACAAGGTGG	3.8667
multiple_v_single	reject	kRISP-meR	rejected_side	reject	AGGCGGGAGGCGGACAAGGTGGG	3.6471
multiple_v_single	reject	kRISP-meR	rejected_side	reject	CGGGAGGCGGACAAGGTGGGAGG	4.0027
multiple_v_single	reject	kRISP-meR	rejected_side	reject	CACAACGAAAGGGCACAAAAAGG	2.0536
multiple_v_single	reject	kRISP-meR	rejected_side	reject	TGTTAGAATAGTTCAGGTCTAGG	3.0
multiple_v_single	reject	kRISP-meR	rejected_side	not_generated	CGAGGAGGAGGAGGAGGCCGAGG	61.445
multiple_v_single	reject	kRISP-meR	rejected_side	reject	AGACGACGGCGAGGAGGAGGAGG	68.6892
multiple_v_single	reject	kRISP-meR	accepted	accept	TGGTGCCGCAGCCGAACGGGCGG	2.65
multiple_v_single	reject	kRISP-meR	accepted	accept	TGCCGCAGCCGAACGGGCGGTGG	2.781
multiple_v_single	reject	kRISP-meR	accepted	accept	GCCGCAGCCGAACGGGCGGTGGG	2.7745
multiple_v_single	reject	kRISP-meR	accepted	accept	CCGCAGCCGAACGGGCGGTGGGG	2.7143
multiple_v_single	reject	kRISP-meR	accepted	accept	CGCAGCCGAACGGGCGGTGGGGG	2.72
multiple_v_single	reject	kRISP-meR	rejected_side	reject	GCAGCCGAACGGGCGGTGGGGGG	3.125
multiple_v_single	reject	kRISP-meR	rejected_side	reject	TGCGCCCCCCACCGCCCGTTCGG	2.6818
multiple_v_single	reject	kRISP-meR	rejected_side	reject	TGTGCAACAAGTTGAACTGTTGG	2.0
multiple_v_single	reject	kRISP-meR	rejected_side	reject	CAATGGAGTAATCCTTATGATGG	2.0
multiple_v_single	reject	kRISP-meR	rejected_side	reject	CCTACCGATTGCCATAAGAGCGG	9.5931
multiple_v_single	reject	kRISP-meR	rejected_side	reject	TTGACCGCTCTTATGGCAATCGG	9.3809
multiple_v_single	reject	kRISP-meR	rejected_side	reject	AACTCTTACAGCGCTGCCCACGG	43.7668
multiple_v_single	reject	kRISP-meR	rejected_side	not_generated	GCGCTGTAAGAGTTCCCTCCCGG	110.1422
multiple_v_single	reject	kRISP-meR	rejected_side	reject	GAACATCGGGTTCGAGGCGGTGG	2.4477
multiple_v_single	reject	kRISP-meR	rejected_side	reject	TGGTGGTGGTGGTGGTGATGAGG	108.62
multiple_v_single	reject	kRISP-meR	rejected_side	not_generated	TGTGTATCTCGGCTGATTTCTGG	502.6017
multiple_v_single	reject	kRISP-meR	rejected_side	reject	TCCACAGATGATCCCTTCCCAGG	3.7571
multiple_v_single	reject	kRISP-meR	rejected_side	reject	ACCTGGGAAGGGATCATCTGTGG	4.0
multiple_v_single	reject	kRISP-meR	rejected_side	reject	CAGATTGTTGCACCTGGGAAGGG	2.875
multiple_v_single	reject	kRISP-meR	rejected_side	reject	ACAGATTGTTGCACCTGGGAAGG	3.6875
multiple_v_single	reject	kRISP-meR	accepted	accept	GCGCGTGCGCGCGCGCCGAGAGG	2.2185
multiple_v_single	reject	kRISP-meR	accepted	accept	CGTGCGCGCGCGCCGAGAGGAGG	2.0
multiple_v_single	reject	kRISP-meR	rejected_side	reject	GGAGAGGGGGCGGAGGGGGAGGG	12.4215
multiple_v_single	reject	kRISP-meR	rejected_side	reject	TAACTTAAAGCCTTGTATACAGG	4.0
multiple_v_single	reject	kRISP-meR	rejected_side	reject	CGACGAGGAGGAGGACGACGAGG	43.7761
multiple_v_single	reject	kRISP-meR	rejected_side	reject	CGTCGGCCATCCGGGCGCCGAGG	2.9229
multiple_v_single	reject	kRISP-meR	accepted	accept	AGAGCTCCTCCACGACGTCGTGG	2.0
multiple_v_single	reject	kRISP-meR	rejected_side	reject	ACGACGTCGTGGAGGAGCTCTGG	3.2308
multiple_v_single	reject	kRISP-meR	rejected_side	reject	GCTTTTGGCTGAACCTGTACTGG	2.0
multiple_v_single	reject	kRISP-meR	rejected_side	reject	AGTACAGGTTCAGCCAAAAGCGG	2.0
multiple_v_single	reject	kRISP-meR	rejected_side	reject	ATCAAATCGCTTGCCGCTTTTGG	4.0
multiple_v_single	reject	kRISP-meR	rejected_side	reject	TTTATAGCTGAATTAAGCAGTGG	2.0
multiple_v_single	reject	kRISP-meR	rejected_side	reject	ACGCCGTCGTGGCGGCGGCGGGG	6.7264
multiple_v_single	reject	kRISP-meR	rejected_side	reject	ATCAGGAAAAATCTGATTGAAGG	4.4286
multiple_v_single	reject	kRISP-meR	rejected_side	reject	GAAGTAGTCAACAGCAGAGCAGG	4.75
multiple_v_single	reject	kRISP-meR	rejected_side	reject	CGGAGAGGAAGTTGCGGCACTGG	2.5
multiple_v_single	reject	kRISP-meR	rejected_side	reject	GGGGTTGGGGGTGGGGTGGGGGG	14.3428
multiple_v_single	reject	kRISP-meR	rejected_side	reject	CGGGGTTGGGGGTGGGGTGGGGG	6.2127
multiple_v_single	reject	kRISP-meR	rejected_side	reject	TCGTTCCCATGCTTTAGGAATGG	8.5765
multiple_v_single	reject	kRISP-meR	rejected_side	reject	GATGGAATCTACATAACTTGTGG	2.0
multiple_v_single	reject	kRISP-meR	rejected_side	reject	CAGCAACAGCGGTGAGAAGATGG	2.0
multiple_v_single	reject	kRISP-meR	rejected_side	reject	AAGATTATTTGCAGCAACAGCGG	2.0
multiple_v_single	reject	kRISP-meR	rejected_side	reject	AAATAATCTTTGTTAACTAATGG	2.0
multiple_v_single	reject	kRISP-meR	rejected_side	reject	GGTACCCAGATTGCTTACTTTGG	2.0
multiple_v_single	reject	kRISP-meR	rejected_side	reject	AGGTCCAAAGTAAGCAATCTGGG	2.0
multiple_v_single	reject	kRISP-meR	rejected_side	reject	TAGGTCCAAAGTAAGCAATCTGG	2.0
multiple_v_single	reject	kRISP-meR	rejected_side	reject	GGAACATAAAGGAGAAGCATAGG	2.0
multiple_v_single	reject	kRISP-meR	rejected_side	reject	TGTTGCAGGAAGGAACATAAAGG	2.0
multiple_v_single	reject	kRISP-meR	rejected_side	reject	GGAGTAGGCGGCGGCGGCGGCGG	272.9139
multiple_v_single	reject	kRISP-meR	rejected_side	reject	AGATGAAAAGGTACCTATTGAGG	2.0
multiple_v_single	reject	kRISP-meR	rejected_side	reject	TGCATGTCAGCAACCTCAATAGG	2.0
multiple_v_single	reject	kRISP-meR	rejected_side	reject	ACTAAGACGCCGAAACCAGATGG	15.7959
multiple_v_single	reject	kRISP-meR	rejected_side	reject	TTGATTGCGCCATCTGGTTTCGG	46.0982
multiple_v_single	reject	kRISP-meR	rejected_side	reject	GAGGGAGATGGAGGAGGAGGAGG	49.7352
multiple_v_single	reject	kRISP-meR	rejected_side	reject	AATTGAGGAGGTAGGAGCAAAGG	2.0
multiple_v_single	reject	kRISP-meR	rejected_side	reject	GCAGAATCAATTGAGGAGGTAGG	2.0
multiple_v_single	reject	kRISP-meR	rejected_side	reject	TGTAGCAGAATCAATTGAGGAGG	2.0
multiple_v_single	reject	kRISP-meR	rejected_side	reject	ACTTGTAGCAGAATCAATTGAGG	2.0
multiple_v_single	reject	kRISP-meR	rejected_side	reject	AGCATGAGCATATTCAGGGGGGG	3.0
multiple_v_single	reject	CRISPOR	rejected_side	reject	AAAATTGAGAGTGAACTGAAAGG	4.4396
multiple_v_single	reject	CRISPOR	accepted	accept	CTTCTGAATTTTGTATCTGAAGG	2.0
multiple_v_single	reject	CRISPOR	rejected_side	reject	TCCGCCGCCGCCGGTGGTGGTGG	21.5945
multiple_v_single	reject	CRISPOR	rejected_side	reject	ACCACCACCGGCGGCGGCGGAGG	25.946
multiple_v_single	reject	CRISPOR	rejected_side	reject	GACAGCGGCGGCGGCGGTGGCGG	313.7519
multiple_v_single	reject	CRISPOR	rejected_side	reject	CGTTGGCGGTGGGTCCCCGGCGG	3.5448
multiple_v_single	reject	CRISPOR	rejected_side	reject	CGTCGTTGGCGGTGGGTCCCCGG	3.8766
multiple_v_single	reject	CRISPOR	rejected_side	reject	GCGCATCCTCTCCACTCCGACGG	2.7895
multiple_v_single	reject	CRISPOR	accepted	accept	GCTGAGCCGTCGGAGTGGAGAGG	2.1765
multiple_v_single	reject	CRISPOR	rejected_side	reject	TCTCCACTCCGACGGCTCAGCGG	3.0
multiple_v_single	reject	CRISPOR	accepted	accept	GCTCCGCTGAGCCGTCGGAGTGG	3.181
multiple_v_single	reject	CRISPOR	accepted	accept	TCCGACGGCTCAGCGGAGCTCGG	3.1948
multiple_v_single	reject	CRISPOR	accepted	accept	GCCGAGCTCCGCTGAGCCGTCGG	2.0
multiple_v_single	reject	CRISPOR	accepted	accept	CGCAAGGACGAAGGCAAGGACGG	2.7143
multiple_v_single	reject	CRISPOR	accepted	accept	GAATGCAGCAAGTGCACGGCCGG	3.0
multiple_v_single	reject	CRISPOR	rejected_side	reject	AATGCAGCAAGTGCACGGCCGGG	2.2273
multiple_v_single	reject	CRISPOR	accepted	accept	CAGCAAGTGCACGGCCGGGAAGG	2.0
multiple_v_single	reject	CRISPOR	accepted	accept	TGGGAAGACGGCGTCGTCCAAGG	2.6522
multiple_v_single	reject	CRISPOR	rejected_side	reject	GTTTTGATTTTGGTTAAAATTGG	77.5963
multiple_v_single	reject	CRISPOR	rejected_side	reject	ATCCGTTCTGTCAGGCATCTCGG	9.6667
multiple_v_single	reject	CRISPOR	rejected_side	reject	AGCCGAGATGCCTGACAGAACGG	7.5956
multiple_v_single	reject	CRISPOR	rejected_side	reject	CTGTCAGGCATCTCGGCTTACGG	6.3925
multiple_v_single	reject	CRISPOR	rejected_side	reject	TGTCAGGCATCTCGGCTTACGGG	9.7202
multiple_v_single	reject	CRISPOR	rejected_side	reject	AGCGACGACGACGACGACCACGG	35.3111
multiple_v_single	reject	CRISPOR	rejected_side	reject	CAATTCTTGGCCCAATGCCCAGG	21.828
multiple_v_single	reject	CRISPOR	rejected_side	reject	CGCCGCCGCGGCGGCCGGGGTGG	9.3282
multiple_v_single	reject	CRISPOR	rejected_side	reject	TGCAGAGGGGGAGTCGGCCTAGG	48.7097
multiple_v_single	reject	CRISPOR	rejected_side	reject	AGGCCGACTCCCCCTCTGCACGG	28.3706
multiple_v_single	reject	CRISPOR	rejected_side	reject	CCGACTCCCCCTCTGCACGGAGG	41.3941
multiple_v_single	reject	CRISPOR	accepted	accept	GCGCAACATGGTCAGAAATCCGG	2.0
multiple_v_single	reject	CRISPOR	accepted	accept	GGATTTCTGACCATGTTGCGCGG	2.0
multiple_v_single	reject	CRISPOR	accepted	accept	GATTTCTGACCATGTTGCGCGGG	2.0
multiple_v_single	reject	CRISPOR	rejected_side	reject	ACCATGTTGCGCGGGAGAGATGG	2.0
multiple_v_single	reject	CRISPOR	accepted	accept	GCCATCTCTCCCGCGCAACATGG	2.0
multiple_v_single	reject	CRISPOR	accepted	accept	TTTCATTAAGAAGAGAAAAAAGG	2.8029
multiple_v_single	reject	CRISPOR	rejected_side	reject	TGGTTTCGGATGGAATGTCAAGG	2.7922
multiple_v_single	reject	CRISPOR	rejected_side	reject	AACGAGAGAGAGAGAGAGAGGGG	256.1256
multiple_v_single	reject	CRISPOR	rejected_side	reject	GGGCCGGGCAGCCTCGCGGCGGG	12.4385
multiple_v_single	reject	CRISPOR	rejected_side	reject	GCGGGCGGTGCGCCGGCGGCCGG	12.4707
multiple_v_single	reject	CRISPOR	rejected_side	reject	GGCGGGAGGCGTGGGGAGGCGGG	4.8129
multiple_v_single	reject	CRISPOR	rejected_side	reject	GGGAGGCGTGGGGAGGCGGGAGG	4.9992
multiple_v_single	reject	CRISPOR	rejected_side	reject	AGGCGTGGGGAGGCGGGAGGCGG	9.6446
multiple_v_single	reject	CRISPOR	rejected_side	reject	GGGGAGGCGGGAGGCGGACAAGG	3.875
multiple_v_single	reject	CRISPOR	rejected_side	reject	GAGGCGGGAGGCGGACAAGGTGG	3.8667
multiple_v_single	reject	CRISPOR	accepted	accept	AGGCGGGAGGCGGACAAGGTGGG	3.6471
multiple_v_single	reject	CRISPOR	rejected_side	reject	CGGGAGGCGGACAAGGTGGGAGG	4.0027
multiple_v_single	reject	CRISPOR	accepted	accept	CACAACGAAAGGGCACAAAAAGG	2.0536
multiple_v_single	reject	CRISPOR	accepted	accept	TGTTAGAATAGTTCAGGTCTAGG	3.0
multiple_v_single	reject	CRISPOR	rejected_side	reject	CGAGGAGGAGGAGGAGGCCGAGG	61.445
multiple_v_single	reject	CRISPOR	rejected_side	reject	AGACGACGGCGAGGAGGAGGAGG	68.6892
multiple_v_single	reject	CRISPOR	rejected_side	reject	TGGTGCCGCAGCCGAACGGGCGG	2.65
multiple_v_single	reject	CRISPOR	rejected_side	reject	TGCCGCAGCCGAACGGGCGGTGG	2.781
multiple_v_single	reject	CRISPOR	rejected_side	reject	GCCGCAGCCGAACGGGCGGTGGG	2.7745
multiple_v_single	reject	CRISPOR	rejected_side	reject	CCGCAGCCGAACGGGCGGTGGGG	2.7143
multiple_v_single	reject	CRISPOR	rejected_side	reject	CGCAGCCGAACGGGCGGTGGGGG	2.72
multiple_v_single	reject	CRISPOR	rejected_side	reject	GCAGCCGAACGGGCGGTGGGGGG	3.125
multiple_v_single	reject	CRISPOR	accepted	accept	TGCGCCCCCCACCGCCCGTTCGG	2.6818
multiple_v_single	reject	CRISPOR	rejected_side	reject	TGTGCAACAAGTTGAACTGTTGG	2.0
multiple_v_single	reject	CRISPOR	accepted	accept	CAATGGAGTAATCCTTATGATGG	2.0
multiple_v_single	reject	CRISPOR	rejected_side	reject	CCTACCGATTGCCATAAGAGCGG	9.5931
multiple_v_single	reject	CRISPOR	rejected_side	reject	TTGACCGCTCTTATGGCAATCGG	9.3809
multiple_v_single	reject	CRISPOR	rejected_side	reject	AACTCTTACAGCGCTGCCCACGG	43.7668
multiple_v_single	reject	CRISPOR	rejected_side	reject	GCGCTGTAAGAGTTCCCTCCCGG	110.1422
multiple_v_single	reject	CRISPOR	rejected_side	reject	GAACATCGGGTTCGAGGCGGTGG	2.4477
multiple_v_single	reject	CRISPOR	rejected_side	reject	TGGTGGTGGTGGTGGTGATGAGG	108.62
multiple_v_single	reject	CRISPOR	rejected_side	reject	TGTGTATCTCGGCTGATTTCTGG	502.6017
multiple_v_single	reject	CRISPOR	rejected_side	reject	TCCACAGATGATCCCTTCCCAGG	3.7571
multiple_v_single	reject	CRISPOR	rejected_side	reject	ACCTGGGAAGGGATCATCTGTGG	4.0
multiple_v_single	reject	CRISPOR	rejected_side	reject	CAGATTGTTGCACCTGGGAAGGG	2.875
multiple_v_single	reject	CRISPOR	accepted	accept	ACAGATTGTTGCACCTGGGAAGG	3.6875
multiple_v_single	reject	CRISPOR	rejected_side	reject	GCGCGTGCGCGCGCGCCGAGAGG	2.2185
multiple_v_single	reject	CRISPOR	rejected_side	reject	CGTGCGCGCGCGCCGAGAGGAGG	2.0
multiple_v_single	reject	CRISPOR	rejected_side	reject	GGAGAGGGGGCGGAGGGGGAGGG	12.4215
multiple_v_single	reject	CRISPOR	accepted	accept	TAACTTAAAGCCTTGTATACAGG	4.0
multiple_v_single	reject	CRISPOR	rejected_side	reject	CGACGAGGAGGAGGACGACGAGG	43.7761
multiple_v_single	reject	CRISPOR	rejected_side	reject	CGTCGGCCATCCGGGCGCCGAGG	2.9229
multiple_v_single	reject	CRISPOR	accepted	accept	AGAGCTCCTCCACGACGTCGTGG	2.0
multiple_v_single	reject	CRISPOR	rejected_side	reject	ACGACGTCGTGGAGGAGCTCTGG	3.2308
multiple_v_single	reject	CRISPOR	accepted	accept	GCTTTTGGCTGAACCTGTACTGG	2.0
multiple_v_single	reject	CRISPOR	accepted	accept	AGTACAGGTTCAGCCAAAAGCGG	2.0
multiple_v_single	reject	CRISPOR	accepted	accept	ATCAAATCGCTTGCCGCTTTTGG	4.0
multiple_v_single	reject	CRISPOR	accepted	accept	TTTATAGCTGAATTAAGCAGTGG	2.0
multiple_v_single	reject	CRISPOR	rejected_side	reject	ACGCCGTCGTGGCGGCGGCGGGG	6.7264
multiple_v_single	reject	CRISPOR	accepted	accept	ATCAGGAAAAATCTGATTGAAGG	4.4286
multiple_v_single	reject	CRISPOR	rejected_side	reject	GAAGTAGTCAACAGCAGAGCAGG	4.75
multiple_v_single	reject	CRISPOR	rejected_side	reject	CGGAGAGGAAGTTGCGGCACTGG	2.5
multiple_v_single	reject	CRISPOR	rejected_side	reject	GGGGTTGGGGGTGGGGTGGGGGG	14.3428
multiple_v_single	reject	CRISPOR	rejected_side	reject	CGGGGTTGGGGGTGGGGTGGGGG	6.2127
multiple_v_single	reject	CRISPOR	rejected_side	reject	TCGTTCCCATGCTTTAGGAATGG	8.5765
multiple_v_single	reject	CRISPOR	accepted	accept	GATGGAATCTACATAACTTGTGG	2.0
multiple_v_single	reject	CRISPOR	accepted	accept	CAGCAACAGCGGTGAGAAGATGG	2.0
multiple_v_single	reject	CRISPOR	accepted	accept	AAGATTATTTGCAGCAACAGCGG	2.0
multiple_v_single	reject	CRISPOR	accepted	accept	AAATAATCTTTGTTAACTAATGG	2.0
multiple_v_single	reject	CRISPOR	accepted	accept	GGTACCCAGATTGCTTACTTTGG	2.0
multiple_v_single	reject	CRISPOR	accepted	accept	AGGTCCAAAGTAAGCAATCTGGG	2.0
multiple_v_single	reject	CRISPOR	accepted	accept	TAGGTCCAAAGTAAGCAATCTGG	2.0
multiple_v_single	reject	CRISPOR	accepted	accept	GGAACATAAAGGAGAAGCATAGG	2.0
multiple_v_single	reject	CRISPOR	accepted	accept	TGTTGCAGGAAGGAACATAAAGG	2.0
multiple_v_single	reject	CRISPOR	rejected_side	reject	GGAGTAGGCGGCGGCGGCGGCGG	272.9139
multiple_v_single	reject	CRISPOR	accepted	accept	AGATGAAAAGGTACCTATTGAGG	2.0
multiple_v_single	reject	CRISPOR	accepted	accept	TGCATGTCAGCAACCTCAATAGG	2.0
multiple_v_single	reject	CRISPOR	rejected_side	reject	ACTAAGACGCCGAAACCAGATGG	15.7959
multiple_v_single	reject	CRISPOR	rejected_side	reject	TTGATTGCGCCATCTGGTTTCGG	46.0982
multiple_v_single	reject	CRISPOR	rejected_side	reject	GAGGGAGATGGAGGAGGAGGAGG	49.7352
multiple_v_single	reject	CRISPOR	accepted	accept	AATTGAGGAGGTAGGAGCAAAGG	2.0
multiple_v_single	reject	CRISPOR	accepted	accept	GCAGAATCAATTGAGGAGGTAGG	2.0
multiple_v_single	reject	CRISPOR	accepted	accept	TGTAGCAGAATCAATTGAGGAGG	2.0
multiple_v_single	reject	CRISPOR	accepted	accept	ACTTGTAGCAGAATCAATTGAGG	2.0
multiple_v_single	reject	CRISPOR	accepted	accept	AGCATGAGCATATTCAGGGGGGG	3.0
multiple_v_single	reject	GuideScan2	accepted	accept	AAAATTGAGAGTGAACTGAAAGG	4.4396
multiple_v_single	reject	GuideScan2	accepted	accept	CTTCTGAATTTTGTATCTGAAGG	2.0
multiple_v_single	reject	GuideScan2	rejected_side	reject	TCCGCCGCCGCCGGTGGTGGTGG	21.5945
multiple_v_single	reject	GuideScan2	rejected_side	reject	ACCACCACCGGCGGCGGCGGAGG	25.946
multiple_v_single	reject	GuideScan2	rejected_side	reject	GACAGCGGCGGCGGCGGTGGCGG	313.7519
multiple_v_single	reject	GuideScan2	accepted	accept	CGTTGGCGGTGGGTCCCCGGCGG	3.5448
multiple_v_single	reject	GuideScan2	accepted	accept	CGTCGTTGGCGGTGGGTCCCCGG	3.8766
multiple_v_single	reject	GuideScan2	accepted	accept	GCGCATCCTCTCCACTCCGACGG	2.7895
multiple_v_single	reject	GuideScan2	accepted	accept	GCTGAGCCGTCGGAGTGGAGAGG	2.1765
multiple_v_single	reject	GuideScan2	accepted	accept	TCTCCACTCCGACGGCTCAGCGG	3.0
multiple_v_single	reject	GuideScan2	accepted	accept	GCTCCGCTGAGCCGTCGGAGTGG	3.181
multiple_v_single	reject	GuideScan2	accepted	accept	TCCGACGGCTCAGCGGAGCTCGG	3.1948
multiple_v_single	reject	GuideScan2	accepted	accept	GCCGAGCTCCGCTGAGCCGTCGG	2.0
multiple_v_single	reject	GuideScan2	accepted	accept	CGCAAGGACGAAGGCAAGGACGG	2.7143
multiple_v_single	reject	GuideScan2	accepted	accept	GAATGCAGCAAGTGCACGGCCGG	3.0
multiple_v_single	reject	GuideScan2	accepted	accept	AATGCAGCAAGTGCACGGCCGGG	2.2273
multiple_v_single	reject	GuideScan2	accepted	accept	CAGCAAGTGCACGGCCGGGAAGG	2.0
multiple_v_single	reject	GuideScan2	accepted	accept	TGGGAAGACGGCGTCGTCCAAGG	2.6522
multiple_v_single	reject	GuideScan2	rejected_side	reject	GTTTTGATTTTGGTTAAAATTGG	77.5963
multiple_v_single	reject	GuideScan2	accepted	accept	ATCCGTTCTGTCAGGCATCTCGG	9.6667
multiple_v_single	reject	GuideScan2	rejected_side	reject	AGCCGAGATGCCTGACAGAACGG	7.5956
multiple_v_single	reject	GuideScan2	rejected_side	reject	CTGTCAGGCATCTCGGCTTACGG	6.3925
multiple_v_single	reject	GuideScan2	rejected_side	reject	TGTCAGGCATCTCGGCTTACGGG	9.7202
multiple_v_single	reject	GuideScan2	rejected_side	reject	AGCGACGACGACGACGACCACGG	35.3111
multiple_v_single	reject	GuideScan2	rejected_side	reject	CAATTCTTGGCCCAATGCCCAGG	21.828
multiple_v_single	reject	GuideScan2	rejected_side	reject	CGCCGCCGCGGCGGCCGGGGTGG	9.3282
multiple_v_single	reject	GuideScan2	rejected_side	reject	TGCAGAGGGGGAGTCGGCCTAGG	48.7097
multiple_v_single	reject	GuideScan2	rejected_side	reject	AGGCCGACTCCCCCTCTGCACGG	28.3706
multiple_v_single	reject	GuideScan2	rejected_side	reject	CCGACTCCCCCTCTGCACGGAGG	41.3941
multiple_v_single	reject	GuideScan2	accepted	accept	GCGCAACATGGTCAGAAATCCGG	2.0
multiple_v_single	reject	GuideScan2	accepted	accept	GGATTTCTGACCATGTTGCGCGG	2.0
multiple_v_single	reject	GuideScan2	accepted	accept	GATTTCTGACCATGTTGCGCGGG	2.0
multiple_v_single	reject	GuideScan2	accepted	accept	ACCATGTTGCGCGGGAGAGATGG	2.0
multiple_v_single	reject	GuideScan2	accepted	accept	GCCATCTCTCCCGCGCAACATGG	2.0
multiple_v_single	reject	GuideScan2	accepted	accept	TTTCATTAAGAAGAGAAAAAAGG	2.8029
multiple_v_single	reject	GuideScan2	accepted	accept	TGGTTTCGGATGGAATGTCAAGG	2.7922
multiple_v_single	reject	GuideScan2	rejected_side	reject	AACGAGAGAGAGAGAGAGAGGGG	256.1256
multiple_v_single	reject	GuideScan2	rejected_side	reject	GGGCCGGGCAGCCTCGCGGCGGG	12.4385
multiple_v_single	reject	GuideScan2	rejected_side	reject	GCGGGCGGTGCGCCGGCGGCCGG	12.4707
multiple_v_single	reject	GuideScan2	rejected_side	reject	GGCGGGAGGCGTGGGGAGGCGGG	4.8129
multiple_v_single	reject	GuideScan2	accepted	accept	GGGAGGCGTGGGGAGGCGGGAGG	4.9992
multiple_v_single	reject	GuideScan2	rejected_side	reject	AGGCGTGGGGAGGCGGGAGGCGG	9.6446
multiple_v_single	reject	GuideScan2	accepted	accept	GGGGAGGCGGGAGGCGGACAAGG	3.875
multiple_v_single	reject	GuideScan2	accepted	accept	GAGGCGGGAGGCGGACAAGGTGG	3.8667
multiple_v_single	reject	GuideScan2	accepted	accept	AGGCGGGAGGCGGACAAGGTGGG	3.6471
multiple_v_single	reject	GuideScan2	accepted	accept	CGGGAGGCGGACAAGGTGGGAGG	4.0027
multiple_v_single	reject	GuideScan2	accepted	accept	CACAACGAAAGGGCACAAAAAGG	2.0536
multiple_v_single	reject	GuideScan2	accepted	accept	TGTTAGAATAGTTCAGGTCTAGG	3.0
multiple_v_single	reject	GuideScan2	rejected_side	reject	CGAGGAGGAGGAGGAGGCCGAGG	61.445
multiple_v_single	reject	GuideScan2	rejected_side	reject	AGACGACGGCGAGGAGGAGGAGG	68.6892
multiple_v_single	reject	GuideScan2	accepted	accept	TGGTGCCGCAGCCGAACGGGCGG	2.65
multiple_v_single	reject	GuideScan2	accepted	accept	TGCCGCAGCCGAACGGGCGGTGG	2.781
multiple_v_single	reject	GuideScan2	accepted	accept	GCCGCAGCCGAACGGGCGGTGGG	2.7745
multiple_v_single	reject	GuideScan2	accepted	accept	CCGCAGCCGAACGGGCGGTGGGG	2.7143
multiple_v_single	reject	GuideScan2	accepted	accept	CGCAGCCGAACGGGCGGTGGGGG	2.72
multiple_v_single	reject	GuideScan2	accepted	accept	GCAGCCGAACGGGCGGTGGGGGG	3.125
multiple_v_single	reject	GuideScan2	accepted	accept	TGCGCCCCCCACCGCCCGTTCGG	2.6818
multiple_v_single	reject	GuideScan2	accepted	accept	TGTGCAACAAGTTGAACTGTTGG	2.0
multiple_v_single	reject	GuideScan2	accepted	accept	CAATGGAGTAATCCTTATGATGG	2.0
multiple_v_single	reject	GuideScan2	rejected_side	reject	CCTACCGATTGCCATAAGAGCGG	9.5931
multiple_v_single	reject	GuideScan2	rejected_side	reject	TTGACCGCTCTTATGGCAATCGG	9.3809
multiple_v_single	reject	GuideScan2	rejected_side	reject	AACTCTTACAGCGCTGCCCACGG	43.7668
multiple_v_single	reject	GuideScan2	rejected_side	reject	GCGCTGTAAGAGTTCCCTCCCGG	110.1422
multiple_v_single	reject	GuideScan2	accepted	accept	GAACATCGGGTTCGAGGCGGTGG	2.4477
multiple_v_single	reject	GuideScan2	rejected_side	reject	TGGTGGTGGTGGTGGTGATGAGG	108.62
multiple_v_single	reject	GuideScan2	rejected_side	reject	TGTGTATCTCGGCTGATTTCTGG	502.6017
multiple_v_single	reject	GuideScan2	accepted	accept	TCCACAGATGATCCCTTCCCAGG	3.7571
multiple_v_single	reject	GuideScan2	accepted	accept	ACCTGGGAAGGGATCATCTGTGG	4.0
multiple_v_single	reject	GuideScan2	accepted	accept	CAGATTGTTGCACCTGGGAAGGG	2.875
multiple_v_single	reject	GuideScan2	accepted	accept	ACAGATTGTTGCACCTGGGAAGG	3.6875
multiple_v_single	reject	GuideScan2	accepted	accept	GCGCGTGCGCGCGCGCCGAGAGG	2.2185
multiple_v_single	reject	GuideScan2	accepted	accept	CGTGCGCGCGCGCCGAGAGGAGG	2.0
multiple_v_single	reject	GuideScan2	rejected_side	reject	GGAGAGGGGGCGGAGGGGGAGGG	12.4215
multiple_v_single	reject	GuideScan2	accepted	accept	TAACTTAAAGCCTTGTATACAGG	4.0
multiple_v_single	reject	GuideScan2	rejected_side	reject	CGACGAGGAGGAGGACGACGAGG	43.7761
multiple_v_single	reject	GuideScan2	accepted	accept	CGTCGGCCATCCGGGCGCCGAGG	2.9229
multiple_v_single	reject	GuideScan2	accepted	accept	AGAGCTCCTCCACGACGTCGTGG	2.0
multiple_v_single	reject	GuideScan2	accepted	accept	ACGACGTCGTGGAGGAGCTCTGG	3.2308
multiple_v_single	reject	GuideScan2	accepted	accept	GCTTTTGGCTGAACCTGTACTGG	2.0
multiple_v_single	reject	GuideScan2	accepted	accept	AGTACAGGTTCAGCCAAAAGCGG	2.0
multiple_v_single	reject	GuideScan2	accepted	accept	ATCAAATCGCTTGCCGCTTTTGG	4.0
multiple_v_single	reject	GuideScan2	accepted	accept	TTTATAGCTGAATTAAGCAGTGG	2.0
multiple_v_single	reject	GuideScan2	rejected_side	reject	ACGCCGTCGTGGCGGCGGCGGGG	6.7264
multiple_v_single	reject	GuideScan2	accepted	accept	ATCAGGAAAAATCTGATTGAAGG	4.4286
multiple_v_single	reject	GuideScan2	accepted	accept	GAAGTAGTCAACAGCAGAGCAGG	4.75
multiple_v_single	reject	GuideScan2	accepted	accept	CGGAGAGGAAGTTGCGGCACTGG	2.5
multiple_v_single	reject	GuideScan2	rejected_side	reject	GGGGTTGGGGGTGGGGTGGGGGG	14.3428
multiple_v_single	reject	GuideScan2	rejected_side	reject	CGGGGTTGGGGGTGGGGTGGGGG	6.2127
multiple_v_single	reject	GuideScan2	rejected_side	reject	TCGTTCCCATGCTTTAGGAATGG	8.5765
multiple_v_single	reject	GuideScan2	accepted	accept	GATGGAATCTACATAACTTGTGG	2.0
multiple_v_single	reject	GuideScan2	accepted	accept	CAGCAACAGCGGTGAGAAGATGG	2.0
multiple_v_single	reject	GuideScan2	accepted	accept	AAGATTATTTGCAGCAACAGCGG	2.0
multiple_v_single	reject	GuideScan2	accepted	accept	AAATAATCTTTGTTAACTAATGG	2.0
multiple_v_single	reject	GuideScan2	accepted	accept	GGTACCCAGATTGCTTACTTTGG	2.0
multiple_v_single	reject	GuideScan2	accepted	accept	AGGTCCAAAGTAAGCAATCTGGG	2.0
multiple_v_single	reject	GuideScan2	accepted	accept	TAGGTCCAAAGTAAGCAATCTGG	2.0
multiple_v_single	reject	GuideScan2	accepted	accept	GGAACATAAAGGAGAAGCATAGG	2.0
multiple_v_single	reject	GuideScan2	accepted	accept	TGTTGCAGGAAGGAACATAAAGG	2.0
multiple_v_single	reject	GuideScan2	rejected_side	reject	GGAGTAGGCGGCGGCGGCGGCGG	272.9139
multiple_v_single	reject	GuideScan2	accepted	accept	AGATGAAAAGGTACCTATTGAGG	2.0
multiple_v_single	reject	GuideScan2	accepted	accept	TGCATGTCAGCAACCTCAATAGG	2.0
multiple_v_single	reject	GuideScan2	rejected_side	reject	ACTAAGACGCCGAAACCAGATGG	15.7959
multiple_v_single	reject	GuideScan2	rejected_side	reject	TTGATTGCGCCATCTGGTTTCGG	46.0982
multiple_v_single	reject	GuideScan2	rejected_side	reject	GAGGGAGATGGAGGAGGAGGAGG	49.7352
multiple_v_single	reject	GuideScan2	accepted	accept	AATTGAGGAGGTAGGAGCAAAGG	2.0
multiple_v_single	reject	GuideScan2	accepted	accept	GCAGAATCAATTGAGGAGGTAGG	2.0
multiple_v_single	reject	GuideScan2	accepted	accept	TGTAGCAGAATCAATTGAGGAGG	2.0
multiple_v_single	reject	GuideScan2	accepted	accept	ACTTGTAGCAGAATCAATTGAGG	2.0
multiple_v_single	reject	GuideScan2	accepted	accept	AGCATGAGCATATTCAGGGGGGG	3.0
ref_present_v_absent	reject	kRISP-meR	rejected_side	not_generated	GGTTCTGCTACATCCATAGATGG	2.9723
ref_present_v_absent	reject	kRISP-meR	rejected_side	not_generated	TTTTTTCAAAGTGAGACCACTGG	2.375
ref_present_v_absent	reject	kRISP-meR	rejected_side	not_generated	AAAGTGAGACCACTGGCAATTGG	0.6265
ref_present_v_absent	reject	kRISP-meR	rejected_side	not_generated	AGACCACTGGCAATTGGACTTGG	2.6032
ref_present_v_absent	reject	kRISP-meR	rejected_side	not_generated	AAACCAAGTCCAATTGCCAGTGG	2.4693
ref_present_v_absent	reject	kRISP-meR	rejected_side	not_generated	GTTTATGCAACAACTTCATAAGG	4.691
ref_present_v_absent	reject	kRISP-meR	rejected_side	not_generated	CAACAACTTCATAAGGCCATTGG	2.0
ref_present_v_absent	reject	kRISP-meR	rejected_side	not_generated	GGTGTTGGTGGAAATGCAGGAGG	0.7059
ref_present_v_absent	reject	kRISP-meR	rejected_side	not_generated	ACAGGTGTTGGTGGAAATGCAGG	0.7143
ref_present_v_absent	reject	kRISP-meR	rejected_side	not_generated	GATTGTGCAACAGGTGTTGGTGG	0.2
ref_present_v_absent	reject	kRISP-meR	rejected_side	not_generated	GAAGATTGTGCAACAGGTGTTGG	0.5
ref_present_v_absent	reject	kRISP-meR	rejected_side	not_generated	AGGCCGCCGGCGACCCGTCTTGG	0.6957
ref_present_v_absent	reject	kRISP-meR	rejected_side	not_generated	CAAATGACTGGAATGCTGTGCGG	1.0
ref_present_v_absent	reject	kRISP-meR	rejected_side	not_generated	AAATGACTGGAATGCTGTGCGGG	1.0
ref_present_v_absent	reject	kRISP-meR	rejected_side	not_generated	TGGAATGCTGTGCGGGAAAGCGG	0.65
ref_present_v_absent	reject	kRISP-meR	rejected_side	not_generated	AATGGATGGCAAAATGTACATGG	0.6667
ref_present_v_absent	reject	kRISP-meR	rejected_side	not_generated	ACAAATGGAGAACGAATGGATGG	1.0
ref_present_v_absent	reject	kRISP-meR	rejected_side	not_generated	AAGGCACATGAAGGTCTGATTGG	1.0
ref_present_v_absent	reject	kRISP-meR	accepted	accept	AAGCGGTCCCACAAGAAAAAAGG	1.0
ref_present_v_absent	reject	kRISP-meR	accepted	accept	TGAGTGACCTTTTTTCTTGTGGG	0.0
ref_present_v_absent	reject	kRISP-meR	accepted	accept	CTGAGTGACCTTTTTTCTTGTGG	0.0
ref_present_v_absent	reject	kRISP-meR	rejected_side	not_generated	ACCTAGCCGACTCCAACGTGCGG	1.0
ref_present_v_absent	reject	kRISP-meR	rejected_side	not_generated	GCCGCACGTTGGAGTCGGCTAGG	0.6923
ref_present_v_absent	reject	kRISP-meR	rejected_side	not_generated	CAGAGGCCGCACGTTGGAGTCGG	0.6875
ref_present_v_absent	reject	kRISP-meR	rejected_side	not_generated	CGACTCCAACGTGCGGCCTCTGG	0.1538
ref_present_v_absent	reject	kRISP-meR	rejected_side	not_generated	GATCTCCAGAGGCCGCACGTTGG	0.4211
ref_present_v_absent	reject	kRISP-meR	rejected_side	not_generated	ACCTTGGACCAACTGTATAGAGG	0.8
ref_present_v_absent	reject	kRISP-meR	rejected_side	not_generated	ACCTCTATACAGTTGGTCCAAGG	1.0
ref_present_v_absent	reject	kRISP-meR	rejected_side	not_generated	GAAGCAAACGGAAAATACACCGG	0.1905
ref_present_v_absent	reject	kRISP-meR	rejected_side	not_generated	GGAAAATACACCGGATATGCTGG	0.5714
ref_present_v_absent	reject	kRISP-meR	rejected_side	not_generated	GAAAATACACCGGATATGCTGGG	0.4286
ref_present_v_absent	reject	kRISP-meR	rejected_side	not_generated	AAAATACACCGGATATGCTGGGG	0.4375
ref_present_v_absent	reject	kRISP-meR	rejected_side	not_generated	TGAATCAAGATGCATCTCACCGG	0.619
ref_present_v_absent	reject	kRISP-meR	rejected_side	not_generated	GTGATTTTGATACTGCCGTTGGG	1.0
ref_present_v_absent	reject	kRISP-meR	rejected_side	not_generated	TGATTTTGATACTGCCGTTGGGG	1.0
ref_present_v_absent	reject	kRISP-meR	rejected_side	not_generated	TATCTCATTGTACACCCCAACGG	0.6667
ref_present_v_absent	reject	kRISP-meR	rejected_side	not_generated	AAAACACGGCACCCAATTCCTGG	0.6875
ref_present_v_absent	reject	kRISP-meR	rejected_side	not_generated	ATCTTCATGGTCGAAAAACACGG	1.0
ref_present_v_absent	reject	kRISP-meR	rejected_side	not_generated	CAAATGCATGCAGCTTGCAAAGG	0.6667
ref_present_v_absent	reject	kRISP-meR	rejected_side	not_generated	AAGTGGTAGTGATTGATTACTGG	1.0
ref_present_v_absent	reject	kRISP-meR	rejected_side	not_generated	ACTTTTATCCTTGTTAGCCGCGG	1.0
ref_present_v_absent	reject	kRISP-meR	rejected_side	not_generated	TTTTGGTACCGCGGCTAACAAGG	0.65
ref_present_v_absent	reject	kRISP-meR	rejected_side	not_generated	CTTTATTTTTTTTGGTACCGCGG	0.7647
ref_present_v_absent	reject	kRISP-meR	rejected_side	not_generated	CGCGGTACCAAAAAAAATAAAGG	0.4286
ref_present_v_absent	reject	kRISP-meR	rejected_side	not_generated	GCGGTACCAAAAAAAATAAAGGG	0.8571
ref_present_v_absent	reject	kRISP-meR	rejected_side	not_generated	AAAATGCCCATACTTTGTTACGG	4.3262
ref_present_v_absent	reject	kRISP-meR	rejected_side	not_generated	AAATGCCCATACTTTGTTACGGG	4.0441
ref_present_v_absent	reject	kRISP-meR	rejected_side	not_generated	TTAATCCCGTAACAAAGTATGGG	2.3703
ref_present_v_absent	reject	kRISP-meR	rejected_side	not_generated	TTTAATCCCGTAACAAAGTATGG	3.1194
ref_present_v_absent	reject	kRISP-meR	rejected_side	not_generated	ACGTCGTCGCGGCAGTGACCGGG	0.75
ref_present_v_absent	reject	kRISP-meR	rejected_side	not_generated	GACGTCGTCGCGGCAGTGACCGG	0.9412
ref_present_v_absent	reject	kRISP-meR	rejected_side	not_generated	GGTCACTGCCGCGACGACGTCGG	0.8125
ref_present_v_absent	reject	kRISP-meR	rejected_side	not_generated	CTTCCTCGACGTGGGGCCACCGG	0.9091
ref_present_v_absent	reject	kRISP-meR	rejected_side	not_generated	ACATCTTCTTCCTCGACGTGGGG	1.875
ref_present_v_absent	reject	kRISP-meR	rejected_side	not_generated	CACATCTTCTTCCTCGACGTGGG	1.2806
ref_present_v_absent	reject	kRISP-meR	rejected_side	not_generated	GCACATCTTCTTCCTCGACGTGG	0.3077
ref_present_v_absent	reject	kRISP-meR	rejected_side	not_generated	CACATATTTCATCTCCATTCTGG	0.6429
ref_present_v_absent	reject	kRISP-meR	rejected_side	not_generated	AGTATTTAAATGGGCTCAACAGG	0.6429
ref_present_v_absent	reject	kRISP-meR	rejected_side	not_generated	AGCCCATTTAAATACTCTAGAGG	0.6691
ref_present_v_absent	reject	kRISP-meR	rejected_side	not_generated	TTCCTCTAGAGTATTTAAATGGG	0.0
ref_present_v_absent	reject	kRISP-meR	rejected_side	not_generated	TTTCCTCTAGAGTATTTAAATGG	0.0
ref_present_v_absent	reject	kRISP-meR	rejected_side	not_generated	AAATACTCTAGAGGAAATACTGG	0.0
ref_present_v_absent	reject	kRISP-meR	rejected_side	not_generated	AGAGGAAATACTGGAGAAGAAGG	0.9375
ref_present_v_absent	reject	kRISP-meR	rejected_side	not_generated	GGAAATACTGGAGAAGAAGGTGG	0.0
ref_present_v_absent	reject	kRISP-meR	rejected_side	not_generated	AATACTGGAGAAGAAGGTGGAGG	0.0
ref_present_v_absent	reject	kRISP-meR	rejected_side	not_generated	ACTGGAGAAGAAGGTGGAGGAGG	3.5617
ref_present_v_absent	reject	kRISP-meR	rejected_side	not_generated	AGGTGGAGGAGGCCACCGAAAGG	0.0
ref_present_v_absent	reject	kRISP-meR	rejected_side	not_generated	ACTATCAAACTTCCTTTCGGTGG	0.0
ref_present_v_absent	reject	kRISP-meR	rejected_side	not_generated	ACAACTATCAAACTTCCTTTCGG	0.0
ref_present_v_absent	reject	kRISP-meR	rejected_side	not_generated	GTTGTGCAAGAGCTCTTTTTTGG	0.0
ref_present_v_absent	reject	kRISP-meR	rejected_side	not_generated	AAGATGAAGTGCACTCATACAGG	0.0
ref_present_v_absent	reject	kRISP-meR	rejected_side	not_generated	TTGGGATGGAGCAGGTCGCCGGG	0.0
ref_present_v_absent	reject	kRISP-meR	rejected_side	not_generated	TTTGGGATGGAGCAGGTCGCCGG	0.0
ref_present_v_absent	reject	kRISP-meR	rejected_side	not_generated	TCGGGAGTTTGGGATGGAGCAGG	0.1923
ref_present_v_absent	reject	kRISP-meR	rejected_side	not_generated	CTAGCATCGGGAGTTTGGGATGG	0.0
ref_present_v_absent	reject	kRISP-meR	rejected_side	not_generated	GAAGCTAGCATCGGGAGTTTGGG	0.0
ref_present_v_absent	reject	kRISP-meR	rejected_side	not_generated	TGAAGCTAGCATCGGGAGTTTGG	0.0
ref_present_v_absent	reject	kRISP-meR	rejected_side	not_generated	GAAAACATGAAGCTAGCATCGGG	0.0
ref_present_v_absent	reject	kRISP-meR	rejected_side	not_generated	AGAAAACATGAAGCTAGCATCGG	0.0
ref_present_v_absent	reject	kRISP-meR	rejected_side	not_generated	AGGCAGGATCCACCTTAGGAGGG	0.8
ref_present_v_absent	reject	kRISP-meR	rejected_side	not_generated	GAGGCAGGATCCACCTTAGGAGG	0.6111
ref_present_v_absent	reject	kRISP-meR	rejected_side	not_generated	AGTGAGGCAGGATCCACCTTAGG	0.7143
ref_present_v_absent	reject	kRISP-meR	rejected_side	not_generated	GGTGGATCCTGCCTCACTGAAGG	0.7895
ref_present_v_absent	reject	kRISP-meR	rejected_side	not_generated	GGAACATCCTTCAGTGAGGCAGG	0.4
ref_present_v_absent	reject	kRISP-meR	rejected_side	not_generated	TGCCTCACTGAAGGATGTTCCGG	0.6471
ref_present_v_absent	reject	kRISP-meR	rejected_side	not_generated	AACCGGAACATCCTTCAGTGAGG	1.0
ref_present_v_absent	reject	kRISP-meR	rejected_side	not_generated	TGAAGTAAAAGATGGTCTTCAGG	1.0
ref_present_v_absent	reject	kRISP-meR	rejected_side	not_generated	AAAGATGGTCTTCAGGACTGTGG	0.0
ref_present_v_absent	reject	kRISP-meR	rejected_side	not_generated	AAGATGGTCTTCAGGACTGTGGG	0.0
ref_present_v_absent	reject	kRISP-meR	rejected_side	not_generated	TGGTCTTCAGGACTGTGGGTTGG	0.0
ref_present_v_absent	reject	kRISP-meR	rejected_side	not_generated	AGGACTGTGGGTTGGAGTGTAGG	0.1176
ref_present_v_absent	reject	kRISP-meR	rejected_side	not_generated	GGACTGTGGGTTGGAGTGTAGGG	0.3462
ref_present_v_absent	reject	kRISP-meR	rejected_side	not_generated	TGGGTTGGAGTGTAGGGAGATGG	0.5
ref_present_v_absent	reject	kRISP-meR	rejected_side	not_generated	TGGAGTGTAGGGAGATGGAATGG	0.64
ref_present_v_absent	reject	kRISP-meR	rejected_side	not_generated	GAATGGATTGAGATGAAGAATGG	0.468
ref_present_v_absent	reject	kRISP-meR	rejected_side	not_generated	GGATTGAGATGAAGAATGGATGG	0.65
ref_present_v_absent	reject	kRISP-meR	rejected_side	not_generated	GAAGAATGGATGGTCTCTTCAGG	1.0
ref_present_v_absent	reject	kRISP-meR	rejected_side	not_generated	GGATTACTTGGGCACGGAACTGG	1.0
ref_present_v_absent	reject	kRISP-meR	rejected_side	not_generated	ACGGAACTGGAGTTAGCCATTGG	0.875
ref_present_v_absent	reject	kRISP-meR	rejected_side	not_generated	AAACACTAAGCCCAACAAATTGG	0.6429
ref_present_v_absent	reject	kRISP-meR	rejected_side	not_generated	CTTAGTGTTTGATGAAAGCAAGG	0.9091
ref_present_v_absent	reject	kRISP-meR	rejected_side	not_generated	TTAGTGTTTGATGAAAGCAAGGG	1.0
ref_present_v_absent	reject	kRISP-meR	rejected_side	not_generated	TTAGAATCAGAAATTTCAGTTGG	0.6
ref_present_v_absent	reject	kRISP-meR	rejected_side	not_generated	GGAGTATCAAGACTGCTTCTAGG	0.3
ref_present_v_absent	reject	kRISP-meR	rejected_side	not_generated	TAGGCGCTGCTCCCTCGCGCCGG	1.0
ref_present_v_absent	reject	kRISP-meR	rejected_side	not_generated	CCCTCGCGCCGGACCCTTGGAGG	1.0
ref_present_v_absent	reject	kRISP-meR	rejected_side	not_generated	TCCTCCAAGGGTCCGGCGCGAGG	0.8571
ref_present_v_absent	reject	kRISP-meR	rejected_side	not_generated	CTGTGCTTCCTCCAAGGGTCCGG	0.9231
ref_present_v_absent	reject	kRISP-meR	rejected_side	not_generated	GACCCTTGGAGGAAGCACAGCGG	0.7222
ref_present_v_absent	reject	kRISP-meR	rejected_side	not_generated	ACCCTTGGAGGAAGCACAGCGGG	0.65
ref_present_v_absent	reject	kRISP-meR	rejected_side	not_generated	ACCCGCTGTGCTTCCTCCAAGGG	0.2857
ref_present_v_absent	reject	kRISP-meR	rejected_side	not_generated	GACCCGCTGTGCTTCCTCCAAGG	0.2727
ref_present_v_absent	reject	kRISP-meR	rejected_side	not_generated	CGGATGGCGTGGCTGAGCGGGGG	0.6364
ref_present_v_absent	reject	kRISP-meR	rejected_side	not_generated	GCGGATGGCGTGGCTGAGCGGGG	0.9286
ref_present_v_absent	reject	kRISP-meR	rejected_side	not_generated	CGCGGATGGCGTGGCTGAGCGGG	0.8125
ref_present_v_absent	reject	kRISP-meR	rejected_side	not_generated	ACGCGGATGGCGTGGCTGAGCGG	0.875
ref_present_v_absent	reject	kRISP-meR	rejected_side	not_generated	GGTTGTGCACGCGGATGGCGTGG	0.3077
ref_present_v_absent	reject	kRISP-meR	rejected_side	not_generated	GACCATTAAATTCGAAGCTGAGG	1.0
ref_present_v_absent	reject	kRISP-meR	rejected_side	not_generated	GTCCTCAGCTTCGAATTTAATGG	0.6429
ref_present_v_absent	reject	kRISP-meR	rejected_side	not_generated	AGCAGTAGCAGCTAAACCACCGG	0.72
ref_present_v_absent	reject	kRISP-meR	rejected_side	not_generated	TGGTTTAGCTGCTACTGCTGAGG	0.2727
ref_present_v_absent	reject	kRISP-meR	rejected_side	not_generated	TTCCCTCATATACTTCGTGACGG	1.0
ref_present_v_absent	reject	kRISP-meR	rejected_side	not_generated	CGAAGTATATGAGGGAACAGAGG	0.1778
ref_present_v_absent	reject	kRISP-meR	rejected_side	not_generated	AAAAATGAGAAATTTTCACAAGG	2.3174
ref_present_v_absent	reject	kRISP-meR	rejected_side	not_generated	TTTTTCCTCCACCTATTGACAGG	0.7529
ref_present_v_absent	reject	kRISP-meR	rejected_side	not_generated	CGTTTCCTGTCAATAGGTGGAGG	0.7333
ref_present_v_absent	reject	kRISP-meR	rejected_side	not_generated	GTGCGTTTCCTGTCAATAGGTGG	0.4667
ref_present_v_absent	reject	kRISP-meR	rejected_side	not_generated	CCTATTGACAGGAAACGCACTGG	0.9
ref_present_v_absent	reject	kRISP-meR	rejected_side	not_generated	TTGCCATTGCCAGGAGCAGAAGG	0.9375
ref_present_v_absent	reject	kRISP-meR	rejected_side	not_generated	CCATTGCCAGGAGCAGAAGGAGG	0.0
ref_present_v_absent	reject	kRISP-meR	rejected_side	not_generated	GGGGGGCCTCCTTCTGCTCCTGG	0.0
ref_present_v_absent	reject	kRISP-meR	rejected_side	not_generated	GGAGCAGAAGGAGGCCCCCCAGG	0.0
ref_present_v_absent	reject	kRISP-meR	rejected_side	not_generated	AAGGAGGCCCCCCAGGAGAACGG	0.9474
ref_present_v_absent	reject	kRISP-meR	rejected_side	not_generated	AGGAGGCCCCCCAGGAGAACGGG	0.6667
ref_present_v_absent	reject	kRISP-meR	rejected_side	not_generated	GGAGGCCCCCCAGGAGAACGGGG	0.5333
ref_present_v_absent	reject	kRISP-meR	rejected_side	not_generated	CGTCACCCCGTTCTCCTGGGGGG	0.375
ref_present_v_absent	reject	kRISP-meR	rejected_side	not_generated	CCCCCAGGAGAACGGGGTGACGG	0.6471
ref_present_v_absent	reject	kRISP-meR	rejected_side	not_generated	GCCGTCACCCCGTTCTCCTGGGG	1.0
ref_present_v_absent	reject	kRISP-meR	rejected_side	not_generated	CGCCGTCACCCCGTTCTCCTGGG	1.0
ref_present_v_absent	reject	kRISP-meR	rejected_side	not_generated	GCGCCGTCACCCCGTTCTCCTGG	1.0
ref_present_v_absent	reject	kRISP-meR	rejected_side	not_generated	TCCGGATTCGGCTAATGCAGAGG	0.0
ref_present_v_absent	reject	kRISP-meR	rejected_side	not_generated	CCGGATTCGGCTAATGCAGAGGG	0.0
ref_present_v_absent	reject	kRISP-meR	rejected_side	not_generated	GATTCGGCTAATGCAGAGGGTGG	0.0
ref_present_v_absent	reject	kRISP-meR	accepted	accept	TAGAGATAGATGGATAGGATTGG	1.0933
ref_present_v_absent	reject	kRISP-meR	rejected_side	not_generated	TTGAATAGAGATAGATGGATAGG	1.1308
ref_present_v_absent	reject	kRISP-meR	rejected_side	not_generated	ATCCATCTATCTCTATTCAACGG	1.3083
ref_present_v_absent	reject	kRISP-meR	rejected_side	not_generated	GCGAATAACCAAGGCAACTACGG	3.0247
ref_present_v_absent	reject	kRISP-meR	rejected_side	not_generated	AATAACCAAGGCAACTACGGCGG	3.159
ref_present_v_absent	reject	kRISP-meR	rejected_side	not_generated	TCGATCCGCCGTAGTTGCCTTGG	3.9763
ref_present_v_absent	reject	kRISP-meR	rejected_side	not_generated	AACTACGGCGGATCGAGCTTTGG	5.5467
ref_present_v_absent	reject	kRISP-meR	rejected_side	not_generated	GCCACCCAGAAGACTGTCGATGG	1.2789
ref_present_v_absent	reject	kRISP-meR	rejected_side	not_generated	GCCATCGACAGTCTTCTGGGTGG	0.7059
ref_present_v_absent	reject	kRISP-meR	rejected_side	not_generated	AGGGCCATCGACAGTCTTCTGGG	0.5556
ref_present_v_absent	reject	kRISP-meR	rejected_side	not_generated	AAGGGCCATCGACAGTCTTCTGG	0.65
ref_present_v_absent	reject	kRISP-meR	rejected_side	not_generated	AAACTAAAAATGTTACAAGATGG	0.3077
ref_present_v_absent	reject	kRISP-meR	rejected_side	not_generated	AAAGTGCTGCAGTTGTAGTAGGG	1.0333
ref_present_v_absent	reject	kRISP-meR	rejected_side	not_generated	AAGTGCTGCAGTTGTAGTAGGGG	1.0
ref_present_v_absent	reject	kRISP-meR	rejected_side	not_generated	AGATGGCCCTCGTGGCACTGTGG	1.1778
ref_present_v_absent	reject	kRISP-meR	rejected_side	not_generated	AATGCACCACAGTGCCACGAGGG	1.5122
ref_present_v_absent	reject	kRISP-meR	rejected_side	not_generated	GAATGCACCACAGTGCCACGAGG	2.0826
ref_present_v_absent	reject	kRISP-meR	rejected_side	not_generated	TCATTGTGGGACGGTTTCTTGGG	0.5568
ref_present_v_absent	reject	kRISP-meR	rejected_side	not_generated	GTCATTGTGGGACGGTTTCTTGG	0.7959
ref_present_v_absent	reject	kRISP-meR	rejected_side	not_generated	AAACCGTCCCACAATGACGAAGG	1.3846
ref_present_v_absent	reject	kRISP-meR	rejected_side	not_generated	CAACCTTCGTCATTGTGGGACGG	0.0
ref_present_v_absent	reject	kRISP-meR	rejected_side	not_generated	TTTACAACCTTCGTCATTGTGGG	1.3398
ref_present_v_absent	reject	kRISP-meR	rejected_side	not_generated	GTTTACAACCTTCGTCATTGTGG	1.7126
ref_present_v_absent	reject	kRISP-meR	rejected_side	not_generated	TAACAATGAAGCTGCCGTGTTGG	0.9333
ref_present_v_absent	reject	kRISP-meR	rejected_side	not_generated	AACAATGAAGCTGCCGTGTTGGG	1.3043
ref_present_v_absent	reject	kRISP-meR	accepted	accept	GCTGCCGTGTTGGGCTTTGTTGG	0.625
ref_present_v_absent	reject	kRISP-meR	rejected_side	not_generated	AAGTAAGACTCTGCGCTGCTTGG	0.3
ref_present_v_absent	reject	kRISP-meR	rejected_side	not_generated	GAGCACCTTGCCGGAGTCGGAGG	1.0583
ref_present_v_absent	reject	kRISP-meR	rejected_side	not_generated	GACGAGCACCTTGCCGGAGTCGG	0.925
ref_present_v_absent	reject	kRISP-meR	rejected_side	not_generated	GTTTGCGACGAGCACCTTGCCGG	0.9192
ref_present_v_absent	reject	kRISP-meR	rejected_side	not_generated	CGTCGCAAACAACGTCATCCCGG	2.3571
ref_present_v_absent	reject	kRISP-meR	rejected_side	not_generated	TTCTCCAAGATCGACACTGACGG	1.5077
ref_present_v_absent	reject	kRISP-meR	rejected_side	not_generated	CTGGCCGTCAGTGTCGATCTTGG	1.1256
ref_present_v_absent	reject	kRISP-meR	rejected_side	not_generated	CAAGATCGACACTGACGGCCAGG	1.3875
ref_present_v_absent	reject	kRISP-meR	rejected_side	not_generated	AAGATCGACACTGACGGCCAGGG	1.4476
ref_present_v_absent	reject	kRISP-meR	rejected_side	not_generated	CGACGGTGAGGTGCCCGCGCTGG	0.6471
ref_present_v_absent	reject	kRISP-meR	rejected_side	not_generated	CGAAGCTATAGTCGACGGTGAGG	0.6667
ref_present_v_absent	reject	kRISP-meR	rejected_side	not_generated	GTTAACGAAGCTATAGTCGACGG	1.0
ref_present_v_absent	reject	kRISP-meR	rejected_side	not_generated	CATTTCTCAGGCACTTGGACCGG	1.0
ref_present_v_absent	reject	kRISP-meR	rejected_side	not_generated	AAAATAAAAAAAGTTCATACCGG	1.0
ref_present_v_absent	reject	kRISP-meR	rejected_side	not_generated	TCGATATGTCCGAGTAGTTAAGG	11.0667
ref_present_v_absent	reject	kRISP-meR	rejected_side	not_generated	AGTCTGTCTCCTTAACTACTCGG	4.6667
ref_present_v_absent	reject	kRISP-meR	rejected_side	not_generated	GCTTTTTTTCATCGGAGTGGAGG	0.0
ref_present_v_absent	reject	kRISP-meR	rejected_side	not_generated	TAGGCTTTTTTTCATCGGAGTGG	0.0
ref_present_v_absent	reject	kRISP-meR	rejected_side	not_generated	CTCAATAGGCTTTTTTTCATCGG	0.0
ref_present_v_absent	reject	kRISP-meR	rejected_side	not_generated	TGAAATTTATGCAGTTCCGTGGG	0.0
ref_present_v_absent	reject	kRISP-meR	rejected_side	not_generated	TTGAAATTTATGCAGTTCCGTGG	0.0
ref_present_v_absent	reject	kRISP-meR	rejected_side	not_generated	AACTGCATAAATTTCAAGAGTGG	0.0
ref_present_v_absent	reject	kRISP-meR	rejected_side	not_generated	CAAGAGTGGTCTATGAAAATTGG	0.0
ref_present_v_absent	reject	kRISP-meR	rejected_side	not_generated	GGTCTATGAAAATTGGAGAATGG	0.0
ref_present_v_absent	reject	kRISP-meR	rejected_side	not_generated	GTCTATGAAAATTGGAGAATGGG	0.0
ref_present_v_absent	reject	kRISP-meR	rejected_side	not_generated	TATGAAAATTGGAGAATGGGAGG	0.0
ref_present_v_absent	reject	kRISP-meR	rejected_side	not_generated	CATGAACTGTCTTGCCAGAGTGG	0.0
ref_present_v_absent	reject	kRISP-meR	rejected_side	not_generated	TTACTGAGTCTTGGAGCTCAAGG	0.0
ref_present_v_absent	reject	kRISP-meR	rejected_side	not_generated	CTTCATCGATTACTGAGTCTTGG	0.0
ref_present_v_absent	reject	kRISP-meR	rejected_side	not_generated	GATGAAGTCCCACCATCTATAGG	0.0
ref_present_v_absent	reject	kRISP-meR	rejected_side	not_generated	ATGAAGTCCCACCATCTATAGGG	0.0
ref_present_v_absent	reject	kRISP-meR	rejected_side	not_generated	TGAAGTCCCACCATCTATAGGGG	0.0
ref_present_v_absent	reject	kRISP-meR	rejected_side	not_generated	AAAGATCCCCTATAGATGGTGGG	0.0437
ref_present_v_absent	reject	kRISP-meR	rejected_side	not_generated	AAAAGATCCCCTATAGATGGTGG	0.0131
ref_present_v_absent	reject	kRISP-meR	rejected_side	not_generated	TTAAAAAGATCCCCTATAGATGG	0.5385
ref_present_v_absent	reject	kRISP-meR	rejected_side	not_generated	TAGGGGATCTTTTTAACTTGAGG	0.7647
ref_present_v_absent	reject	kRISP-meR	rejected_side	not_generated	CTTTTTAACTTGAGGTATATTGG	0.0
ref_present_v_absent	reject	kRISP-meR	rejected_side	not_generated	ACTTGAGGTATATTGGCCTAAGG	0.0
ref_present_v_absent	reject	kRISP-meR	rejected_side	not_generated	CACAGCAGTAAAATGTCTACCGG	0.05
ref_present_v_absent	reject	kRISP-meR	rejected_side	not_generated	GTCCATGCATGTTATATTCAAGG	0.0
ref_present_v_absent	reject	kRISP-meR	rejected_side	not_generated	CTCCTTGAATATAACATGCATGG	0.8824
ref_present_v_absent	reject	kRISP-meR	rejected_side	not_generated	CATGCATGTTATATTCAAGGAGG	0.6923
ref_present_v_absent	reject	kRISP-meR	rejected_side	not_generated	TTATATTCAAGGAGGACTTTAGG	0.0
ref_present_v_absent	reject	kRISP-meR	rejected_side	not_generated	TTCAAGGAGGACTTTAGGATTGG	0.0
ref_present_v_absent	reject	kRISP-meR	rejected_side	not_generated	AAGGAGGACTTTAGGATTGGTGG	0.0
ref_present_v_absent	reject	kRISP-meR	rejected_side	not_generated	GACTTTAGGATTGGTGGACGTGG	0.0
ref_present_v_absent	reject	kRISP-meR	rejected_side	not_generated	AGCTAAGTTTTGATAAATTTTGG	0.5333
ref_present_v_absent	reject	kRISP-meR	rejected_side	not_generated	TATTTTAACCCAGAAAAAAAAGG	0.1364
ref_present_v_absent	reject	kRISP-meR	rejected_side	not_generated	ATAAATCTCCTTTTTTTTCTGGG	0.4483
ref_present_v_absent	reject	kRISP-meR	rejected_side	not_generated	AATAAATCTCCTTTTTTTTCTGG	2.0011
ref_present_v_absent	reject	kRISP-meR	rejected_side	not_generated	ATGGATGCTTATTCAAAATGTGG	0.3
ref_present_v_absent	reject	kRISP-meR	rejected_side	not_generated	AATCCATATTGGAGTTGATGCGG	0.1765
ref_present_v_absent	reject	kRISP-meR	rejected_side	not_generated	TAGCCGCATCAACTCCAATATGG	0.4513
ref_present_v_absent	reject	kRISP-meR	rejected_side	not_generated	GCTAATTTCTTGATTGAAAAAGG	0.7059
ref_present_v_absent	reject	kRISP-meR	rejected_side	not_generated	TTGATTGAAAAAGGATACAGTGG	0.9333
ref_present_v_absent	reject	kRISP-meR	rejected_side	not_generated	AAAAAGGATACAGTGGCTCCTGG	0.1795
ref_present_v_absent	reject	kRISP-meR	rejected_side	not_generated	TTGTGTAGCTTTTAGTAACATGG	0.05
ref_present_v_absent	reject	kRISP-meR	rejected_side	not_generated	ACTAAAAGCTACACAAAAGAAGG	0.7857
ref_present_v_absent	reject	kRISP-meR	rejected_side	not_generated	AAGCAACACAGATTTCTCGAAGG	0.9231
ref_present_v_absent	reject	kRISP-meR	rejected_side	not_generated	CGAGAAATCTGTGTTGCTTCAGG	0.65
ref_present_v_absent	reject	kRISP-meR	rejected_side	not_generated	AAATCTGTGTTGCTTCAGGATGG	0.7059
ref_present_v_absent	reject	kRISP-meR	rejected_side	not_generated	ACAATTGGAGTAATTAATTGTGG	0.0
ref_present_v_absent	reject	kRISP-meR	rejected_side	not_generated	CAATTGGAGTAATTAATTGTGGG	0.0
ref_present_v_absent	reject	kRISP-meR	rejected_side	not_generated	GGCGTTCTTGGGGCGCAGAGTGG	1.0
ref_present_v_absent	reject	kRISP-meR	rejected_side	not_generated	ACTCTGCGCCCCAAGAACGCCGG	1.0
ref_present_v_absent	reject	kRISP-meR	rejected_side	not_generated	CGCCCCAAGAACGCCGGTCTCGG	0.2727
ref_present_v_absent	reject	kRISP-meR	rejected_side	not_generated	TTCCGAGACCGGCGTTCTTGGGG	0.65
ref_present_v_absent	reject	kRISP-meR	rejected_side	not_generated	CTTCCGAGACCGGCGTTCTTGGG	0.7222
ref_present_v_absent	reject	kRISP-meR	rejected_side	not_generated	GCTTCCGAGACCGGCGTTCTTGG	0.6522
ref_present_v_absent	reject	kRISP-meR	rejected_side	not_generated	CGCCGGTCTCGGAAGCGTCGAGG	0.6471
ref_present_v_absent	reject	kRISP-meR	rejected_side	not_generated	GCCGGTCTCGGAAGCGTCGAGGG	0.4286
ref_present_v_absent	reject	kRISP-meR	rejected_side	not_generated	CCGGTCTCGGAAGCGTCGAGGGG	0.8571
ref_present_v_absent	reject	kRISP-meR	rejected_side	not_generated	GCCCAAGCCATTCTTTACTAAGG	0.4
ref_present_v_absent	reject	kRISP-meR	rejected_side	not_generated	TCCTTAGTAAAGAATGGCTTGGG	0.1429
ref_present_v_absent	reject	kRISP-meR	rejected_side	not_generated	CTCCTTAGTAAAGAATGGCTTGG	0.0
ref_present_v_absent	reject	kRISP-meR	rejected_side	not_generated	AAATTCTCCTTAGTAAAGAATGG	0.9333
ref_present_v_absent	reject	kRISP-meR	rejected_side	not_generated	TTTGCCGCCTCCGCCTCCACCGG	1.5116
ref_present_v_absent	reject	kRISP-meR	rejected_side	not_generated	GGCGCCGGTGGAGGCGGAGGCGG	89.7084
ref_present_v_absent	reject	kRISP-meR	rejected_side	not_generated	GCGGGCGCCGGTGGAGGCGGAGG	6.7165
ref_present_v_absent	reject	kRISP-meR	rejected_side	not_generated	TTGGCGGGCGCCGGTGGAGGCGG	0.6014
ref_present_v_absent	reject	kRISP-meR	rejected_side	not_generated	TTCTTGGCGGGCGCCGGTGGAGG	0.8429
ref_present_v_absent	reject	kRISP-meR	rejected_side	not_generated	TCCACCGGCGCCCGCCAAGAAGG	0.9
ref_present_v_absent	reject	kRISP-meR	rejected_side	not_generated	TCCTTCTTGGCGGGCGCCGGTGG	1.0
ref_present_v_absent	reject	kRISP-meR	rejected_side	not_generated	ACCTGAATCTCCCTGAAATACGG	1.0
ref_present_v_absent	reject	kRISP-meR	rejected_side	not_generated	GGTGCATCTAAGCTCCAAACTGG	0.7059
ref_present_v_absent	reject	kRISP-meR	rejected_side	not_generated	GTGCATCTAAGCTCCAAACTGGG	0.7273
ref_present_v_absent	reject	kRISP-meR	rejected_side	not_generated	GTGGCTGGCGGGATCGGGCACGG	0.9286
ref_present_v_absent	reject	kRISP-meR	rejected_side	not_generated	GGCGAGTGGCTGGCGGGATCGGG	0.3077
ref_present_v_absent	reject	kRISP-meR	rejected_side	not_generated	CGGCGAGTGGCTGGCGGGATCGG	0.5385
ref_present_v_absent	reject	kRISP-meR	rejected_side	not_generated	GGCGACGGCGAGTGGCTGGCGGG	0.7071
ref_present_v_absent	reject	kRISP-meR	rejected_side	not_generated	CGGCGACGGCGAGTGGCTGGCGG	3.5872
ref_present_v_absent	reject	kRISP-meR	rejected_side	not_generated	TGGCGGCGACGGCGAGTGGCTGG	1.6178
ref_present_v_absent	reject	kRISP-meR	rejected_side	not_generated	AAAGGATGGAAAGAAGCAACAGG	0.1765
ref_present_v_absent	reject	kRISP-meR	rejected_side	not_generated	AAAGAAGCAACAGGCGAAGAAGG	0.0
ref_present_v_absent	reject	kRISP-meR	rejected_side	not_generated	CGAAGAAGGACGACGACCTGAGG	0.0
ref_present_v_absent	reject	kRISP-meR	rejected_side	not_generated	GTGACGGTTAGCGTCGCCGTCGG	0.5333
ref_present_v_absent	reject	kRISP-meR	rejected_side	not_generated	TGACGGTTAGCGTCGCCGTCGGG	0.625
ref_present_v_absent	reject	kRISP-meR	rejected_side	not_generated	GACGGTTAGCGTCGCCGTCGGGG	0.5714
ref_present_v_absent	reject	CRISPOR	rejected_side	reject	GGTTCTGCTACATCCATAGATGG	2.9723
ref_present_v_absent	reject	CRISPOR	accepted	accept	TTTTTTCAAAGTGAGACCACTGG	2.375
ref_present_v_absent	reject	CRISPOR	accepted	accept	AAAGTGAGACCACTGGCAATTGG	0.6265
ref_present_v_absent	reject	CRISPOR	rejected_side	reject	AGACCACTGGCAATTGGACTTGG	2.6032
ref_present_v_absent	reject	CRISPOR	accepted	accept	AAACCAAGTCCAATTGCCAGTGG	2.4693
ref_present_v_absent	reject	CRISPOR	rejected_side	reject	GTTTATGCAACAACTTCATAAGG	4.691
ref_present_v_absent	reject	CRISPOR	accepted	accept	CAACAACTTCATAAGGCCATTGG	2.0
ref_present_v_absent	reject	CRISPOR	accepted	accept	GGTGTTGGTGGAAATGCAGGAGG	0.7059
ref_present_v_absent	reject	CRISPOR	accepted	accept	ACAGGTGTTGGTGGAAATGCAGG	0.7143
ref_present_v_absent	reject	CRISPOR	accepted	accept	GATTGTGCAACAGGTGTTGGTGG	0.2
ref_present_v_absent	reject	CRISPOR	accepted	accept	GAAGATTGTGCAACAGGTGTTGG	0.5
ref_present_v_absent	reject	CRISPOR	accepted	accept	AGGCCGCCGGCGACCCGTCTTGG	0.6957
ref_present_v_absent	reject	CRISPOR	accepted	accept	CAAATGACTGGAATGCTGTGCGG	1.0
ref_present_v_absent	reject	CRISPOR	accepted	accept	AAATGACTGGAATGCTGTGCGGG	1.0
ref_present_v_absent	reject	CRISPOR	accepted	accept	TGGAATGCTGTGCGGGAAAGCGG	0.65
ref_present_v_absent	reject	CRISPOR	accepted	accept	AATGGATGGCAAAATGTACATGG	0.6667
ref_present_v_absent	reject	CRISPOR	accepted	accept	ACAAATGGAGAACGAATGGATGG	1.0
ref_present_v_absent	reject	CRISPOR	accepted	accept	AAGGCACATGAAGGTCTGATTGG	1.0
ref_present_v_absent	reject	CRISPOR	accepted	accept	AAGCGGTCCCACAAGAAAAAAGG	1.0
ref_present_v_absent	reject	CRISPOR	accepted	accept	TGAGTGACCTTTTTTCTTGTGGG	0.0
ref_present_v_absent	reject	CRISPOR	accepted	accept	CTGAGTGACCTTTTTTCTTGTGG	0.0
ref_present_v_absent	reject	CRISPOR	accepted	accept	ACCTAGCCGACTCCAACGTGCGG	1.0
ref_present_v_absent	reject	CRISPOR	accepted	accept	GCCGCACGTTGGAGTCGGCTAGG	0.6923
ref_present_v_absent	reject	CRISPOR	accepted	accept	CAGAGGCCGCACGTTGGAGTCGG	0.6875
ref_present_v_absent	reject	CRISPOR	accepted	accept	CGACTCCAACGTGCGGCCTCTGG	0.1538
ref_present_v_absent	reject	CRISPOR	accepted	accept	GATCTCCAGAGGCCGCACGTTGG	0.4211
ref_present_v_absent	reject	CRISPOR	accepted	accept	ACCTTGGACCAACTGTATAGAGG	0.8
ref_present_v_absent	reject	CRISPOR	accepted	accept	ACCTCTATACAGTTGGTCCAAGG	1.0
ref_present_v_absent	reject	CRISPOR	accepted	accept	GAAGCAAACGGAAAATACACCGG	0.1905
ref_present_v_absent	reject	CRISPOR	accepted	accept	GGAAAATACACCGGATATGCTGG	0.5714
ref_present_v_absent	reject	CRISPOR	accepted	accept	GAAAATACACCGGATATGCTGGG	0.4286
ref_present_v_absent	reject	CRISPOR	accepted	accept	AAAATACACCGGATATGCTGGGG	0.4375
ref_present_v_absent	reject	CRISPOR	accepted	accept	TGAATCAAGATGCATCTCACCGG	0.619
ref_present_v_absent	reject	CRISPOR	accepted	accept	GTGATTTTGATACTGCCGTTGGG	1.0
ref_present_v_absent	reject	CRISPOR	accepted	accept	TGATTTTGATACTGCCGTTGGGG	1.0
ref_present_v_absent	reject	CRISPOR	accepted	accept	TATCTCATTGTACACCCCAACGG	0.6667
ref_present_v_absent	reject	CRISPOR	accepted	accept	AAAACACGGCACCCAATTCCTGG	0.6875
ref_present_v_absent	reject	CRISPOR	accepted	accept	ATCTTCATGGTCGAAAAACACGG	1.0
ref_present_v_absent	reject	CRISPOR	accepted	accept	CAAATGCATGCAGCTTGCAAAGG	0.6667
ref_present_v_absent	reject	CRISPOR	accepted	accept	AAGTGGTAGTGATTGATTACTGG	1.0
ref_present_v_absent	reject	CRISPOR	accepted	accept	ACTTTTATCCTTGTTAGCCGCGG	1.0
ref_present_v_absent	reject	CRISPOR	accepted	accept	TTTTGGTACCGCGGCTAACAAGG	0.65
ref_present_v_absent	reject	CRISPOR	accepted	accept	CTTTATTTTTTTTGGTACCGCGG	0.7647
ref_present_v_absent	reject	CRISPOR	accepted	accept	CGCGGTACCAAAAAAAATAAAGG	0.4286
ref_present_v_absent	reject	CRISPOR	accepted	accept	GCGGTACCAAAAAAAATAAAGGG	0.8571
ref_present_v_absent	reject	CRISPOR	accepted	accept	AAAATGCCCATACTTTGTTACGG	4.3262
ref_present_v_absent	reject	CRISPOR	accepted	accept	AAATGCCCATACTTTGTTACGGG	4.0441
ref_present_v_absent	reject	CRISPOR	rejected_side	reject	TTAATCCCGTAACAAAGTATGGG	2.3703
ref_present_v_absent	reject	CRISPOR	rejected_side	reject	TTTAATCCCGTAACAAAGTATGG	3.1194
ref_present_v_absent	reject	CRISPOR	accepted	accept	ACGTCGTCGCGGCAGTGACCGGG	0.75
ref_present_v_absent	reject	CRISPOR	accepted	accept	GACGTCGTCGCGGCAGTGACCGG	0.9412
ref_present_v_absent	reject	CRISPOR	accepted	accept	GGTCACTGCCGCGACGACGTCGG	0.8125
ref_present_v_absent	reject	CRISPOR	accepted	accept	CTTCCTCGACGTGGGGCCACCGG	0.9091
ref_present_v_absent	reject	CRISPOR	accepted	accept	ACATCTTCTTCCTCGACGTGGGG	1.875
ref_present_v_absent	reject	CRISPOR	accepted	accept	CACATCTTCTTCCTCGACGTGGG	1.2806
ref_present_v_absent	reject	CRISPOR	accepted	accept	GCACATCTTCTTCCTCGACGTGG	0.3077
ref_present_v_absent	reject	CRISPOR	accepted	accept	CACATATTTCATCTCCATTCTGG	0.6429
ref_present_v_absent	reject	CRISPOR	accepted	accept	AGTATTTAAATGGGCTCAACAGG	0.6429
ref_present_v_absent	reject	CRISPOR	accepted	accept	AGCCCATTTAAATACTCTAGAGG	0.6691
ref_present_v_absent	reject	CRISPOR	accepted	accept	TTCCTCTAGAGTATTTAAATGGG	0.0
ref_present_v_absent	reject	CRISPOR	accepted	accept	TTTCCTCTAGAGTATTTAAATGG	0.0
ref_present_v_absent	reject	CRISPOR	accepted	accept	AAATACTCTAGAGGAAATACTGG	0.0
ref_present_v_absent	reject	CRISPOR	accepted	accept	AGAGGAAATACTGGAGAAGAAGG	0.9375
ref_present_v_absent	reject	CRISPOR	accepted	accept	GGAAATACTGGAGAAGAAGGTGG	0.0
ref_present_v_absent	reject	CRISPOR	accepted	accept	AATACTGGAGAAGAAGGTGGAGG	0.0
ref_present_v_absent	reject	CRISPOR	rejected_side	reject	ACTGGAGAAGAAGGTGGAGGAGG	3.5617
ref_present_v_absent	reject	CRISPOR	accepted	accept	AGGTGGAGGAGGCCACCGAAAGG	0.0
ref_present_v_absent	reject	CRISPOR	accepted	accept	ACTATCAAACTTCCTTTCGGTGG	0.0
ref_present_v_absent	reject	CRISPOR	accepted	accept	ACAACTATCAAACTTCCTTTCGG	0.0
ref_present_v_absent	reject	CRISPOR	accepted	accept	GTTGTGCAAGAGCTCTTTTTTGG	0.0
ref_present_v_absent	reject	CRISPOR	accepted	accept	AAGATGAAGTGCACTCATACAGG	0.0
ref_present_v_absent	reject	CRISPOR	accepted	accept	TTGGGATGGAGCAGGTCGCCGGG	0.0
ref_present_v_absent	reject	CRISPOR	accepted	accept	TTTGGGATGGAGCAGGTCGCCGG	0.0
ref_present_v_absent	reject	CRISPOR	accepted	accept	TCGGGAGTTTGGGATGGAGCAGG	0.1923
ref_present_v_absent	reject	CRISPOR	accepted	accept	CTAGCATCGGGAGTTTGGGATGG	0.0
ref_present_v_absent	reject	CRISPOR	accepted	accept	GAAGCTAGCATCGGGAGTTTGGG	0.0
ref_present_v_absent	reject	CRISPOR	accepted	accept	TGAAGCTAGCATCGGGAGTTTGG	0.0
ref_present_v_absent	reject	CRISPOR	accepted	accept	GAAAACATGAAGCTAGCATCGGG	0.0
ref_present_v_absent	reject	CRISPOR	accepted	accept	AGAAAACATGAAGCTAGCATCGG	0.0
ref_present_v_absent	reject	CRISPOR	accepted	accept	AGGCAGGATCCACCTTAGGAGGG	0.8
ref_present_v_absent	reject	CRISPOR	accepted	accept	GAGGCAGGATCCACCTTAGGAGG	0.6111
ref_present_v_absent	reject	CRISPOR	accepted	accept	AGTGAGGCAGGATCCACCTTAGG	0.7143
ref_present_v_absent	reject	CRISPOR	accepted	accept	GGTGGATCCTGCCTCACTGAAGG	0.7895
ref_present_v_absent	reject	CRISPOR	accepted	accept	GGAACATCCTTCAGTGAGGCAGG	0.4
ref_present_v_absent	reject	CRISPOR	accepted	accept	TGCCTCACTGAAGGATGTTCCGG	0.6471
ref_present_v_absent	reject	CRISPOR	accepted	accept	AACCGGAACATCCTTCAGTGAGG	1.0
ref_present_v_absent	reject	CRISPOR	accepted	accept	TGAAGTAAAAGATGGTCTTCAGG	1.0
ref_present_v_absent	reject	CRISPOR	accepted	accept	AAAGATGGTCTTCAGGACTGTGG	0.0
ref_present_v_absent	reject	CRISPOR	accepted	accept	AAGATGGTCTTCAGGACTGTGGG	0.0
ref_present_v_absent	reject	CRISPOR	accepted	accept	TGGTCTTCAGGACTGTGGGTTGG	0.0
ref_present_v_absent	reject	CRISPOR	accepted	accept	AGGACTGTGGGTTGGAGTGTAGG	0.1176
ref_present_v_absent	reject	CRISPOR	accepted	accept	GGACTGTGGGTTGGAGTGTAGGG	0.3462
ref_present_v_absent	reject	CRISPOR	accepted	accept	TGGGTTGGAGTGTAGGGAGATGG	0.5
ref_present_v_absent	reject	CRISPOR	accepted	accept	TGGAGTGTAGGGAGATGGAATGG	0.64
ref_present_v_absent	reject	CRISPOR	accepted	accept	GAATGGATTGAGATGAAGAATGG	0.468
ref_present_v_absent	reject	CRISPOR	accepted	accept	GGATTGAGATGAAGAATGGATGG	0.65
ref_present_v_absent	reject	CRISPOR	rejected_side	reject	GAAGAATGGATGGTCTCTTCAGG	1.0
ref_present_v_absent	reject	CRISPOR	accepted	accept	GGATTACTTGGGCACGGAACTGG	1.0
ref_present_v_absent	reject	CRISPOR	accepted	accept	ACGGAACTGGAGTTAGCCATTGG	0.875
ref_present_v_absent	reject	CRISPOR	accepted	accept	AAACACTAAGCCCAACAAATTGG	0.6429
ref_present_v_absent	reject	CRISPOR	accepted	accept	CTTAGTGTTTGATGAAAGCAAGG	0.9091
ref_present_v_absent	reject	CRISPOR	accepted	accept	TTAGTGTTTGATGAAAGCAAGGG	1.0
ref_present_v_absent	reject	CRISPOR	accepted	accept	TTAGAATCAGAAATTTCAGTTGG	0.6
ref_present_v_absent	reject	CRISPOR	accepted	accept	GGAGTATCAAGACTGCTTCTAGG	0.3
ref_present_v_absent	reject	CRISPOR	accepted	accept	TAGGCGCTGCTCCCTCGCGCCGG	1.0
ref_present_v_absent	reject	CRISPOR	rejected_side	reject	CCCTCGCGCCGGACCCTTGGAGG	1.0
ref_present_v_absent	reject	CRISPOR	accepted	accept	TCCTCCAAGGGTCCGGCGCGAGG	0.8571
ref_present_v_absent	reject	CRISPOR	rejected_side	reject	CTGTGCTTCCTCCAAGGGTCCGG	0.9231
ref_present_v_absent	reject	CRISPOR	rejected_side	reject	GACCCTTGGAGGAAGCACAGCGG	0.7222
ref_present_v_absent	reject	CRISPOR	accepted	accept	ACCCTTGGAGGAAGCACAGCGGG	0.65
ref_present_v_absent	reject	CRISPOR	rejected_side	reject	ACCCGCTGTGCTTCCTCCAAGGG	0.2857
ref_present_v_absent	reject	CRISPOR	rejected_side	reject	GACCCGCTGTGCTTCCTCCAAGG	0.2727
ref_present_v_absent	reject	CRISPOR	rejected_side	reject	CGGATGGCGTGGCTGAGCGGGGG	0.6364
ref_present_v_absent	reject	CRISPOR	accepted	accept	GCGGATGGCGTGGCTGAGCGGGG	0.9286
ref_present_v_absent	reject	CRISPOR	accepted	accept	CGCGGATGGCGTGGCTGAGCGGG	0.8125
ref_present_v_absent	reject	CRISPOR	rejected_side	reject	ACGCGGATGGCGTGGCTGAGCGG	0.875
ref_present_v_absent	reject	CRISPOR	accepted	accept	GGTTGTGCACGCGGATGGCGTGG	0.3077
ref_present_v_absent	reject	CRISPOR	accepted	accept	GACCATTAAATTCGAAGCTGAGG	1.0
ref_present_v_absent	reject	CRISPOR	accepted	accept	GTCCTCAGCTTCGAATTTAATGG	0.6429
ref_present_v_absent	reject	CRISPOR	accepted	accept	AGCAGTAGCAGCTAAACCACCGG	0.72
ref_present_v_absent	reject	CRISPOR	accepted	accept	TGGTTTAGCTGCTACTGCTGAGG	0.2727
ref_present_v_absent	reject	CRISPOR	accepted	accept	TTCCCTCATATACTTCGTGACGG	1.0
ref_present_v_absent	reject	CRISPOR	accepted	accept	CGAAGTATATGAGGGAACAGAGG	0.1778
ref_present_v_absent	reject	CRISPOR	accepted	accept	AAAAATGAGAAATTTTCACAAGG	2.3174
ref_present_v_absent	reject	CRISPOR	accepted	accept	TTTTTCCTCCACCTATTGACAGG	0.7529
ref_present_v_absent	reject	CRISPOR	accepted	accept	CGTTTCCTGTCAATAGGTGGAGG	0.7333
ref_present_v_absent	reject	CRISPOR	accepted	accept	GTGCGTTTCCTGTCAATAGGTGG	0.4667
ref_present_v_absent	reject	CRISPOR	accepted	accept	CCTATTGACAGGAAACGCACTGG	0.9
ref_present_v_absent	reject	CRISPOR	accepted	accept	TTGCCATTGCCAGGAGCAGAAGG	0.9375
ref_present_v_absent	reject	CRISPOR	accepted	accept	CCATTGCCAGGAGCAGAAGGAGG	0.0
ref_present_v_absent	reject	CRISPOR	accepted	accept	GGGGGGCCTCCTTCTGCTCCTGG	0.0
ref_present_v_absent	reject	CRISPOR	accepted	accept	GGAGCAGAAGGAGGCCCCCCAGG	0.0
ref_present_v_absent	reject	CRISPOR	accepted	accept	AAGGAGGCCCCCCAGGAGAACGG	0.9474
ref_present_v_absent	reject	CRISPOR	accepted	accept	AGGAGGCCCCCCAGGAGAACGGG	0.6667
ref_present_v_absent	reject	CRISPOR	accepted	accept	GGAGGCCCCCCAGGAGAACGGGG	0.5333
ref_present_v_absent	reject	CRISPOR	accepted	accept	CGTCACCCCGTTCTCCTGGGGGG	0.375
ref_present_v_absent	reject	CRISPOR	accepted	accept	CCCCCAGGAGAACGGGGTGACGG	0.6471
ref_present_v_absent	reject	CRISPOR	accepted	accept	GCCGTCACCCCGTTCTCCTGGGG	1.0
ref_present_v_absent	reject	CRISPOR	accepted	accept	CGCCGTCACCCCGTTCTCCTGGG	1.0
ref_present_v_absent	reject	CRISPOR	accepted	accept	GCGCCGTCACCCCGTTCTCCTGG	1.0
ref_present_v_absent	reject	CRISPOR	accepted	accept	TCCGGATTCGGCTAATGCAGAGG	0.0
ref_present_v_absent	reject	CRISPOR	accepted	accept	CCGGATTCGGCTAATGCAGAGGG	0.0
ref_present_v_absent	reject	CRISPOR	accepted	accept	GATTCGGCTAATGCAGAGGGTGG	0.0
ref_present_v_absent	reject	CRISPOR	accepted	accept	TAGAGATAGATGGATAGGATTGG	1.0933
ref_present_v_absent	reject	CRISPOR	accepted	accept	TTGAATAGAGATAGATGGATAGG	1.1308
ref_present_v_absent	reject	CRISPOR	accepted	accept	ATCCATCTATCTCTATTCAACGG	1.3083
ref_present_v_absent	reject	CRISPOR	accepted	accept	GCGAATAACCAAGGCAACTACGG	3.0247
ref_present_v_absent	reject	CRISPOR	accepted	accept	AATAACCAAGGCAACTACGGCGG	3.159
ref_present_v_absent	reject	CRISPOR	accepted	accept	TCGATCCGCCGTAGTTGCCTTGG	3.9763
ref_present_v_absent	reject	CRISPOR	accepted	accept	AACTACGGCGGATCGAGCTTTGG	5.5467
ref_present_v_absent	reject	CRISPOR	accepted	accept	GCCACCCAGAAGACTGTCGATGG	1.2789
ref_present_v_absent	reject	CRISPOR	accepted	accept	GCCATCGACAGTCTTCTGGGTGG	0.7059
ref_present_v_absent	reject	CRISPOR	accepted	accept	AGGGCCATCGACAGTCTTCTGGG	0.5556
ref_present_v_absent	reject	CRISPOR	accepted	accept	AAGGGCCATCGACAGTCTTCTGG	0.65
ref_present_v_absent	reject	CRISPOR	accepted	accept	AAACTAAAAATGTTACAAGATGG	0.3077
ref_present_v_absent	reject	CRISPOR	accepted	accept	AAAGTGCTGCAGTTGTAGTAGGG	1.0333
ref_present_v_absent	reject	CRISPOR	accepted	accept	AAGTGCTGCAGTTGTAGTAGGGG	1.0
ref_present_v_absent	reject	CRISPOR	accepted	accept	AGATGGCCCTCGTGGCACTGTGG	1.1778
ref_present_v_absent	reject	CRISPOR	rejected_side	reject	AATGCACCACAGTGCCACGAGGG	1.5122
ref_present_v_absent	reject	CRISPOR	accepted	accept	GAATGCACCACAGTGCCACGAGG	2.0826
ref_present_v_absent	reject	CRISPOR	accepted	accept	TCATTGTGGGACGGTTTCTTGGG	0.5568
ref_present_v_absent	reject	CRISPOR	accepted	accept	GTCATTGTGGGACGGTTTCTTGG	0.7959
ref_present_v_absent	reject	CRISPOR	accepted	accept	AAACCGTCCCACAATGACGAAGG	1.3846
ref_present_v_absent	reject	CRISPOR	accepted	accept	CAACCTTCGTCATTGTGGGACGG	0.0
ref_present_v_absent	reject	CRISPOR	accepted	accept	TTTACAACCTTCGTCATTGTGGG	1.3398
ref_present_v_absent	reject	CRISPOR	accepted	accept	GTTTACAACCTTCGTCATTGTGG	1.7126
ref_present_v_absent	reject	CRISPOR	accepted	accept	TAACAATGAAGCTGCCGTGTTGG	0.9333
ref_present_v_absent	reject	CRISPOR	accepted	accept	AACAATGAAGCTGCCGTGTTGGG	1.3043
ref_present_v_absent	reject	CRISPOR	accepted	accept	GCTGCCGTGTTGGGCTTTGTTGG	0.625
ref_present_v_absent	reject	CRISPOR	accepted	accept	AAGTAAGACTCTGCGCTGCTTGG	0.3
ref_present_v_absent	reject	CRISPOR	accepted	accept	GAGCACCTTGCCGGAGTCGGAGG	1.0583
ref_present_v_absent	reject	CRISPOR	accepted	accept	GACGAGCACCTTGCCGGAGTCGG	0.925
ref_present_v_absent	reject	CRISPOR	rejected_side	reject	GTTTGCGACGAGCACCTTGCCGG	0.9192
ref_present_v_absent	reject	CRISPOR	rejected_side	reject	CGTCGCAAACAACGTCATCCCGG	2.3571
ref_present_v_absent	reject	CRISPOR	accepted	accept	TTCTCCAAGATCGACACTGACGG	1.5077
ref_present_v_absent	reject	CRISPOR	rejected_side	reject	CTGGCCGTCAGTGTCGATCTTGG	1.1256
ref_present_v_absent	reject	CRISPOR	accepted	accept	CAAGATCGACACTGACGGCCAGG	1.3875
ref_present_v_absent	reject	CRISPOR	accepted	accept	AAGATCGACACTGACGGCCAGGG	1.4476
ref_present_v_absent	reject	CRISPOR	accepted	accept	CGACGGTGAGGTGCCCGCGCTGG	0.6471
ref_present_v_absent	reject	CRISPOR	accepted	accept	CGAAGCTATAGTCGACGGTGAGG	0.6667
ref_present_v_absent	reject	CRISPOR	accepted	accept	GTTAACGAAGCTATAGTCGACGG	1.0
ref_present_v_absent	reject	CRISPOR	accepted	accept	CATTTCTCAGGCACTTGGACCGG	1.0
ref_present_v_absent	reject	CRISPOR	accepted	accept	AAAATAAAAAAAGTTCATACCGG	1.0
ref_present_v_absent	reject	CRISPOR	rejected_side	reject	TCGATATGTCCGAGTAGTTAAGG	11.0667
ref_present_v_absent	reject	CRISPOR	rejected_side	reject	AGTCTGTCTCCTTAACTACTCGG	4.6667
ref_present_v_absent	reject	CRISPOR	accepted	accept	GCTTTTTTTCATCGGAGTGGAGG	0.0
ref_present_v_absent	reject	CRISPOR	accepted	accept	TAGGCTTTTTTTCATCGGAGTGG	0.0
ref_present_v_absent	reject	CRISPOR	accepted	accept	CTCAATAGGCTTTTTTTCATCGG	0.0
ref_present_v_absent	reject	CRISPOR	accepted	accept	TGAAATTTATGCAGTTCCGTGGG	0.0
ref_present_v_absent	reject	CRISPOR	accepted	accept	TTGAAATTTATGCAGTTCCGTGG	0.0
ref_present_v_absent	reject	CRISPOR	accepted	accept	AACTGCATAAATTTCAAGAGTGG	0.0
ref_present_v_absent	reject	CRISPOR	accepted	accept	CAAGAGTGGTCTATGAAAATTGG	0.0
ref_present_v_absent	reject	CRISPOR	accepted	accept	GGTCTATGAAAATTGGAGAATGG	0.0
ref_present_v_absent	reject	CRISPOR	accepted	accept	GTCTATGAAAATTGGAGAATGGG	0.0
ref_present_v_absent	reject	CRISPOR	accepted	accept	TATGAAAATTGGAGAATGGGAGG	0.0
ref_present_v_absent	reject	CRISPOR	accepted	accept	CATGAACTGTCTTGCCAGAGTGG	0.0
ref_present_v_absent	reject	CRISPOR	accepted	accept	TTACTGAGTCTTGGAGCTCAAGG	0.0
ref_present_v_absent	reject	CRISPOR	accepted	accept	CTTCATCGATTACTGAGTCTTGG	0.0
ref_present_v_absent	reject	CRISPOR	accepted	accept	GATGAAGTCCCACCATCTATAGG	0.0
ref_present_v_absent	reject	CRISPOR	accepted	accept	ATGAAGTCCCACCATCTATAGGG	0.0
ref_present_v_absent	reject	CRISPOR	accepted	accept	TGAAGTCCCACCATCTATAGGGG	0.0
ref_present_v_absent	reject	CRISPOR	accepted	accept	AAAGATCCCCTATAGATGGTGGG	0.0437
ref_present_v_absent	reject	CRISPOR	accepted	accept	AAAAGATCCCCTATAGATGGTGG	0.0131
ref_present_v_absent	reject	CRISPOR	accepted	accept	TTAAAAAGATCCCCTATAGATGG	0.5385
ref_present_v_absent	reject	CRISPOR	accepted	accept	TAGGGGATCTTTTTAACTTGAGG	0.7647
ref_present_v_absent	reject	CRISPOR	accepted	accept	CTTTTTAACTTGAGGTATATTGG	0.0
ref_present_v_absent	reject	CRISPOR	accepted	accept	ACTTGAGGTATATTGGCCTAAGG	0.0
ref_present_v_absent	reject	CRISPOR	accepted	accept	CACAGCAGTAAAATGTCTACCGG	0.05
ref_present_v_absent	reject	CRISPOR	accepted	accept	GTCCATGCATGTTATATTCAAGG	0.0
ref_present_v_absent	reject	CRISPOR	accepted	accept	CTCCTTGAATATAACATGCATGG	0.8824
ref_present_v_absent	reject	CRISPOR	accepted	accept	CATGCATGTTATATTCAAGGAGG	0.6923
ref_present_v_absent	reject	CRISPOR	accepted	accept	TTATATTCAAGGAGGACTTTAGG	0.0
ref_present_v_absent	reject	CRISPOR	accepted	accept	TTCAAGGAGGACTTTAGGATTGG	0.0
ref_present_v_absent	reject	CRISPOR	accepted	accept	AAGGAGGACTTTAGGATTGGTGG	0.0
ref_present_v_absent	reject	CRISPOR	accepted	accept	GACTTTAGGATTGGTGGACGTGG	0.0
ref_present_v_absent	reject	CRISPOR	accepted	accept	AGCTAAGTTTTGATAAATTTTGG	0.5333
ref_present_v_absent	reject	CRISPOR	accepted	accept	TATTTTAACCCAGAAAAAAAAGG	0.1364
ref_present_v_absent	reject	CRISPOR	accepted	accept	ATAAATCTCCTTTTTTTTCTGGG	0.4483
ref_present_v_absent	reject	CRISPOR	accepted	accept	AATAAATCTCCTTTTTTTTCTGG	2.0011
ref_present_v_absent	reject	CRISPOR	accepted	accept	ATGGATGCTTATTCAAAATGTGG	0.3
ref_present_v_absent	reject	CRISPOR	accepted	accept	AATCCATATTGGAGTTGATGCGG	0.1765
ref_present_v_absent	reject	CRISPOR	accepted	accept	TAGCCGCATCAACTCCAATATGG	0.4513
ref_present_v_absent	reject	CRISPOR	accepted	accept	GCTAATTTCTTGATTGAAAAAGG	0.7059
ref_present_v_absent	reject	CRISPOR	accepted	accept	TTGATTGAAAAAGGATACAGTGG	0.9333
ref_present_v_absent	reject	CRISPOR	accepted	accept	AAAAAGGATACAGTGGCTCCTGG	0.1795
ref_present_v_absent	reject	CRISPOR	accepted	accept	TTGTGTAGCTTTTAGTAACATGG	0.05
ref_present_v_absent	reject	CRISPOR	accepted	accept	ACTAAAAGCTACACAAAAGAAGG	0.7857
ref_present_v_absent	reject	CRISPOR	accepted	accept	AAGCAACACAGATTTCTCGAAGG	0.9231
ref_present_v_absent	reject	CRISPOR	accepted	accept	CGAGAAATCTGTGTTGCTTCAGG	0.65
ref_present_v_absent	reject	CRISPOR	accepted	accept	AAATCTGTGTTGCTTCAGGATGG	0.7059
ref_present_v_absent	reject	CRISPOR	accepted	accept	ACAATTGGAGTAATTAATTGTGG	0.0
ref_present_v_absent	reject	CRISPOR	accepted	accept	CAATTGGAGTAATTAATTGTGGG	0.0
ref_present_v_absent	reject	CRISPOR	accepted	accept	GGCGTTCTTGGGGCGCAGAGTGG	1.0
ref_present_v_absent	reject	CRISPOR	accepted	accept	ACTCTGCGCCCCAAGAACGCCGG	1.0
ref_present_v_absent	reject	CRISPOR	accepted	accept	CGCCCCAAGAACGCCGGTCTCGG	0.2727
ref_present_v_absent	reject	CRISPOR	accepted	accept	TTCCGAGACCGGCGTTCTTGGGG	0.65
ref_present_v_absent	reject	CRISPOR	accepted	accept	CTTCCGAGACCGGCGTTCTTGGG	0.7222
ref_present_v_absent	reject	CRISPOR	accepted	accept	GCTTCCGAGACCGGCGTTCTTGG	0.6522
ref_present_v_absent	reject	CRISPOR	accepted	accept	CGCCGGTCTCGGAAGCGTCGAGG	0.6471
ref_present_v_absent	reject	CRISPOR	accepted	accept	GCCGGTCTCGGAAGCGTCGAGGG	0.4286
ref_present_v_absent	reject	CRISPOR	accepted	accept	CCGGTCTCGGAAGCGTCGAGGGG	0.8571
ref_present_v_absent	reject	CRISPOR	accepted	accept	GCCCAAGCCATTCTTTACTAAGG	0.4
ref_present_v_absent	reject	CRISPOR	accepted	accept	TCCTTAGTAAAGAATGGCTTGGG	0.1429
ref_present_v_absent	reject	CRISPOR	accepted	accept	CTCCTTAGTAAAGAATGGCTTGG	0.0
ref_present_v_absent	reject	CRISPOR	accepted	accept	AAATTCTCCTTAGTAAAGAATGG	0.9333
ref_present_v_absent	reject	CRISPOR	accepted	accept	TTTGCCGCCTCCGCCTCCACCGG	1.5116
ref_present_v_absent	reject	CRISPOR	rejected_side	reject	GGCGCCGGTGGAGGCGGAGGCGG	89.7084
ref_present_v_absent	reject	CRISPOR	rejected_side	reject	GCGGGCGCCGGTGGAGGCGGAGG	6.7165
ref_present_v_absent	reject	CRISPOR	rejected_side	reject	TTGGCGGGCGCCGGTGGAGGCGG	0.6014
ref_present_v_absent	reject	CRISPOR	accepted	accept	TTCTTGGCGGGCGCCGGTGGAGG	0.8429
ref_present_v_absent	reject	CRISPOR	accepted	accept	TCCACCGGCGCCCGCCAAGAAGG	0.9
ref_present_v_absent	reject	CRISPOR	accepted	accept	TCCTTCTTGGCGGGCGCCGGTGG	1.0
ref_present_v_absent	reject	CRISPOR	accepted	accept	ACCTGAATCTCCCTGAAATACGG	1.0
ref_present_v_absent	reject	CRISPOR	accepted	accept	GGTGCATCTAAGCTCCAAACTGG	0.7059
ref_present_v_absent	reject	CRISPOR	accepted	accept	GTGCATCTAAGCTCCAAACTGGG	0.7273
ref_present_v_absent	reject	CRISPOR	accepted	accept	GTGGCTGGCGGGATCGGGCACGG	0.9286
ref_present_v_absent	reject	CRISPOR	accepted	accept	GGCGAGTGGCTGGCGGGATCGGG	0.3077
ref_present_v_absent	reject	CRISPOR	accepted	accept	CGGCGAGTGGCTGGCGGGATCGG	0.5385
ref_present_v_absent	reject	CRISPOR	accepted	accept	GGCGACGGCGAGTGGCTGGCGGG	0.7071
ref_present_v_absent	reject	CRISPOR	accepted	accept	CGGCGACGGCGAGTGGCTGGCGG	3.5872
ref_present_v_absent	reject	CRISPOR	rejected_side	reject	TGGCGGCGACGGCGAGTGGCTGG	1.6178
ref_present_v_absent	reject	CRISPOR	accepted	accept	AAAGGATGGAAAGAAGCAACAGG	0.1765
ref_present_v_absent	reject	CRISPOR	accepted	accept	AAAGAAGCAACAGGCGAAGAAGG	0.0
ref_present_v_absent	reject	CRISPOR	accepted	accept	CGAAGAAGGACGACGACCTGAGG	0.0
ref_present_v_absent	reject	CRISPOR	accepted	accept	GTGACGGTTAGCGTCGCCGTCGG	0.5333
ref_present_v_absent	reject	CRISPOR	accepted	accept	TGACGGTTAGCGTCGCCGTCGGG	0.625
ref_present_v_absent	reject	CRISPOR	accepted	accept	GACGGTTAGCGTCGCCGTCGGGG	0.5714
ref_present_v_absent	reject	GuideScan2	accepted	accept	GGTTCTGCTACATCCATAGATGG	2.9723
ref_present_v_absent	reject	GuideScan2	accepted	accept	TTTTTTCAAAGTGAGACCACTGG	2.375
ref_present_v_absent	reject	GuideScan2	accepted	accept	AAAGTGAGACCACTGGCAATTGG	0.6265
ref_present_v_absent	reject	GuideScan2	accepted	accept	AGACCACTGGCAATTGGACTTGG	2.6032
ref_present_v_absent	reject	GuideScan2	accepted	accept	AAACCAAGTCCAATTGCCAGTGG	2.4693
ref_present_v_absent	reject	GuideScan2	rejected_side	reject	GTTTATGCAACAACTTCATAAGG	4.691
ref_present_v_absent	reject	GuideScan2	accepted	accept	CAACAACTTCATAAGGCCATTGG	2.0
ref_present_v_absent	reject	GuideScan2	accepted	accept	GGTGTTGGTGGAAATGCAGGAGG	0.7059
ref_present_v_absent	reject	GuideScan2	accepted	accept	ACAGGTGTTGGTGGAAATGCAGG	0.7143
ref_present_v_absent	reject	GuideScan2	accepted	accept	GATTGTGCAACAGGTGTTGGTGG	0.2
ref_present_v_absent	reject	GuideScan2	accepted	accept	GAAGATTGTGCAACAGGTGTTGG	0.5
ref_present_v_absent	reject	GuideScan2	accepted	accept	AGGCCGCCGGCGACCCGTCTTGG	0.6957
ref_present_v_absent	reject	GuideScan2	accepted	accept	CAAATGACTGGAATGCTGTGCGG	1.0
ref_present_v_absent	reject	GuideScan2	accepted	accept	AAATGACTGGAATGCTGTGCGGG	1.0
ref_present_v_absent	reject	GuideScan2	accepted	accept	TGGAATGCTGTGCGGGAAAGCGG	0.65
ref_present_v_absent	reject	GuideScan2	accepted	accept	AATGGATGGCAAAATGTACATGG	0.6667
ref_present_v_absent	reject	GuideScan2	accepted	accept	ACAAATGGAGAACGAATGGATGG	1.0
ref_present_v_absent	reject	GuideScan2	accepted	accept	AAGGCACATGAAGGTCTGATTGG	1.0
ref_present_v_absent	reject	GuideScan2	accepted	accept	AAGCGGTCCCACAAGAAAAAAGG	1.0
ref_present_v_absent	reject	GuideScan2	accepted	accept	TGAGTGACCTTTTTTCTTGTGGG	0.0
ref_present_v_absent	reject	GuideScan2	accepted	accept	CTGAGTGACCTTTTTTCTTGTGG	0.0
ref_present_v_absent	reject	GuideScan2	accepted	accept	ACCTAGCCGACTCCAACGTGCGG	1.0
ref_present_v_absent	reject	GuideScan2	accepted	accept	GCCGCACGTTGGAGTCGGCTAGG	0.6923
ref_present_v_absent	reject	GuideScan2	accepted	accept	CAGAGGCCGCACGTTGGAGTCGG	0.6875
ref_present_v_absent	reject	GuideScan2	accepted	accept	CGACTCCAACGTGCGGCCTCTGG	0.1538
ref_present_v_absent	reject	GuideScan2	accepted	accept	GATCTCCAGAGGCCGCACGTTGG	0.4211
ref_present_v_absent	reject	GuideScan2	accepted	accept	ACCTTGGACCAACTGTATAGAGG	0.8
ref_present_v_absent	reject	GuideScan2	accepted	accept	ACCTCTATACAGTTGGTCCAAGG	1.0
ref_present_v_absent	reject	GuideScan2	accepted	accept	GAAGCAAACGGAAAATACACCGG	0.1905
ref_present_v_absent	reject	GuideScan2	accepted	accept	GGAAAATACACCGGATATGCTGG	0.5714
ref_present_v_absent	reject	GuideScan2	accepted	accept	GAAAATACACCGGATATGCTGGG	0.4286
ref_present_v_absent	reject	GuideScan2	accepted	accept	AAAATACACCGGATATGCTGGGG	0.4375
ref_present_v_absent	reject	GuideScan2	accepted	accept	TGAATCAAGATGCATCTCACCGG	0.619
ref_present_v_absent	reject	GuideScan2	accepted	accept	GTGATTTTGATACTGCCGTTGGG	1.0
ref_present_v_absent	reject	GuideScan2	accepted	accept	TGATTTTGATACTGCCGTTGGGG	1.0
ref_present_v_absent	reject	GuideScan2	accepted	accept	TATCTCATTGTACACCCCAACGG	0.6667
ref_present_v_absent	reject	GuideScan2	accepted	accept	AAAACACGGCACCCAATTCCTGG	0.6875
ref_present_v_absent	reject	GuideScan2	accepted	accept	ATCTTCATGGTCGAAAAACACGG	1.0
ref_present_v_absent	reject	GuideScan2	accepted	accept	CAAATGCATGCAGCTTGCAAAGG	0.6667
ref_present_v_absent	reject	GuideScan2	accepted	accept	AAGTGGTAGTGATTGATTACTGG	1.0
ref_present_v_absent	reject	GuideScan2	accepted	accept	ACTTTTATCCTTGTTAGCCGCGG	1.0
ref_present_v_absent	reject	GuideScan2	accepted	accept	TTTTGGTACCGCGGCTAACAAGG	0.65
ref_present_v_absent	reject	GuideScan2	accepted	accept	CTTTATTTTTTTTGGTACCGCGG	0.7647
ref_present_v_absent	reject	GuideScan2	accepted	accept	CGCGGTACCAAAAAAAATAAAGG	0.4286
ref_present_v_absent	reject	GuideScan2	accepted	accept	GCGGTACCAAAAAAAATAAAGGG	0.8571
ref_present_v_absent	reject	GuideScan2	rejected_side	reject	AAAATGCCCATACTTTGTTACGG	4.3262
ref_present_v_absent	reject	GuideScan2	accepted	accept	AAATGCCCATACTTTGTTACGGG	4.0441
ref_present_v_absent	reject	GuideScan2	accepted	accept	TTAATCCCGTAACAAAGTATGGG	2.3703
ref_present_v_absent	reject	GuideScan2	rejected_side	reject	TTTAATCCCGTAACAAAGTATGG	3.1194
ref_present_v_absent	reject	GuideScan2	accepted	accept	ACGTCGTCGCGGCAGTGACCGGG	0.75
ref_present_v_absent	reject	GuideScan2	accepted	accept	GACGTCGTCGCGGCAGTGACCGG	0.9412
ref_present_v_absent	reject	GuideScan2	accepted	accept	GGTCACTGCCGCGACGACGTCGG	0.8125
ref_present_v_absent	reject	GuideScan2	accepted	accept	CTTCCTCGACGTGGGGCCACCGG	0.9091
ref_present_v_absent	reject	GuideScan2	accepted	accept	ACATCTTCTTCCTCGACGTGGGG	1.875
ref_present_v_absent	reject	GuideScan2	accepted	accept	CACATCTTCTTCCTCGACGTGGG	1.2806
ref_present_v_absent	reject	GuideScan2	accepted	accept	GCACATCTTCTTCCTCGACGTGG	0.3077
ref_present_v_absent	reject	GuideScan2	accepted	accept	CACATATTTCATCTCCATTCTGG	0.6429
ref_present_v_absent	reject	GuideScan2	accepted	accept	AGTATTTAAATGGGCTCAACAGG	0.6429
ref_present_v_absent	reject	GuideScan2	accepted	accept	AGCCCATTTAAATACTCTAGAGG	0.6691
ref_present_v_absent	reject	GuideScan2	accepted	accept	TTCCTCTAGAGTATTTAAATGGG	0.0
ref_present_v_absent	reject	GuideScan2	accepted	accept	TTTCCTCTAGAGTATTTAAATGG	0.0
ref_present_v_absent	reject	GuideScan2	accepted	accept	AAATACTCTAGAGGAAATACTGG	0.0
ref_present_v_absent	reject	GuideScan2	accepted	accept	AGAGGAAATACTGGAGAAGAAGG	0.9375
ref_present_v_absent	reject	GuideScan2	accepted	accept	GGAAATACTGGAGAAGAAGGTGG	0.0
ref_present_v_absent	reject	GuideScan2	accepted	accept	AATACTGGAGAAGAAGGTGGAGG	0.0
ref_present_v_absent	reject	GuideScan2	rejected_side	reject	ACTGGAGAAGAAGGTGGAGGAGG	3.5617
ref_present_v_absent	reject	GuideScan2	accepted	accept	AGGTGGAGGAGGCCACCGAAAGG	0.0
ref_present_v_absent	reject	GuideScan2	accepted	accept	ACTATCAAACTTCCTTTCGGTGG	0.0
ref_present_v_absent	reject	GuideScan2	accepted	accept	ACAACTATCAAACTTCCTTTCGG	0.0
ref_present_v_absent	reject	GuideScan2	accepted	accept	GTTGTGCAAGAGCTCTTTTTTGG	0.0
ref_present_v_absent	reject	GuideScan2	accepted	accept	AAGATGAAGTGCACTCATACAGG	0.0
ref_present_v_absent	reject	GuideScan2	accepted	accept	TTGGGATGGAGCAGGTCGCCGGG	0.0
ref_present_v_absent	reject	GuideScan2	accepted	accept	TTTGGGATGGAGCAGGTCGCCGG	0.0
ref_present_v_absent	reject	GuideScan2	accepted	accept	TCGGGAGTTTGGGATGGAGCAGG	0.1923
ref_present_v_absent	reject	GuideScan2	accepted	accept	CTAGCATCGGGAGTTTGGGATGG	0.0
ref_present_v_absent	reject	GuideScan2	accepted	accept	GAAGCTAGCATCGGGAGTTTGGG	0.0
ref_present_v_absent	reject	GuideScan2	accepted	accept	TGAAGCTAGCATCGGGAGTTTGG	0.0
ref_present_v_absent	reject	GuideScan2	accepted	accept	GAAAACATGAAGCTAGCATCGGG	0.0
ref_present_v_absent	reject	GuideScan2	accepted	accept	AGAAAACATGAAGCTAGCATCGG	0.0
ref_present_v_absent	reject	GuideScan2	accepted	accept	AGGCAGGATCCACCTTAGGAGGG	0.8
ref_present_v_absent	reject	GuideScan2	accepted	accept	GAGGCAGGATCCACCTTAGGAGG	0.6111
ref_present_v_absent	reject	GuideScan2	accepted	accept	AGTGAGGCAGGATCCACCTTAGG	0.7143
ref_present_v_absent	reject	GuideScan2	accepted	accept	GGTGGATCCTGCCTCACTGAAGG	0.7895
ref_present_v_absent	reject	GuideScan2	accepted	accept	GGAACATCCTTCAGTGAGGCAGG	0.4
ref_present_v_absent	reject	GuideScan2	accepted	accept	TGCCTCACTGAAGGATGTTCCGG	0.6471
ref_present_v_absent	reject	GuideScan2	accepted	accept	AACCGGAACATCCTTCAGTGAGG	1.0
ref_present_v_absent	reject	GuideScan2	accepted	accept	TGAAGTAAAAGATGGTCTTCAGG	1.0
ref_present_v_absent	reject	GuideScan2	accepted	accept	AAAGATGGTCTTCAGGACTGTGG	0.0
ref_present_v_absent	reject	GuideScan2	accepted	accept	AAGATGGTCTTCAGGACTGTGGG	0.0
ref_present_v_absent	reject	GuideScan2	accepted	accept	TGGTCTTCAGGACTGTGGGTTGG	0.0
ref_present_v_absent	reject	GuideScan2	accepted	accept	AGGACTGTGGGTTGGAGTGTAGG	0.1176
ref_present_v_absent	reject	GuideScan2	accepted	accept	GGACTGTGGGTTGGAGTGTAGGG	0.3462
ref_present_v_absent	reject	GuideScan2	accepted	accept	TGGGTTGGAGTGTAGGGAGATGG	0.5
ref_present_v_absent	reject	GuideScan2	accepted	accept	TGGAGTGTAGGGAGATGGAATGG	0.64
ref_present_v_absent	reject	GuideScan2	accepted	accept	GAATGGATTGAGATGAAGAATGG	0.468
ref_present_v_absent	reject	GuideScan2	accepted	accept	GGATTGAGATGAAGAATGGATGG	0.65
ref_present_v_absent	reject	GuideScan2	accepted	accept	GAAGAATGGATGGTCTCTTCAGG	1.0
ref_present_v_absent	reject	GuideScan2	accepted	accept	GGATTACTTGGGCACGGAACTGG	1.0
ref_present_v_absent	reject	GuideScan2	accepted	accept	ACGGAACTGGAGTTAGCCATTGG	0.875
ref_present_v_absent	reject	GuideScan2	accepted	accept	AAACACTAAGCCCAACAAATTGG	0.6429
ref_present_v_absent	reject	GuideScan2	accepted	accept	CTTAGTGTTTGATGAAAGCAAGG	0.9091
ref_present_v_absent	reject	GuideScan2	accepted	accept	TTAGTGTTTGATGAAAGCAAGGG	1.0
ref_present_v_absent	reject	GuideScan2	accepted	accept	TTAGAATCAGAAATTTCAGTTGG	0.6
ref_present_v_absent	reject	GuideScan2	accepted	accept	GGAGTATCAAGACTGCTTCTAGG	0.3
ref_present_v_absent	reject	GuideScan2	accepted	accept	TAGGCGCTGCTCCCTCGCGCCGG	1.0
ref_present_v_absent	reject	GuideScan2	accepted	accept	CCCTCGCGCCGGACCCTTGGAGG	1.0
ref_present_v_absent	reject	GuideScan2	accepted	accept	TCCTCCAAGGGTCCGGCGCGAGG	0.8571
ref_present_v_absent	reject	GuideScan2	accepted	accept	CTGTGCTTCCTCCAAGGGTCCGG	0.9231
ref_present_v_absent	reject	GuideScan2	accepted	accept	GACCCTTGGAGGAAGCACAGCGG	0.7222
ref_present_v_absent	reject	GuideScan2	accepted	accept	ACCCTTGGAGGAAGCACAGCGGG	0.65
ref_present_v_absent	reject	GuideScan2	accepted	accept	ACCCGCTGTGCTTCCTCCAAGGG	0.2857
ref_present_v_absent	reject	GuideScan2	accepted	accept	GACCCGCTGTGCTTCCTCCAAGG	0.2727
ref_present_v_absent	reject	GuideScan2	accepted	accept	CGGATGGCGTGGCTGAGCGGGGG	0.6364
ref_present_v_absent	reject	GuideScan2	accepted	accept	GCGGATGGCGTGGCTGAGCGGGG	0.9286
ref_present_v_absent	reject	GuideScan2	accepted	accept	CGCGGATGGCGTGGCTGAGCGGG	0.8125
ref_present_v_absent	reject	GuideScan2	accepted	accept	ACGCGGATGGCGTGGCTGAGCGG	0.875
ref_present_v_absent	reject	GuideScan2	accepted	accept	GGTTGTGCACGCGGATGGCGTGG	0.3077
ref_present_v_absent	reject	GuideScan2	accepted	accept	GACCATTAAATTCGAAGCTGAGG	1.0
ref_present_v_absent	reject	GuideScan2	accepted	accept	GTCCTCAGCTTCGAATTTAATGG	0.6429
ref_present_v_absent	reject	GuideScan2	accepted	accept	AGCAGTAGCAGCTAAACCACCGG	0.72
ref_present_v_absent	reject	GuideScan2	accepted	accept	TGGTTTAGCTGCTACTGCTGAGG	0.2727
ref_present_v_absent	reject	GuideScan2	accepted	accept	TTCCCTCATATACTTCGTGACGG	1.0
ref_present_v_absent	reject	GuideScan2	accepted	accept	CGAAGTATATGAGGGAACAGAGG	0.1778
ref_present_v_absent	reject	GuideScan2	accepted	accept	AAAAATGAGAAATTTTCACAAGG	2.3174
ref_present_v_absent	reject	GuideScan2	accepted	accept	TTTTTCCTCCACCTATTGACAGG	0.7529
ref_present_v_absent	reject	GuideScan2	accepted	accept	CGTTTCCTGTCAATAGGTGGAGG	0.7333
ref_present_v_absent	reject	GuideScan2	accepted	accept	GTGCGTTTCCTGTCAATAGGTGG	0.4667
ref_present_v_absent	reject	GuideScan2	accepted	accept	CCTATTGACAGGAAACGCACTGG	0.9
ref_present_v_absent	reject	GuideScan2	accepted	accept	TTGCCATTGCCAGGAGCAGAAGG	0.9375
ref_present_v_absent	reject	GuideScan2	accepted	accept	CCATTGCCAGGAGCAGAAGGAGG	0.0
ref_present_v_absent	reject	GuideScan2	accepted	accept	GGGGGGCCTCCTTCTGCTCCTGG	0.0
ref_present_v_absent	reject	GuideScan2	accepted	accept	GGAGCAGAAGGAGGCCCCCCAGG	0.0
ref_present_v_absent	reject	GuideScan2	accepted	accept	AAGGAGGCCCCCCAGGAGAACGG	0.9474
ref_present_v_absent	reject	GuideScan2	accepted	accept	AGGAGGCCCCCCAGGAGAACGGG	0.6667
ref_present_v_absent	reject	GuideScan2	accepted	accept	GGAGGCCCCCCAGGAGAACGGGG	0.5333
ref_present_v_absent	reject	GuideScan2	accepted	accept	CGTCACCCCGTTCTCCTGGGGGG	0.375
ref_present_v_absent	reject	GuideScan2	accepted	accept	CCCCCAGGAGAACGGGGTGACGG	0.6471
ref_present_v_absent	reject	GuideScan2	accepted	accept	GCCGTCACCCCGTTCTCCTGGGG	1.0
ref_present_v_absent	reject	GuideScan2	accepted	accept	CGCCGTCACCCCGTTCTCCTGGG	1.0
ref_present_v_absent	reject	GuideScan2	accepted	accept	GCGCCGTCACCCCGTTCTCCTGG	1.0
ref_present_v_absent	reject	GuideScan2	accepted	accept	TCCGGATTCGGCTAATGCAGAGG	0.0
ref_present_v_absent	reject	GuideScan2	accepted	accept	CCGGATTCGGCTAATGCAGAGGG	0.0
ref_present_v_absent	reject	GuideScan2	accepted	accept	GATTCGGCTAATGCAGAGGGTGG	0.0
ref_present_v_absent	reject	GuideScan2	accepted	accept	TAGAGATAGATGGATAGGATTGG	1.0933
ref_present_v_absent	reject	GuideScan2	accepted	accept	TTGAATAGAGATAGATGGATAGG	1.1308
ref_present_v_absent	reject	GuideScan2	accepted	accept	ATCCATCTATCTCTATTCAACGG	1.3083
ref_present_v_absent	reject	GuideScan2	accepted	accept	GCGAATAACCAAGGCAACTACGG	3.0247
ref_present_v_absent	reject	GuideScan2	accepted	accept	AATAACCAAGGCAACTACGGCGG	3.159
ref_present_v_absent	reject	GuideScan2	rejected_side	reject	TCGATCCGCCGTAGTTGCCTTGG	3.9763
ref_present_v_absent	reject	GuideScan2	rejected_side	reject	AACTACGGCGGATCGAGCTTTGG	5.5467
ref_present_v_absent	reject	GuideScan2	accepted	accept	GCCACCCAGAAGACTGTCGATGG	1.2789
ref_present_v_absent	reject	GuideScan2	accepted	accept	GCCATCGACAGTCTTCTGGGTGG	0.7059
ref_present_v_absent	reject	GuideScan2	accepted	accept	AGGGCCATCGACAGTCTTCTGGG	0.5556
ref_present_v_absent	reject	GuideScan2	accepted	accept	AAGGGCCATCGACAGTCTTCTGG	0.65
ref_present_v_absent	reject	GuideScan2	accepted	accept	AAACTAAAAATGTTACAAGATGG	0.3077
ref_present_v_absent	reject	GuideScan2	accepted	accept	AAAGTGCTGCAGTTGTAGTAGGG	1.0333
ref_present_v_absent	reject	GuideScan2	accepted	accept	AAGTGCTGCAGTTGTAGTAGGGG	1.0
ref_present_v_absent	reject	GuideScan2	accepted	accept	AGATGGCCCTCGTGGCACTGTGG	1.1778
ref_present_v_absent	reject	GuideScan2	rejected_side	reject	AATGCACCACAGTGCCACGAGGG	1.5122
ref_present_v_absent	reject	GuideScan2	accepted	accept	GAATGCACCACAGTGCCACGAGG	2.0826
ref_present_v_absent	reject	GuideScan2	accepted	accept	TCATTGTGGGACGGTTTCTTGGG	0.5568
ref_present_v_absent	reject	GuideScan2	accepted	accept	GTCATTGTGGGACGGTTTCTTGG	0.7959
ref_present_v_absent	reject	GuideScan2	accepted	accept	AAACCGTCCCACAATGACGAAGG	1.3846
ref_present_v_absent	reject	GuideScan2	accepted	accept	CAACCTTCGTCATTGTGGGACGG	0.0
ref_present_v_absent	reject	GuideScan2	accepted	accept	TTTACAACCTTCGTCATTGTGGG	1.3398
ref_present_v_absent	reject	GuideScan2	accepted	accept	GTTTACAACCTTCGTCATTGTGG	1.7126
ref_present_v_absent	reject	GuideScan2	accepted	accept	TAACAATGAAGCTGCCGTGTTGG	0.9333
ref_present_v_absent	reject	GuideScan2	accepted	accept	AACAATGAAGCTGCCGTGTTGGG	1.3043
ref_present_v_absent	reject	GuideScan2	accepted	accept	GCTGCCGTGTTGGGCTTTGTTGG	0.625
ref_present_v_absent	reject	GuideScan2	accepted	accept	AAGTAAGACTCTGCGCTGCTTGG	0.3
ref_present_v_absent	reject	GuideScan2	accepted	accept	GAGCACCTTGCCGGAGTCGGAGG	1.0583
ref_present_v_absent	reject	GuideScan2	accepted	accept	GACGAGCACCTTGCCGGAGTCGG	0.925
ref_present_v_absent	reject	GuideScan2	accepted	accept	GTTTGCGACGAGCACCTTGCCGG	0.9192
ref_present_v_absent	reject	GuideScan2	accepted	accept	CGTCGCAAACAACGTCATCCCGG	2.3571
ref_present_v_absent	reject	GuideScan2	accepted	accept	TTCTCCAAGATCGACACTGACGG	1.5077
ref_present_v_absent	reject	GuideScan2	accepted	accept	CTGGCCGTCAGTGTCGATCTTGG	1.1256
ref_present_v_absent	reject	GuideScan2	accepted	accept	CAAGATCGACACTGACGGCCAGG	1.3875
ref_present_v_absent	reject	GuideScan2	accepted	accept	AAGATCGACACTGACGGCCAGGG	1.4476
ref_present_v_absent	reject	GuideScan2	accepted	accept	CGACGGTGAGGTGCCCGCGCTGG	0.6471
ref_present_v_absent	reject	GuideScan2	accepted	accept	CGAAGCTATAGTCGACGGTGAGG	0.6667
ref_present_v_absent	reject	GuideScan2	accepted	accept	GTTAACGAAGCTATAGTCGACGG	1.0
ref_present_v_absent	reject	GuideScan2	accepted	accept	CATTTCTCAGGCACTTGGACCGG	1.0
ref_present_v_absent	reject	GuideScan2	accepted	accept	AAAATAAAAAAAGTTCATACCGG	1.0
ref_present_v_absent	reject	GuideScan2	accepted	accept	TCGATATGTCCGAGTAGTTAAGG	11.0667
ref_present_v_absent	reject	GuideScan2	rejected_side	reject	AGTCTGTCTCCTTAACTACTCGG	4.6667
ref_present_v_absent	reject	GuideScan2	accepted	accept	GCTTTTTTTCATCGGAGTGGAGG	0.0
ref_present_v_absent	reject	GuideScan2	accepted	accept	TAGGCTTTTTTTCATCGGAGTGG	0.0
ref_present_v_absent	reject	GuideScan2	accepted	accept	CTCAATAGGCTTTTTTTCATCGG	0.0
ref_present_v_absent	reject	GuideScan2	accepted	accept	TGAAATTTATGCAGTTCCGTGGG	0.0
ref_present_v_absent	reject	GuideScan2	accepted	accept	TTGAAATTTATGCAGTTCCGTGG	0.0
ref_present_v_absent	reject	GuideScan2	accepted	accept	AACTGCATAAATTTCAAGAGTGG	0.0
ref_present_v_absent	reject	GuideScan2	accepted	accept	CAAGAGTGGTCTATGAAAATTGG	0.0
ref_present_v_absent	reject	GuideScan2	accepted	accept	GGTCTATGAAAATTGGAGAATGG	0.0
ref_present_v_absent	reject	GuideScan2	accepted	accept	GTCTATGAAAATTGGAGAATGGG	0.0
ref_present_v_absent	reject	GuideScan2	accepted	accept	TATGAAAATTGGAGAATGGGAGG	0.0
ref_present_v_absent	reject	GuideScan2	accepted	accept	CATGAACTGTCTTGCCAGAGTGG	0.0
ref_present_v_absent	reject	GuideScan2	accepted	accept	TTACTGAGTCTTGGAGCTCAAGG	0.0
ref_present_v_absent	reject	GuideScan2	accepted	accept	CTTCATCGATTACTGAGTCTTGG	0.0
ref_present_v_absent	reject	GuideScan2	accepted	accept	GATGAAGTCCCACCATCTATAGG	0.0
ref_present_v_absent	reject	GuideScan2	accepted	accept	ATGAAGTCCCACCATCTATAGGG	0.0
ref_present_v_absent	reject	GuideScan2	accepted	accept	TGAAGTCCCACCATCTATAGGGG	0.0
ref_present_v_absent	reject	GuideScan2	accepted	accept	AAAGATCCCCTATAGATGGTGGG	0.0437
ref_present_v_absent	reject	GuideScan2	accepted	accept	AAAAGATCCCCTATAGATGGTGG	0.0131
ref_present_v_absent	reject	GuideScan2	accepted	accept	TTAAAAAGATCCCCTATAGATGG	0.5385
ref_present_v_absent	reject	GuideScan2	accepted	accept	TAGGGGATCTTTTTAACTTGAGG	0.7647
ref_present_v_absent	reject	GuideScan2	accepted	accept	CTTTTTAACTTGAGGTATATTGG	0.0
ref_present_v_absent	reject	GuideScan2	accepted	accept	ACTTGAGGTATATTGGCCTAAGG	0.0
ref_present_v_absent	reject	GuideScan2	accepted	accept	CACAGCAGTAAAATGTCTACCGG	0.05
ref_present_v_absent	reject	GuideScan2	accepted	accept	GTCCATGCATGTTATATTCAAGG	0.0
ref_present_v_absent	reject	GuideScan2	accepted	accept	CTCCTTGAATATAACATGCATGG	0.8824
ref_present_v_absent	reject	GuideScan2	accepted	accept	CATGCATGTTATATTCAAGGAGG	0.6923
ref_present_v_absent	reject	GuideScan2	accepted	accept	TTATATTCAAGGAGGACTTTAGG	0.0
ref_present_v_absent	reject	GuideScan2	accepted	accept	TTCAAGGAGGACTTTAGGATTGG	0.0
ref_present_v_absent	reject	GuideScan2	accepted	accept	AAGGAGGACTTTAGGATTGGTGG	0.0
ref_present_v_absent	reject	GuideScan2	accepted	accept	GACTTTAGGATTGGTGGACGTGG	0.0
ref_present_v_absent	reject	GuideScan2	accepted	accept	AGCTAAGTTTTGATAAATTTTGG	0.5333
ref_present_v_absent	reject	GuideScan2	accepted	accept	TATTTTAACCCAGAAAAAAAAGG	0.1364
ref_present_v_absent	reject	GuideScan2	accepted	accept	ATAAATCTCCTTTTTTTTCTGGG	0.4483
ref_present_v_absent	reject	GuideScan2	accepted	accept	AATAAATCTCCTTTTTTTTCTGG	2.0011
ref_present_v_absent	reject	GuideScan2	accepted	accept	ATGGATGCTTATTCAAAATGTGG	0.3
ref_present_v_absent	reject	GuideScan2	accepted	accept	AATCCATATTGGAGTTGATGCGG	0.1765
ref_present_v_absent	reject	GuideScan2	accepted	accept	TAGCCGCATCAACTCCAATATGG	0.4513
ref_present_v_absent	reject	GuideScan2	accepted	accept	GCTAATTTCTTGATTGAAAAAGG	0.7059
ref_present_v_absent	reject	GuideScan2	accepted	accept	TTGATTGAAAAAGGATACAGTGG	0.9333
ref_present_v_absent	reject	GuideScan2	accepted	accept	AAAAAGGATACAGTGGCTCCTGG	0.1795
ref_present_v_absent	reject	GuideScan2	accepted	accept	TTGTGTAGCTTTTAGTAACATGG	0.05
ref_present_v_absent	reject	GuideScan2	accepted	accept	ACTAAAAGCTACACAAAAGAAGG	0.7857
ref_present_v_absent	reject	GuideScan2	accepted	accept	AAGCAACACAGATTTCTCGAAGG	0.9231
ref_present_v_absent	reject	GuideScan2	accepted	accept	CGAGAAATCTGTGTTGCTTCAGG	0.65
ref_present_v_absent	reject	GuideScan2	accepted	accept	AAATCTGTGTTGCTTCAGGATGG	0.7059
ref_present_v_absent	reject	GuideScan2	accepted	accept	ACAATTGGAGTAATTAATTGTGG	0.0
ref_present_v_absent	reject	GuideScan2	accepted	accept	CAATTGGAGTAATTAATTGTGGG	0.0
ref_present_v_absent	reject	GuideScan2	accepted	accept	GGCGTTCTTGGGGCGCAGAGTGG	1.0
ref_present_v_absent	reject	GuideScan2	accepted	accept	ACTCTGCGCCCCAAGAACGCCGG	1.0
ref_present_v_absent	reject	GuideScan2	accepted	accept	CGCCCCAAGAACGCCGGTCTCGG	0.2727
ref_present_v_absent	reject	GuideScan2	accepted	accept	TTCCGAGACCGGCGTTCTTGGGG	0.65
ref_present_v_absent	reject	GuideScan2	accepted	accept	CTTCCGAGACCGGCGTTCTTGGG	0.7222
ref_present_v_absent	reject	GuideScan2	accepted	accept	GCTTCCGAGACCGGCGTTCTTGG	0.6522
ref_present_v_absent	reject	GuideScan2	accepted	accept	CGCCGGTCTCGGAAGCGTCGAGG	0.6471
ref_present_v_absent	reject	GuideScan2	accepted	accept	GCCGGTCTCGGAAGCGTCGAGGG	0.4286
ref_present_v_absent	reject	GuideScan2	accepted	accept	CCGGTCTCGGAAGCGTCGAGGGG	0.8571
ref_present_v_absent	reject	GuideScan2	accepted	accept	GCCCAAGCCATTCTTTACTAAGG	0.4
ref_present_v_absent	reject	GuideScan2	accepted	accept	TCCTTAGTAAAGAATGGCTTGGG	0.1429
ref_present_v_absent	reject	GuideScan2	accepted	accept	CTCCTTAGTAAAGAATGGCTTGG	0.0
ref_present_v_absent	reject	GuideScan2	accepted	accept	AAATTCTCCTTAGTAAAGAATGG	0.9333
ref_present_v_absent	reject	GuideScan2	accepted	accept	TTTGCCGCCTCCGCCTCCACCGG	1.5116
ref_present_v_absent	reject	GuideScan2	rejected_side	reject	GGCGCCGGTGGAGGCGGAGGCGG	89.7084
ref_present_v_absent	reject	GuideScan2	rejected_side	reject	GCGGGCGCCGGTGGAGGCGGAGG	6.7165
ref_present_v_absent	reject	GuideScan2	accepted	accept	TTGGCGGGCGCCGGTGGAGGCGG	0.6014
ref_present_v_absent	reject	GuideScan2	accepted	accept	TTCTTGGCGGGCGCCGGTGGAGG	0.8429
ref_present_v_absent	reject	GuideScan2	accepted	accept	TCCACCGGCGCCCGCCAAGAAGG	0.9
ref_present_v_absent	reject	GuideScan2	accepted	accept	TCCTTCTTGGCGGGCGCCGGTGG	1.0
ref_present_v_absent	reject	GuideScan2	accepted	accept	ACCTGAATCTCCCTGAAATACGG	1.0
ref_present_v_absent	reject	GuideScan2	accepted	accept	GGTGCATCTAAGCTCCAAACTGG	0.7059
ref_present_v_absent	reject	GuideScan2	accepted	accept	GTGCATCTAAGCTCCAAACTGGG	0.7273
ref_present_v_absent	reject	GuideScan2	accepted	accept	GTGGCTGGCGGGATCGGGCACGG	0.9286
ref_present_v_absent	reject	GuideScan2	accepted	accept	GGCGAGTGGCTGGCGGGATCGGG	0.3077
ref_present_v_absent	reject	GuideScan2	accepted	accept	CGGCGAGTGGCTGGCGGGATCGG	0.5385
ref_present_v_absent	reject	GuideScan2	accepted	accept	GGCGACGGCGAGTGGCTGGCGGG	0.7071
ref_present_v_absent	reject	GuideScan2	accepted	accept	CGGCGACGGCGAGTGGCTGGCGG	3.5872
ref_present_v_absent	reject	GuideScan2	rejected_side	reject	TGGCGGCGACGGCGAGTGGCTGG	1.6178
ref_present_v_absent	reject	GuideScan2	accepted	accept	AAAGGATGGAAAGAAGCAACAGG	0.1765
ref_present_v_absent	reject	GuideScan2	accepted	accept	AAAGAAGCAACAGGCGAAGAAGG	0.0
ref_present_v_absent	reject	GuideScan2	accepted	accept	CGAAGAAGGACGACGACCTGAGG	0.0
ref_present_v_absent	reject	GuideScan2	accepted	accept	GTGACGGTTAGCGTCGCCGTCGG	0.5333
ref_present_v_absent	reject	GuideScan2	accepted	accept	TGACGGTTAGCGTCGCCGTCGGG	0.625
ref_present_v_absent	reject	GuideScan2	accepted	accept	GACGGTTAGCGTCGCCGTCGGGG	0.5714
ref_multiple_v_single	accept	kRISP-meR	rejected_side	reject	ATTGAATAGAAAAGCGTTGATGG	2.881
ref_multiple_v_single	accept	kRISP-meR	rejected_side	reject	AACGCTTTTCTATTCAATCAAGG	5.2184
ref_multiple_v_single	accept	kRISP-meR	rejected_side	reject	ACGCTTTTCTATTCAATCAAGGG	3.2549
ref_multiple_v_single	accept	kRISP-meR	rejected_side	reject	TACATCTAGACCAGTGATCATGG	21.0001
ref_multiple_v_single	accept	kRISP-meR	rejected_side	not_generated	GTGATTCCTGTTATAAAAATGGG	83.5459
ref_multiple_v_single	accept	kRISP-meR	rejected_side	not_generated	AGTGATTCCTGTTATAAAAATGG	203.9576
ref_multiple_v_single	accept	kRISP-meR	rejected_side	reject	TGGTCATTCAGAATAGAGTCTGG	2.4251
ref_multiple_v_single	accept	kRISP-meR	rejected_side	reject	AAGGGACATATGGATCCATTTGG	2.9828
ref_multiple_v_single	accept	kRISP-meR	accepted	accept	TCCCTTATGTCGTCGGGTCCAGG	1.0909
ref_multiple_v_single	accept	kRISP-meR	rejected_side	reject	TCCTGGACCCGACGACATAAGGG	5.37
ref_multiple_v_single	accept	kRISP-meR	rejected_side	reject	CTCCTGGACCCGACGACATAAGG	2.4365
ref_multiple_v_single	accept	kRISP-meR	rejected_side	reject	ATGTCGTCGGGTCCAGGAGACGG	2.2857
ref_multiple_v_single	accept	kRISP-meR	rejected_side	reject	GGAGGTGTAGAGCCGTCTCCTGG	2.0909
ref_multiple_v_single	accept	kRISP-meR	rejected_side	reject	TGTAGCGGCAGCCTGCGAGGAGG	1.7059
ref_multiple_v_single	accept	kRISP-meR	rejected_side	reject	TTGTGTAGCGGCAGCCTGCGAGG	1.5556
ref_multiple_v_single	accept	kRISP-meR	rejected_side	not_generated	AGCCGCCGCCGCCGCCGCGGCGG	378.6813
ref_multiple_v_single	accept	kRISP-meR	rejected_side	reject	GAGGTACTTGTTGCCGCAGACGG	1.5556
ref_multiple_v_single	accept	kRISP-meR	accepted	accept	TCGGCACCGGTTTCCCGTGCGGG	1.5
ref_multiple_v_single	accept	kRISP-meR	accepted	accept	GTCGGCACCGGTTTCCCGTGCGG	1.4545
ref_multiple_v_single	accept	kRISP-meR	rejected_side	reject	TAGCAGAGACCTTCAATAGTTGG	1.6667
ref_multiple_v_single	accept	kRISP-meR	accepted	accept	AGACCTTCAATAGTTGGATCAGG	1.2273
ref_multiple_v_single	accept	kRISP-meR	rejected_side	reject	ATGCCTGATCCAACTATTGAAGG	1.5882
ref_multiple_v_single	accept	kRISP-meR	rejected_side	reject	CCGCGGCGGCGGACGGCGGCAGG	11.2742
ref_multiple_v_single	accept	kRISP-meR	rejected_side	reject	CGCGGCGGCGGACGGCGGCAGGG	11.8795
ref_multiple_v_single	accept	kRISP-meR	rejected_side	reject	GGCGGCGGACGGCGGCAGGGCGG	9.2663
ref_multiple_v_single	accept	kRISP-meR	accepted	accept	ACCGGCCGGGCTGGCTGCAGAGG	1.9
ref_multiple_v_single	accept	kRISP-meR	accepted	accept	AGCCAGCCCGGCCGGTTCTGCGG	1.3929
ref_multiple_v_single	accept	kRISP-meR	accepted	accept	GGCCGCAGAACCGGCCGGGCTGG	1.125
ref_multiple_v_single	accept	kRISP-meR	accepted	accept	GCCCGGCCGGTTCTGCGGCCAGG	1.6923
ref_multiple_v_single	accept	kRISP-meR	accepted	accept	ACCTGGCCGCAGAACCGGCCGGG	2.2727
ref_multiple_v_single	accept	kRISP-meR	accepted	accept	CGGCCAGGTCCGCGTGTCGTCGG	2.0
ref_multiple_v_single	accept	kRISP-meR	accepted	accept	AGGCCGACGACACGCGGACCTGG	2.0
ref_multiple_v_single	accept	kRISP-meR	accepted	accept	GGGAGAAGGCCGACGACACGCGG	1.6667
ref_multiple_v_single	accept	kRISP-meR	rejected_side	reject	GGAGACGGAGAAGGAGGTCGCGG	2.1214
ref_multiple_v_single	accept	kRISP-meR	rejected_side	reject	GTAGACGGAGACGGAGAAGGAGG	6.612
ref_multiple_v_single	accept	kRISP-meR	accepted	accept	GGTGTAGACGGAGACGGAGAAGG	2.168
ref_multiple_v_single	accept	kRISP-meR	rejected_side	not_generated	AACATGTCGAACGCGTACCGAGG	102.7069
ref_multiple_v_single	accept	kRISP-meR	rejected_side	not_generated	ATGTCGAACGCGTACCGAGGTGG	81.5583
ref_multiple_v_single	accept	kRISP-meR	rejected_side	not_generated	TCGAACGCGTACCGAGGTGGCGG	110.4154
ref_multiple_v_single	accept	kRISP-meR	accepted	accept	GGATGGCGGATTCGACGGCGAGG	1.7333
ref_multiple_v_single	accept	kRISP-meR	accepted	accept	GGCGGATTCGACGGCGAGGACGG	1.75
ref_multiple_v_single	accept	kRISP-meR	rejected_side	reject	GATTGCAATTTCTCTTATGCTGG	1.9091
ref_multiple_v_single	accept	kRISP-meR	rejected_side	reject	ATTCGATCAGTTTATGAATTTGG	1.7
ref_multiple_v_single	accept	kRISP-meR	rejected_side	reject	ATGGAGGAGGAGGAGGGGGGGGG	16.7756
ref_multiple_v_single	accept	kRISP-meR	accepted	accept	CCTAAACCCTAGCGCCGCCATGG	1.0
ref_multiple_v_single	accept	kRISP-meR	rejected_side	not_generated	GGCGGCGGCGGCGGCTGTGGAGG	52.0955
ref_multiple_v_single	accept	kRISP-meR	rejected_side	not_generated	GGCGGCGGCGGCGGCGGCTGTGG	1469.5962
ref_multiple_v_single	accept	kRISP-meR	rejected_side	not_generated	CGCCGCCGCCGCCGCCGCTACGG	450.8548
ref_multiple_v_single	accept	kRISP-meR	rejected_side	reject	AACGGATCGAGGAAGAGGAGAGG	6.902
ref_multiple_v_single	accept	kRISP-meR	rejected_side	reject	CGACGCCACCGCGGCGGCGGCGG	61.8051
ref_multiple_v_single	accept	kRISP-meR	rejected_side	reject	GACTACTTGTACACCAAGTTTGG	3.2589
ref_multiple_v_single	accept	kRISP-meR	accepted	accept	AGGTGACACAACCATTTTTTTGG	1.0
ref_multiple_v_single	accept	kRISP-meR	accepted	accept	AATCGGTGCCTCAGTGGTCCAGG	1.0909
ref_multiple_v_single	accept	kRISP-meR	rejected_side	reject	ATCGGTGCCTCAGTGGTCCAGGG	1.5367
ref_multiple_v_single	accept	kRISP-meR	rejected_side	reject	AGCGGAGCCCTGGACCACTGAGG	1.9127
ref_multiple_v_single	accept	kRISP-meR	rejected_side	reject	TCAGTGGTCCAGGGCTCCGCTGG	2.1583
ref_multiple_v_single	accept	kRISP-meR	accepted	accept	GTCCGTAGTAAGTTCGCCATAGG	1.0
ref_multiple_v_single	accept	kRISP-meR	accepted	accept	CACCTATGGCGAACTTACTACGG	1.0
ref_multiple_v_single	accept	kRISP-meR	accepted	accept	CCATAGGTGAATTTTTATCCTGG	1.0
ref_multiple_v_single	accept	kRISP-meR	rejected_side	reject	TTCTGCATTTATTTACCTGTTGG	2.8725
ref_multiple_v_single	accept	kRISP-meR	rejected_side	reject	TTATTTACCTGTTGGAAATGAGG	3.5385
ref_multiple_v_single	accept	kRISP-meR	rejected_side	reject	CATTGAGCCTCATTTCCAACAGG	4.3193
ref_multiple_v_single	accept	kRISP-meR	accepted	accept	GGATCTGGAGCTGCAGGTCGTGG	1.1364
ref_multiple_v_single	accept	kRISP-meR	rejected_side	reject	TCAATCACCACCAAGGAGCTTGG	8.1234
ref_multiple_v_single	accept	kRISP-meR	rejected_side	reject	CATGGTTCCAAGCTCCTTGGTGG	8.5804
ref_multiple_v_single	accept	kRISP-meR	rejected_side	reject	TATCATGGTTCCAAGCTCCTTGG	4.9075
ref_multiple_v_single	accept	kRISP-meR	accepted	accept	AGCCGACAGCGGAAGCCGGCCGG	1.0
ref_multiple_v_single	accept	kRISP-meR	rejected_side	reject	GAGGAGCCGACAGCGGAAGCCGG	2.3333
ref_multiple_v_single	accept	kRISP-meR	rejected_side	reject	TCATCTCCCTCATCTGCCACTGG	2.8462
ref_multiple_v_single	accept	kRISP-meR	rejected_side	reject	AATGAACCAGTGGCAGATGAGGG	3.0
ref_multiple_v_single	accept	kRISP-meR	rejected_side	reject	TAATGAACCAGTGGCAGATGAGG	3.0
ref_multiple_v_single	accept	kRISP-meR	rejected_side	reject	TTCTGCTGCTGCTGCTGCGGCGG	57.0746
ref_multiple_v_single	accept	kRISP-meR	rejected_side	not_generated	TGCTGCTGCTGCTGCGGCGGTGG	155.4278
ref_multiple_v_single	accept	kRISP-meR	rejected_side	reject	GACGGCATGGCACAACAATCCGG	2.625
ref_multiple_v_single	accept	kRISP-meR	rejected_side	reject	AGGAGGATGTGAGAACTGACCGG	2.7143
ref_multiple_v_single	accept	kRISP-meR	rejected_side	reject	GGAGGAGGAGGAGAAGAGCGAGG	20.9165
ref_multiple_v_single	accept	kRISP-meR	accepted	accept	ATTTCATACAACAGATTGTCTGG	1.0
ref_multiple_v_single	accept	kRISP-meR	rejected_side	reject	CGCATTGACTAAGAGTGGATGGG	1.5989
ref_multiple_v_single	accept	kRISP-meR	accepted	accept	ACGCATTGACTAAGAGTGGATGG	1.2857
ref_multiple_v_single	accept	kRISP-meR	accepted	accept	ATCCACTCTTAGTCAATGCGTGG	1.0
ref_multiple_v_single	accept	kRISP-meR	accepted	accept	AACCACGCATTGACTAAGAGTGG	1.0
ref_multiple_v_single	accept	kRISP-meR	accepted	accept	AACGCCGGCGCGGCGGCGCGCGG	4.3052
ref_multiple_v_single	accept	kRISP-meR	accepted	accept	CATCGCGAACGCCGGCGCGGCGG	3.2219
ref_multiple_v_single	accept	kRISP-meR	rejected_side	reject	GAGCTACGACGAGCCGTGCAAGG	5.6464
ref_multiple_v_single	accept	kRISP-meR	rejected_side	reject	GCAGCTGGACAGGGACCAGTCGG	60.1407
ref_multiple_v_single	accept	kRISP-meR	rejected_side	not_generated	GGAACGTGCGCAGCTGGACAGGG	63.43
ref_multiple_v_single	accept	kRISP-meR	rejected_side	not_generated	AGGAACGTGCGCAGCTGGACAGG	66.3256
ref_multiple_v_single	accept	kRISP-meR	rejected_side	reject	GAGGGGAGGCGGAGCGATCTGGG	6.3833
ref_multiple_v_single	accept	kRISP-meR	rejected_side	reject	CGAGGGGAGGCGGAGCGATCTGG	6.4103
ref_multiple_v_single	accept	kRISP-meR	rejected_side	reject	GGAGGTTGGGCGAGGGGAGGCGG	2.5672
ref_multiple_v_single	accept	kRISP-meR	rejected_side	reject	TGGAGCGAGGAGGTTGGGCGAGG	2.0
ref_multiple_v_single	accept	kRISP-meR	rejected_side	reject	AGGGATGGAGCGAGGAGGTTGGG	1.9286
ref_multiple_v_single	accept	kRISP-meR	rejected_side	reject	GAGGGATGGAGCGAGGAGGTTGG	1.8125
ref_multiple_v_single	accept	kRISP-meR	rejected_side	reject	GTGAGAGGGATGGAGCGAGGAGG	1.8998
ref_multiple_v_single	accept	kRISP-meR	rejected_side	reject	AATTTTCGGGATAAGCAGTTCGG	2.4118
ref_multiple_v_single	accept	kRISP-meR	rejected_side	reject	GAACTGCTTATCCCGAAAATTGG	1.5714
ref_multiple_v_single	accept	kRISP-meR	rejected_side	reject	AACTGCTTATCCCGAAAATTGGG	3.7796
ref_multiple_v_single	accept	kRISP-meR	rejected_side	reject	ACTGCTTATCCCGAAAATTGGGG	5.6868
ref_multiple_v_single	accept	kRISP-meR	rejected_side	reject	GAGAGGAGGGAGGTCGTGGGAGG	2.8044
ref_multiple_v_single	accept	kRISP-meR	accepted	accept	TCCCACGACCTCCCTCCTCTCGG	1.0
ref_multiple_v_single	accept	kRISP-meR	accepted	accept	GCCGAGAGGAGGGAGGTCGTGGG	1.0
ref_multiple_v_single	accept	kRISP-meR	accepted	accept	GGCCGAGAGGAGGGAGGTCGTGG	1.0
ref_multiple_v_single	accept	kRISP-meR	accepted	accept	GTTGGCCGACGGCGGGGCGGGGG	1.0
ref_multiple_v_single	accept	kRISP-meR	accepted	accept	GGTTGGCCGACGGCGGGGCGGGG	1.0
ref_multiple_v_single	accept	kRISP-meR	accepted	accept	GGGTTGGCCGACGGCGGGGCGGG	1.0
ref_multiple_v_single	accept	kRISP-meR	accepted	accept	GGGGTTGGCCGACGGCGGGGCGG	1.0
ref_multiple_v_single	accept	kRISP-meR	accepted	accept	CTTGGGGTTGGCCGACGGCGGGG	1.0
ref_multiple_v_single	accept	kRISP-meR	accepted	accept	ACTTGGGGTTGGCCGACGGCGGG	1.0
ref_multiple_v_single	accept	kRISP-meR	accepted	accept	TACTTGGGGTTGGCCGACGGCGG	1.0
ref_multiple_v_single	accept	kRISP-meR	accepted	accept	TGGTACTTGGGGTTGGCCGACGG	1.25
ref_multiple_v_single	accept	kRISP-meR	accepted	accept	CGCGTTGTGGTACTTGGGGTTGG	1.0
ref_multiple_v_single	accept	kRISP-meR	accepted	accept	CCCCAAGTACCACAACGCGAAGG	1.0
ref_multiple_v_single	accept	kRISP-meR	accepted	accept	ACCTTCGCGTTGTGGTACTTGGG	1.0
ref_multiple_v_single	accept	kRISP-meR	accepted	accept	CACCTTCGCGTTGTGGTACTTGG	1.0
ref_multiple_v_single	accept	kRISP-meR	accepted	accept	GGGCGACGAGGAGGTGGACGGGG	1.423
ref_multiple_v_single	accept	kRISP-meR	rejected_side	reject	CGACGAGGAGGTGGACGGGGAGG	16.6833
ref_multiple_v_single	accept	kRISP-meR	rejected_side	reject	CTTCTACGACGTGAGCCTCGTGG	8.9387
ref_multiple_v_single	accept	kRISP-meR	rejected_side	reject	TTCTACGACGTGAGCCTCGTGGG	7.8969
ref_multiple_v_single	accept	kRISP-meR	accepted	accept	GACGTGAGCCTCGTGGGCGGCGG	4.0949
ref_multiple_v_single	accept	kRISP-meR	rejected_side	reject	GCCTCGTGGGCGGCGGCCGACGG	23.2068
ref_multiple_v_single	accept	kRISP-meR	rejected_side	reject	CCTCGTGGGCGGCGGCCGACGGG	15.3632
ref_multiple_v_single	accept	kRISP-meR	rejected_side	reject	CTCGTGGGCGGCGGCCGACGGGG	14.9522
ref_multiple_v_single	accept	kRISP-meR	rejected_side	reject	TCGTGGGCGGCGGCCGACGGGGG	22.8666
ref_multiple_v_single	accept	kRISP-meR	accepted	accept	CGGCGCGCGGGCTCCCCCGTCGG	9.8979
ref_multiple_v_single	accept	kRISP-meR	accepted	accept	AGAGCGCGGGTGGCGGGGGGAGG	2.0233
ref_multiple_v_single	accept	kRISP-meR	accepted	accept	AAGTAGGGAGAAGACGGCGTCGG	1.2727
ref_multiple_v_single	accept	kRISP-meR	rejected_side	reject	TTTGTAGGAGTTTCACGTGGCGG	18.4807
ref_multiple_v_single	accept	kRISP-meR	rejected_side	reject	GCGTTTGTAGGAGTTTCACGTGG	6.5195
ref_multiple_v_single	accept	kRISP-meR	rejected_side	reject	AACGCTCCTAGGTCGCCAAGTGG	24.3394
ref_multiple_v_single	accept	kRISP-meR	rejected_side	reject	CTTGTTGTTGTTTTTGCATTTGG	30.353
ref_multiple_v_single	accept	kRISP-meR	rejected_side	reject	AAAACAACAACAAGCATACGAGG	35.5242
ref_multiple_v_single	accept	kRISP-meR	rejected_side	reject	AATTGTTGCCACCCTTGCAGTGG	1.4286
ref_multiple_v_single	accept	kRISP-meR	rejected_side	not_generated	AGAGGCGGCGGCGGCGGAGGAGG	450.4009
ref_multiple_v_single	accept	kRISP-meR	rejected_side	reject	CCGCCGCCGCCGCCGCGAGAAGG	39.9465
ref_multiple_v_single	accept	kRISP-meR	rejected_side	reject	CCGCCGCCGCCGCGAGAAGGAGG	15.6423
ref_multiple_v_single	accept	kRISP-meR	rejected_side	reject	CGGCCCCTCGAGCGGCTCCAAGG	3.4667
ref_multiple_v_single	accept	kRISP-meR	rejected_side	reject	GCGCCTTGGAGCCGCTCGAGGGG	3.3283
ref_multiple_v_single	accept	kRISP-meR	rejected_side	reject	CGCGCCTTGGAGCCGCTCGAGGG	2.6849
ref_multiple_v_single	accept	kRISP-meR	rejected_side	reject	GCGCGCCTTGGAGCCGCTCGAGG	2.785
ref_multiple_v_single	accept	kRISP-meR	rejected_side	reject	AGCGGCTCCAAGGCGCGCTGCGG	3.25
ref_multiple_v_single	accept	kRISP-meR	rejected_side	not_generated	AACTGCACTTGCAAAGTTCATGG	104.3809
ref_multiple_v_single	accept	kRISP-meR	accepted	accept	CAAGGGGATTGGCTCTACAATGG	1.0
ref_multiple_v_single	accept	kRISP-meR	rejected_side	reject	CATTGTAGAGCCAATCCCCTTGG	1.875
ref_multiple_v_single	accept	kRISP-meR	rejected_side	reject	AGAGCCAATCCCCTTGGAGCAGG	2.0
ref_multiple_v_single	accept	kRISP-meR	rejected_side	reject	CAGTCCTGCTCCAAGGGGATTGG	1.9091
ref_multiple_v_single	accept	kRISP-meR	accepted	accept	CAATCCCCTTGGAGCAGGACTGG	1.1765
ref_multiple_v_single	accept	kRISP-meR	accepted	accept	AATCCCCTTGGAGCAGGACTGGG	1.1923
ref_multiple_v_single	accept	kRISP-meR	rejected_side	reject	GATCCCAGTCCTGCTCCAAGGGG	1.6667
ref_multiple_v_single	accept	kRISP-meR	rejected_side	reject	TGATCCCAGTCCTGCTCCAAGGG	1.9474
ref_multiple_v_single	accept	kRISP-meR	rejected_side	reject	ATGATCCCAGTCCTGCTCCAAGG	1.7895
ref_multiple_v_single	accept	kRISP-meR	rejected_side	reject	GGAGGAGAAGAAGAAGGTGGTGG	18.0355
ref_multiple_v_single	accept	kRISP-meR	rejected_side	not_generated	AAGTTGTCATATCTCGTCGAAGG	72.6745
ref_multiple_v_single	accept	kRISP-meR	rejected_side	reject	GGCGGCGGCGACGACAACGGCGG	155.0188
ref_multiple_v_single	accept	kRISP-meR	accepted	accept	GCCCGAGGTCGAGATGAAAGGGG	1.0609
ref_multiple_v_single	accept	kRISP-meR	accepted	accept	TGCCCGAGGTCGAGATGAAAGGG	1.0
ref_multiple_v_single	accept	kRISP-meR	rejected_side	reject	TGGACGCGCCACGGTCGTCGAGG	2.9447
ref_multiple_v_single	accept	CRISPOR	rejected_side	reject	ATTGAATAGAAAAGCGTTGATGG	2.881
ref_multiple_v_single	accept	CRISPOR	rejected_side	reject	AACGCTTTTCTATTCAATCAAGG	5.2184
ref_multiple_v_single	accept	CRISPOR	rejected_side	reject	ACGCTTTTCTATTCAATCAAGGG	3.2549
ref_multiple_v_single	accept	CRISPOR	rejected_side	reject	TACATCTAGACCAGTGATCATGG	21.0001
ref_multiple_v_single	accept	CRISPOR	rejected_side	reject	GTGATTCCTGTTATAAAAATGGG	83.5459
ref_multiple_v_single	accept	CRISPOR	rejected_side	reject	AGTGATTCCTGTTATAAAAATGG	203.9576
ref_multiple_v_single	accept	CRISPOR	rejected_side	reject	TGGTCATTCAGAATAGAGTCTGG	2.4251
ref_multiple_v_single	accept	CRISPOR	rejected_side	reject	AAGGGACATATGGATCCATTTGG	2.9828
ref_multiple_v_single	accept	CRISPOR	rejected_side	reject	TCCCTTATGTCGTCGGGTCCAGG	1.0909
ref_multiple_v_single	accept	CRISPOR	rejected_side	reject	TCCTGGACCCGACGACATAAGGG	5.37
ref_multiple_v_single	accept	CRISPOR	rejected_side	reject	CTCCTGGACCCGACGACATAAGG	2.4365
ref_multiple_v_single	accept	CRISPOR	rejected_side	reject	ATGTCGTCGGGTCCAGGAGACGG	2.2857
ref_multiple_v_single	accept	CRISPOR	rejected_side	reject	GGAGGTGTAGAGCCGTCTCCTGG	2.0909
ref_multiple_v_single	accept	CRISPOR	rejected_side	reject	TGTAGCGGCAGCCTGCGAGGAGG	1.7059
ref_multiple_v_single	accept	CRISPOR	rejected_side	reject	TTGTGTAGCGGCAGCCTGCGAGG	1.5556
ref_multiple_v_single	accept	CRISPOR	rejected_side	reject	AGCCGCCGCCGCCGCCGCGGCGG	378.6813
ref_multiple_v_single	accept	CRISPOR	rejected_side	reject	GAGGTACTTGTTGCCGCAGACGG	1.5556
ref_multiple_v_single	accept	CRISPOR	rejected_side	reject	TCGGCACCGGTTTCCCGTGCGGG	1.5
ref_multiple_v_single	accept	CRISPOR	rejected_side	reject	GTCGGCACCGGTTTCCCGTGCGG	1.4545
ref_multiple_v_single	accept	CRISPOR	rejected_side	reject	TAGCAGAGACCTTCAATAGTTGG	1.6667
ref_multiple_v_single	accept	CRISPOR	rejected_side	reject	AGACCTTCAATAGTTGGATCAGG	1.2273
ref_multiple_v_single	accept	CRISPOR	rejected_side	reject	ATGCCTGATCCAACTATTGAAGG	1.5882
ref_multiple_v_single	accept	CRISPOR	rejected_side	reject	CCGCGGCGGCGGACGGCGGCAGG	11.2742
ref_multiple_v_single	accept	CRISPOR	rejected_side	reject	CGCGGCGGCGGACGGCGGCAGGG	11.8795
ref_multiple_v_single	accept	CRISPOR	rejected_side	reject	GGCGGCGGACGGCGGCAGGGCGG	9.2663
ref_multiple_v_single	accept	CRISPOR	rejected_side	reject	ACCGGCCGGGCTGGCTGCAGAGG	1.9
ref_multiple_v_single	accept	CRISPOR	rejected_side	reject	AGCCAGCCCGGCCGGTTCTGCGG	1.3929
ref_multiple_v_single	accept	CRISPOR	rejected_side	reject	GGCCGCAGAACCGGCCGGGCTGG	1.125
ref_multiple_v_single	accept	CRISPOR	rejected_side	reject	GCCCGGCCGGTTCTGCGGCCAGG	1.6923
ref_multiple_v_single	accept	CRISPOR	rejected_side	reject	ACCTGGCCGCAGAACCGGCCGGG	2.2727
ref_multiple_v_single	accept	CRISPOR	rejected_side	reject	CGGCCAGGTCCGCGTGTCGTCGG	2.0
ref_multiple_v_single	accept	CRISPOR	rejected_side	reject	AGGCCGACGACACGCGGACCTGG	2.0
ref_multiple_v_single	accept	CRISPOR	rejected_side	reject	GGGAGAAGGCCGACGACACGCGG	1.6667
ref_multiple_v_single	accept	CRISPOR	rejected_side	reject	GGAGACGGAGAAGGAGGTCGCGG	2.1214
ref_multiple_v_single	accept	CRISPOR	rejected_side	reject	GTAGACGGAGACGGAGAAGGAGG	6.612
ref_multiple_v_single	accept	CRISPOR	rejected_side	reject	GGTGTAGACGGAGACGGAGAAGG	2.168
ref_multiple_v_single	accept	CRISPOR	rejected_side	reject	AACATGTCGAACGCGTACCGAGG	102.7069
ref_multiple_v_single	accept	CRISPOR	rejected_side	reject	ATGTCGAACGCGTACCGAGGTGG	81.5583
ref_multiple_v_single	accept	CRISPOR	rejected_side	reject	TCGAACGCGTACCGAGGTGGCGG	110.4154
ref_multiple_v_single	accept	CRISPOR	rejected_side	reject	GGATGGCGGATTCGACGGCGAGG	1.7333
ref_multiple_v_single	accept	CRISPOR	rejected_side	reject	GGCGGATTCGACGGCGAGGACGG	1.75
ref_multiple_v_single	accept	CRISPOR	rejected_side	reject	GATTGCAATTTCTCTTATGCTGG	1.9091
ref_multiple_v_single	accept	CRISPOR	rejected_side	reject	ATTCGATCAGTTTATGAATTTGG	1.7
ref_multiple_v_single	accept	CRISPOR	rejected_side	reject	ATGGAGGAGGAGGAGGGGGGGGG	16.7756
ref_multiple_v_single	accept	CRISPOR	rejected_side	reject	CCTAAACCCTAGCGCCGCCATGG	1.0
ref_multiple_v_single	accept	CRISPOR	rejected_side	reject	GGCGGCGGCGGCGGCTGTGGAGG	52.0955
ref_multiple_v_single	accept	CRISPOR	rejected_side	reject	GGCGGCGGCGGCGGCGGCTGTGG	1469.5962
ref_multiple_v_single	accept	CRISPOR	rejected_side	reject	CGCCGCCGCCGCCGCCGCTACGG	450.8548
ref_multiple_v_single	accept	CRISPOR	rejected_side	reject	AACGGATCGAGGAAGAGGAGAGG	6.902
ref_multiple_v_single	accept	CRISPOR	rejected_side	reject	CGACGCCACCGCGGCGGCGGCGG	61.8051
ref_multiple_v_single	accept	CRISPOR	rejected_side	reject	GACTACTTGTACACCAAGTTTGG	3.2589
ref_multiple_v_single	accept	CRISPOR	rejected_side	reject	AGGTGACACAACCATTTTTTTGG	1.0
ref_multiple_v_single	accept	CRISPOR	accepted	accept	AATCGGTGCCTCAGTGGTCCAGG	1.0909
ref_multiple_v_single	accept	CRISPOR	accepted	accept	ATCGGTGCCTCAGTGGTCCAGGG	1.5367
ref_multiple_v_single	accept	CRISPOR	accepted	accept	AGCGGAGCCCTGGACCACTGAGG	1.9127
ref_multiple_v_single	accept	CRISPOR	rejected_side	reject	TCAGTGGTCCAGGGCTCCGCTGG	2.1583
ref_multiple_v_single	accept	CRISPOR	rejected_side	reject	GTCCGTAGTAAGTTCGCCATAGG	1.0
ref_multiple_v_single	accept	CRISPOR	accepted	accept	CACCTATGGCGAACTTACTACGG	1.0
ref_multiple_v_single	accept	CRISPOR	rejected_side	reject	CCATAGGTGAATTTTTATCCTGG	1.0
ref_multiple_v_single	accept	CRISPOR	rejected_side	reject	TTCTGCATTTATTTACCTGTTGG	2.8725
ref_multiple_v_single	accept	CRISPOR	rejected_side	reject	TTATTTACCTGTTGGAAATGAGG	3.5385
ref_multiple_v_single	accept	CRISPOR	rejected_side	reject	CATTGAGCCTCATTTCCAACAGG	4.3193
ref_multiple_v_single	accept	CRISPOR	rejected_side	reject	GGATCTGGAGCTGCAGGTCGTGG	1.1364
ref_multiple_v_single	accept	CRISPOR	rejected_side	reject	TCAATCACCACCAAGGAGCTTGG	8.1234
ref_multiple_v_single	accept	CRISPOR	rejected_side	reject	CATGGTTCCAAGCTCCTTGGTGG	8.5804
ref_multiple_v_single	accept	CRISPOR	rejected_side	reject	TATCATGGTTCCAAGCTCCTTGG	4.9075
ref_multiple_v_single	accept	CRISPOR	rejected_side	reject	AGCCGACAGCGGAAGCCGGCCGG	1.0
ref_multiple_v_single	accept	CRISPOR	rejected_side	reject	GAGGAGCCGACAGCGGAAGCCGG	2.3333
ref_multiple_v_single	accept	CRISPOR	rejected_side	reject	TCATCTCCCTCATCTGCCACTGG	2.8462
ref_multiple_v_single	accept	CRISPOR	rejected_side	reject	AATGAACCAGTGGCAGATGAGGG	3.0
ref_multiple_v_single	accept	CRISPOR	rejected_side	reject	TAATGAACCAGTGGCAGATGAGG	3.0
ref_multiple_v_single	accept	CRISPOR	rejected_side	reject	TTCTGCTGCTGCTGCTGCGGCGG	57.0746
ref_multiple_v_single	accept	CRISPOR	rejected_side	reject	TGCTGCTGCTGCTGCGGCGGTGG	155.4278
ref_multiple_v_single	accept	CRISPOR	rejected_side	reject	GACGGCATGGCACAACAATCCGG	2.625
ref_multiple_v_single	accept	CRISPOR	rejected_side	reject	AGGAGGATGTGAGAACTGACCGG	2.7143
ref_multiple_v_single	accept	CRISPOR	rejected_side	reject	GGAGGAGGAGGAGAAGAGCGAGG	20.9165
ref_multiple_v_single	accept	CRISPOR	rejected_side	reject	ATTTCATACAACAGATTGTCTGG	1.0
ref_multiple_v_single	accept	CRISPOR	accepted	accept	CGCATTGACTAAGAGTGGATGGG	1.5989
ref_multiple_v_single	accept	CRISPOR	accepted	accept	ACGCATTGACTAAGAGTGGATGG	1.2857
ref_multiple_v_single	accept	CRISPOR	accepted	accept	ATCCACTCTTAGTCAATGCGTGG	1.0
ref_multiple_v_single	accept	CRISPOR	accepted	accept	AACCACGCATTGACTAAGAGTGG	1.0
ref_multiple_v_single	accept	CRISPOR	rejected_side	reject	AACGCCGGCGCGGCGGCGCGCGG	4.3052
ref_multiple_v_single	accept	CRISPOR	rejected_side	reject	CATCGCGAACGCCGGCGCGGCGG	3.2219
ref_multiple_v_single	accept	CRISPOR	rejected_side	reject	GAGCTACGACGAGCCGTGCAAGG	5.6464
ref_multiple_v_single	accept	CRISPOR	rejected_side	reject	GCAGCTGGACAGGGACCAGTCGG	60.1407
ref_multiple_v_single	accept	CRISPOR	rejected_side	reject	GGAACGTGCGCAGCTGGACAGGG	63.43
ref_multiple_v_single	accept	CRISPOR	rejected_side	reject	AGGAACGTGCGCAGCTGGACAGG	66.3256
ref_multiple_v_single	accept	CRISPOR	rejected_side	reject	GAGGGGAGGCGGAGCGATCTGGG	6.3833
ref_multiple_v_single	accept	CRISPOR	rejected_side	reject	CGAGGGGAGGCGGAGCGATCTGG	6.4103
ref_multiple_v_single	accept	CRISPOR	rejected_side	reject	GGAGGTTGGGCGAGGGGAGGCGG	2.5672
ref_multiple_v_single	accept	CRISPOR	rejected_side	reject	TGGAGCGAGGAGGTTGGGCGAGG	2.0
ref_multiple_v_single	accept	CRISPOR	rejected_side	reject	AGGGATGGAGCGAGGAGGTTGGG	1.9286
ref_multiple_v_single	accept	CRISPOR	rejected_side	reject	GAGGGATGGAGCGAGGAGGTTGG	1.8125
ref_multiple_v_single	accept	CRISPOR	rejected_side	reject	GTGAGAGGGATGGAGCGAGGAGG	1.8998
ref_multiple_v_single	accept	CRISPOR	rejected_side	reject	AATTTTCGGGATAAGCAGTTCGG	2.4118
ref_multiple_v_single	accept	CRISPOR	rejected_side	reject	GAACTGCTTATCCCGAAAATTGG	1.5714
ref_multiple_v_single	accept	CRISPOR	rejected_side	reject	AACTGCTTATCCCGAAAATTGGG	3.7796
ref_multiple_v_single	accept	CRISPOR	rejected_side	reject	ACTGCTTATCCCGAAAATTGGGG	5.6868
ref_multiple_v_single	accept	CRISPOR	rejected_side	reject	GAGAGGAGGGAGGTCGTGGGAGG	2.8044
ref_multiple_v_single	accept	CRISPOR	rejected_side	reject	TCCCACGACCTCCCTCCTCTCGG	1.0
ref_multiple_v_single	accept	CRISPOR	rejected_side	reject	GCCGAGAGGAGGGAGGTCGTGGG	1.0
ref_multiple_v_single	accept	CRISPOR	rejected_side	reject	GGCCGAGAGGAGGGAGGTCGTGG	1.0
ref_multiple_v_single	accept	CRISPOR	rejected_side	reject	GTTGGCCGACGGCGGGGCGGGGG	1.0
ref_multiple_v_single	accept	CRISPOR	rejected_side	reject	GGTTGGCCGACGGCGGGGCGGGG	1.0
ref_multiple_v_single	accept	CRISPOR	rejected_side	reject	GGGTTGGCCGACGGCGGGGCGGG	1.0
ref_multiple_v_single	accept	CRISPOR	rejected_side	reject	GGGGTTGGCCGACGGCGGGGCGG	1.0
ref_multiple_v_single	accept	CRISPOR	rejected_side	reject	CTTGGGGTTGGCCGACGGCGGGG	1.0
ref_multiple_v_single	accept	CRISPOR	rejected_side	reject	ACTTGGGGTTGGCCGACGGCGGG	1.0
ref_multiple_v_single	accept	CRISPOR	rejected_side	reject	TACTTGGGGTTGGCCGACGGCGG	1.0
ref_multiple_v_single	accept	CRISPOR	rejected_side	reject	TGGTACTTGGGGTTGGCCGACGG	1.25
ref_multiple_v_single	accept	CRISPOR	rejected_side	reject	CGCGTTGTGGTACTTGGGGTTGG	1.0
ref_multiple_v_single	accept	CRISPOR	rejected_side	reject	CCCCAAGTACCACAACGCGAAGG	1.0
ref_multiple_v_single	accept	CRISPOR	accepted	accept	ACCTTCGCGTTGTGGTACTTGGG	1.0
ref_multiple_v_single	accept	CRISPOR	rejected_side	reject	CACCTTCGCGTTGTGGTACTTGG	1.0
ref_multiple_v_single	accept	CRISPOR	rejected_side	reject	GGGCGACGAGGAGGTGGACGGGG	1.423
ref_multiple_v_single	accept	CRISPOR	rejected_side	reject	CGACGAGGAGGTGGACGGGGAGG	16.6833
ref_multiple_v_single	accept	CRISPOR	rejected_side	reject	CTTCTACGACGTGAGCCTCGTGG	8.9387
ref_multiple_v_single	accept	CRISPOR	rejected_side	reject	TTCTACGACGTGAGCCTCGTGGG	7.8969
ref_multiple_v_single	accept	CRISPOR	rejected_side	reject	GACGTGAGCCTCGTGGGCGGCGG	4.0949
ref_multiple_v_single	accept	CRISPOR	rejected_side	reject	GCCTCGTGGGCGGCGGCCGACGG	23.2068
ref_multiple_v_single	accept	CRISPOR	rejected_side	reject	CCTCGTGGGCGGCGGCCGACGGG	15.3632
ref_multiple_v_single	accept	CRISPOR	rejected_side	reject	CTCGTGGGCGGCGGCCGACGGGG	14.9522
ref_multiple_v_single	accept	CRISPOR	rejected_side	reject	TCGTGGGCGGCGGCCGACGGGGG	22.8666
ref_multiple_v_single	accept	CRISPOR	rejected_side	reject	CGGCGCGCGGGCTCCCCCGTCGG	9.8979
ref_multiple_v_single	accept	CRISPOR	rejected_side	reject	AGAGCGCGGGTGGCGGGGGGAGG	2.0233
ref_multiple_v_single	accept	CRISPOR	rejected_side	reject	AAGTAGGGAGAAGACGGCGTCGG	1.2727
ref_multiple_v_single	accept	CRISPOR	rejected_side	reject	TTTGTAGGAGTTTCACGTGGCGG	18.4807
ref_multiple_v_single	accept	CRISPOR	rejected_side	reject	GCGTTTGTAGGAGTTTCACGTGG	6.5195
ref_multiple_v_single	accept	CRISPOR	rejected_side	reject	AACGCTCCTAGGTCGCCAAGTGG	24.3394
ref_multiple_v_single	accept	CRISPOR	rejected_side	reject	CTTGTTGTTGTTTTTGCATTTGG	30.353
ref_multiple_v_single	accept	CRISPOR	rejected_side	reject	AAAACAACAACAAGCATACGAGG	35.5242
ref_multiple_v_single	accept	CRISPOR	rejected_side	reject	AATTGTTGCCACCCTTGCAGTGG	1.4286
ref_multiple_v_single	accept	CRISPOR	rejected_side	reject	AGAGGCGGCGGCGGCGGAGGAGG	450.4009
ref_multiple_v_single	accept	CRISPOR	rejected_side	reject	CCGCCGCCGCCGCCGCGAGAAGG	39.9465
ref_multiple_v_single	accept	CRISPOR	rejected_side	reject	CCGCCGCCGCCGCGAGAAGGAGG	15.6423
ref_multiple_v_single	accept	CRISPOR	rejected_side	reject	CGGCCCCTCGAGCGGCTCCAAGG	3.4667
ref_multiple_v_single	accept	CRISPOR	rejected_side	reject	GCGCCTTGGAGCCGCTCGAGGGG	3.3283
ref_multiple_v_single	accept	CRISPOR	rejected_side	reject	CGCGCCTTGGAGCCGCTCGAGGG	2.6849
ref_multiple_v_single	accept	CRISPOR	rejected_side	reject	GCGCGCCTTGGAGCCGCTCGAGG	2.785
ref_multiple_v_single	accept	CRISPOR	rejected_side	reject	AGCGGCTCCAAGGCGCGCTGCGG	3.25
ref_multiple_v_single	accept	CRISPOR	rejected_side	reject	AACTGCACTTGCAAAGTTCATGG	104.3809
ref_multiple_v_single	accept	CRISPOR	rejected_side	reject	CAAGGGGATTGGCTCTACAATGG	1.0
ref_multiple_v_single	accept	CRISPOR	rejected_side	reject	CATTGTAGAGCCAATCCCCTTGG	1.875
ref_multiple_v_single	accept	CRISPOR	rejected_side	reject	AGAGCCAATCCCCTTGGAGCAGG	2.0
ref_multiple_v_single	accept	CRISPOR	rejected_side	reject	CAGTCCTGCTCCAAGGGGATTGG	1.9091
ref_multiple_v_single	accept	CRISPOR	rejected_side	reject	CAATCCCCTTGGAGCAGGACTGG	1.1765
ref_multiple_v_single	accept	CRISPOR	rejected_side	reject	AATCCCCTTGGAGCAGGACTGGG	1.1923
ref_multiple_v_single	accept	CRISPOR	rejected_side	reject	GATCCCAGTCCTGCTCCAAGGGG	1.6667
ref_multiple_v_single	accept	CRISPOR	rejected_side	reject	TGATCCCAGTCCTGCTCCAAGGG	1.9474
ref_multiple_v_single	accept	CRISPOR	rejected_side	reject	ATGATCCCAGTCCTGCTCCAAGG	1.7895
ref_multiple_v_single	accept	CRISPOR	rejected_side	reject	GGAGGAGAAGAAGAAGGTGGTGG	18.0355
ref_multiple_v_single	accept	CRISPOR	rejected_side	reject	AAGTTGTCATATCTCGTCGAAGG	72.6745
ref_multiple_v_single	accept	CRISPOR	rejected_side	reject	GGCGGCGGCGACGACAACGGCGG	155.0188
ref_multiple_v_single	accept	CRISPOR	rejected_side	reject	GCCCGAGGTCGAGATGAAAGGGG	1.0609
ref_multiple_v_single	accept	CRISPOR	rejected_side	reject	TGCCCGAGGTCGAGATGAAAGGG	1.0
ref_multiple_v_single	accept	CRISPOR	rejected_side	reject	TGGACGCGCCACGGTCGTCGAGG	2.9447
ref_multiple_v_single	accept	GuideScan2	rejected_side	reject	ATTGAATAGAAAAGCGTTGATGG	2.881
ref_multiple_v_single	accept	GuideScan2	rejected_side	reject	AACGCTTTTCTATTCAATCAAGG	5.2184
ref_multiple_v_single	accept	GuideScan2	rejected_side	reject	ACGCTTTTCTATTCAATCAAGGG	3.2549
ref_multiple_v_single	accept	GuideScan2	rejected_side	reject	TACATCTAGACCAGTGATCATGG	21.0001
ref_multiple_v_single	accept	GuideScan2	rejected_side	reject	GTGATTCCTGTTATAAAAATGGG	83.5459
ref_multiple_v_single	accept	GuideScan2	rejected_side	reject	AGTGATTCCTGTTATAAAAATGG	203.9576
ref_multiple_v_single	accept	GuideScan2	accepted	accept	TGGTCATTCAGAATAGAGTCTGG	2.4251
ref_multiple_v_single	accept	GuideScan2	accepted	accept	AAGGGACATATGGATCCATTTGG	2.9828
ref_multiple_v_single	accept	GuideScan2	accepted	accept	TCCCTTATGTCGTCGGGTCCAGG	1.0909
ref_multiple_v_single	accept	GuideScan2	rejected_side	reject	TCCTGGACCCGACGACATAAGGG	5.37
ref_multiple_v_single	accept	GuideScan2	accepted	accept	CTCCTGGACCCGACGACATAAGG	2.4365
ref_multiple_v_single	accept	GuideScan2	accepted	accept	ATGTCGTCGGGTCCAGGAGACGG	2.2857
ref_multiple_v_single	accept	GuideScan2	accepted	accept	GGAGGTGTAGAGCCGTCTCCTGG	2.0909
ref_multiple_v_single	accept	GuideScan2	accepted	accept	TGTAGCGGCAGCCTGCGAGGAGG	1.7059
ref_multiple_v_single	accept	GuideScan2	accepted	accept	TTGTGTAGCGGCAGCCTGCGAGG	1.5556
ref_multiple_v_single	accept	GuideScan2	rejected_side	reject	AGCCGCCGCCGCCGCCGCGGCGG	378.6813
ref_multiple_v_single	accept	GuideScan2	accepted	accept	GAGGTACTTGTTGCCGCAGACGG	1.5556
ref_multiple_v_single	accept	GuideScan2	accepted	accept	TCGGCACCGGTTTCCCGTGCGGG	1.5
ref_multiple_v_single	accept	GuideScan2	accepted	accept	GTCGGCACCGGTTTCCCGTGCGG	1.4545
ref_multiple_v_single	accept	GuideScan2	accepted	accept	TAGCAGAGACCTTCAATAGTTGG	1.6667
ref_multiple_v_single	accept	GuideScan2	accepted	accept	AGACCTTCAATAGTTGGATCAGG	1.2273
ref_multiple_v_single	accept	GuideScan2	accepted	accept	ATGCCTGATCCAACTATTGAAGG	1.5882
ref_multiple_v_single	accept	GuideScan2	rejected_side	reject	CCGCGGCGGCGGACGGCGGCAGG	11.2742
ref_multiple_v_single	accept	GuideScan2	rejected_side	reject	CGCGGCGGCGGACGGCGGCAGGG	11.8795
ref_multiple_v_single	accept	GuideScan2	rejected_side	reject	GGCGGCGGACGGCGGCAGGGCGG	9.2663
ref_multiple_v_single	accept	GuideScan2	accepted	accept	ACCGGCCGGGCTGGCTGCAGAGG	1.9
ref_multiple_v_single	accept	GuideScan2	accepted	accept	AGCCAGCCCGGCCGGTTCTGCGG	1.3929
ref_multiple_v_single	accept	GuideScan2	accepted	accept	GGCCGCAGAACCGGCCGGGCTGG	1.125
ref_multiple_v_single	accept	GuideScan2	accepted	accept	GCCCGGCCGGTTCTGCGGCCAGG	1.6923
ref_multiple_v_single	accept	GuideScan2	accepted	accept	ACCTGGCCGCAGAACCGGCCGGG	2.2727
ref_multiple_v_single	accept	GuideScan2	accepted	accept	CGGCCAGGTCCGCGTGTCGTCGG	2.0
ref_multiple_v_single	accept	GuideScan2	accepted	accept	AGGCCGACGACACGCGGACCTGG	2.0
ref_multiple_v_single	accept	GuideScan2	accepted	accept	GGGAGAAGGCCGACGACACGCGG	1.6667
ref_multiple_v_single	accept	GuideScan2	accepted	accept	GGAGACGGAGAAGGAGGTCGCGG	2.1214
ref_multiple_v_single	accept	GuideScan2	rejected_side	reject	GTAGACGGAGACGGAGAAGGAGG	6.612
ref_multiple_v_single	accept	GuideScan2	rejected_side	reject	GGTGTAGACGGAGACGGAGAAGG	2.168
ref_multiple_v_single	accept	GuideScan2	rejected_side	reject	AACATGTCGAACGCGTACCGAGG	102.7069
ref_multiple_v_single	accept	GuideScan2	rejected_side	reject	ATGTCGAACGCGTACCGAGGTGG	81.5583
ref_multiple_v_single	accept	GuideScan2	rejected_side	reject	TCGAACGCGTACCGAGGTGGCGG	110.4154
ref_multiple_v_single	accept	GuideScan2	accepted	accept	GGATGGCGGATTCGACGGCGAGG	1.7333
ref_multiple_v_single	accept	GuideScan2	accepted	accept	GGCGGATTCGACGGCGAGGACGG	1.75
ref_multiple_v_single	accept	GuideScan2	accepted	accept	GATTGCAATTTCTCTTATGCTGG	1.9091
ref_multiple_v_single	accept	GuideScan2	accepted	accept	ATTCGATCAGTTTATGAATTTGG	1.7
ref_multiple_v_single	accept	GuideScan2	rejected_side	reject	ATGGAGGAGGAGGAGGGGGGGGG	16.7756
ref_multiple_v_single	accept	GuideScan2	accepted	accept	CCTAAACCCTAGCGCCGCCATGG	1.0
ref_multiple_v_single	accept	GuideScan2	rejected_side	reject	GGCGGCGGCGGCGGCTGTGGAGG	52.0955
ref_multiple_v_single	accept	GuideScan2	rejected_side	reject	GGCGGCGGCGGCGGCGGCTGTGG	1469.5962
ref_multiple_v_single	accept	GuideScan2	rejected_side	reject	CGCCGCCGCCGCCGCCGCTACGG	450.8548
ref_multiple_v_single	accept	GuideScan2	rejected_side	reject	AACGGATCGAGGAAGAGGAGAGG	6.902
ref_multiple_v_single	accept	GuideScan2	rejected_side	reject	CGACGCCACCGCGGCGGCGGCGG	61.8051
ref_multiple_v_single	accept	GuideScan2	accepted	accept	GACTACTTGTACACCAAGTTTGG	3.2589
ref_multiple_v_single	accept	GuideScan2	accepted	accept	AGGTGACACAACCATTTTTTTGG	1.0
ref_multiple_v_single	accept	GuideScan2	accepted	accept	AATCGGTGCCTCAGTGGTCCAGG	1.0909
ref_multiple_v_single	accept	GuideScan2	accepted	accept	ATCGGTGCCTCAGTGGTCCAGGG	1.5367
ref_multiple_v_single	accept	GuideScan2	accepted	accept	AGCGGAGCCCTGGACCACTGAGG	1.9127
ref_multiple_v_single	accept	GuideScan2	accepted	accept	TCAGTGGTCCAGGGCTCCGCTGG	2.1583
ref_multiple_v_single	accept	GuideScan2	accepted	accept	GTCCGTAGTAAGTTCGCCATAGG	1.0
ref_multiple_v_single	accept	GuideScan2	accepted	accept	CACCTATGGCGAACTTACTACGG	1.0
ref_multiple_v_single	accept	GuideScan2	accepted	accept	CCATAGGTGAATTTTTATCCTGG	1.0
ref_multiple_v_single	accept	GuideScan2	accepted	accept	TTCTGCATTTATTTACCTGTTGG	2.8725
ref_multiple_v_single	accept	GuideScan2	rejected_side	reject	TTATTTACCTGTTGGAAATGAGG	3.5385
ref_multiple_v_single	accept	GuideScan2	accepted	accept	CATTGAGCCTCATTTCCAACAGG	4.3193
ref_multiple_v_single	accept	GuideScan2	accepted	accept	GGATCTGGAGCTGCAGGTCGTGG	1.1364
ref_multiple_v_single	accept	GuideScan2	rejected_side	reject	TCAATCACCACCAAGGAGCTTGG	8.1234
ref_multiple_v_single	accept	GuideScan2	rejected_side	reject	CATGGTTCCAAGCTCCTTGGTGG	8.5804
ref_multiple_v_single	accept	GuideScan2	rejected_side	reject	TATCATGGTTCCAAGCTCCTTGG	4.9075
ref_multiple_v_single	accept	GuideScan2	accepted	accept	AGCCGACAGCGGAAGCCGGCCGG	1.0
ref_multiple_v_single	accept	GuideScan2	accepted	accept	GAGGAGCCGACAGCGGAAGCCGG	2.3333
ref_multiple_v_single	accept	GuideScan2	accepted	accept	TCATCTCCCTCATCTGCCACTGG	2.8462
ref_multiple_v_single	accept	GuideScan2	accepted	accept	AATGAACCAGTGGCAGATGAGGG	3.0
ref_multiple_v_single	accept	GuideScan2	accepted	accept	TAATGAACCAGTGGCAGATGAGG	3.0
ref_multiple_v_single	accept	GuideScan2	rejected_side	reject	TTCTGCTGCTGCTGCTGCGGCGG	57.0746
ref_multiple_v_single	accept	GuideScan2	rejected_side	reject	TGCTGCTGCTGCTGCGGCGGTGG	155.4278
ref_multiple_v_single	accept	GuideScan2	rejected_side	reject	GACGGCATGGCACAACAATCCGG	2.625
ref_multiple_v_single	accept	GuideScan2	rejected_side	reject	AGGAGGATGTGAGAACTGACCGG	2.7143
ref_multiple_v_single	accept	GuideScan2	rejected_side	reject	GGAGGAGGAGGAGAAGAGCGAGG	20.9165
ref_multiple_v_single	accept	GuideScan2	accepted	accept	ATTTCATACAACAGATTGTCTGG	1.0
ref_multiple_v_single	accept	GuideScan2	accepted	accept	CGCATTGACTAAGAGTGGATGGG	1.5989
ref_multiple_v_single	accept	GuideScan2	accepted	accept	ACGCATTGACTAAGAGTGGATGG	1.2857
ref_multiple_v_single	accept	GuideScan2	accepted	accept	ATCCACTCTTAGTCAATGCGTGG	1.0
ref_multiple_v_single	accept	GuideScan2	accepted	accept	AACCACGCATTGACTAAGAGTGG	1.0
ref_multiple_v_single	accept	GuideScan2	rejected_side	reject	AACGCCGGCGCGGCGGCGCGCGG	4.3052
ref_multiple_v_single	accept	GuideScan2	accepted	accept	CATCGCGAACGCCGGCGCGGCGG	3.2219
ref_multiple_v_single	accept	GuideScan2	rejected_side	reject	GAGCTACGACGAGCCGTGCAAGG	5.6464
ref_multiple_v_single	accept	GuideScan2	rejected_side	reject	GCAGCTGGACAGGGACCAGTCGG	60.1407
ref_multiple_v_single	accept	GuideScan2	rejected_side	reject	GGAACGTGCGCAGCTGGACAGGG	63.43
ref_multiple_v_single	accept	GuideScan2	rejected_side	reject	AGGAACGTGCGCAGCTGGACAGG	66.3256
ref_multiple_v_single	accept	GuideScan2	rejected_side	reject	GAGGGGAGGCGGAGCGATCTGGG	6.3833
ref_multiple_v_single	accept	GuideScan2	accepted	accept	CGAGGGGAGGCGGAGCGATCTGG	6.4103
ref_multiple_v_single	accept	GuideScan2	accepted	accept	GGAGGTTGGGCGAGGGGAGGCGG	2.5672
ref_multiple_v_single	accept	GuideScan2	accepted	accept	TGGAGCGAGGAGGTTGGGCGAGG	2.0
ref_multiple_v_single	accept	GuideScan2	accepted	accept	AGGGATGGAGCGAGGAGGTTGGG	1.9286
ref_multiple_v_single	accept	GuideScan2	accepted	accept	GAGGGATGGAGCGAGGAGGTTGG	1.8125
ref_multiple_v_single	accept	GuideScan2	rejected_side	reject	GTGAGAGGGATGGAGCGAGGAGG	1.8998
ref_multiple_v_single	accept	GuideScan2	accepted	accept	AATTTTCGGGATAAGCAGTTCGG	2.4118
ref_multiple_v_single	accept	GuideScan2	accepted	accept	GAACTGCTTATCCCGAAAATTGG	1.5714
ref_multiple_v_single	accept	GuideScan2	rejected_side	reject	AACTGCTTATCCCGAAAATTGGG	3.7796
ref_multiple_v_single	accept	GuideScan2	rejected_side	reject	ACTGCTTATCCCGAAAATTGGGG	5.6868
ref_multiple_v_single	accept	GuideScan2	accepted	accept	GAGAGGAGGGAGGTCGTGGGAGG	2.8044
ref_multiple_v_single	accept	GuideScan2	accepted	accept	TCCCACGACCTCCCTCCTCTCGG	1.0
ref_multiple_v_single	accept	GuideScan2	accepted	accept	GCCGAGAGGAGGGAGGTCGTGGG	1.0
ref_multiple_v_single	accept	GuideScan2	accepted	accept	GGCCGAGAGGAGGGAGGTCGTGG	1.0
ref_multiple_v_single	accept	GuideScan2	accepted	accept	GTTGGCCGACGGCGGGGCGGGGG	1.0
ref_multiple_v_single	accept	GuideScan2	accepted	accept	GGTTGGCCGACGGCGGGGCGGGG	1.0
ref_multiple_v_single	accept	GuideScan2	accepted	accept	GGGTTGGCCGACGGCGGGGCGGG	1.0
ref_multiple_v_single	accept	GuideScan2	rejected_side	reject	GGGGTTGGCCGACGGCGGGGCGG	1.0
ref_multiple_v_single	accept	GuideScan2	accepted	accept	CTTGGGGTTGGCCGACGGCGGGG	1.0
ref_multiple_v_single	accept	GuideScan2	accepted	accept	ACTTGGGGTTGGCCGACGGCGGG	1.0
ref_multiple_v_single	accept	GuideScan2	accepted	accept	TACTTGGGGTTGGCCGACGGCGG	1.0
ref_multiple_v_single	accept	GuideScan2	accepted	accept	TGGTACTTGGGGTTGGCCGACGG	1.25
ref_multiple_v_single	accept	GuideScan2	accepted	accept	CGCGTTGTGGTACTTGGGGTTGG	1.0
ref_multiple_v_single	accept	GuideScan2	accepted	accept	CCCCAAGTACCACAACGCGAAGG	1.0
ref_multiple_v_single	accept	GuideScan2	accepted	accept	ACCTTCGCGTTGTGGTACTTGGG	1.0
ref_multiple_v_single	accept	GuideScan2	accepted	accept	CACCTTCGCGTTGTGGTACTTGG	1.0
ref_multiple_v_single	accept	GuideScan2	rejected_side	reject	GGGCGACGAGGAGGTGGACGGGG	1.423
ref_multiple_v_single	accept	GuideScan2	rejected_side	reject	CGACGAGGAGGTGGACGGGGAGG	16.6833
ref_multiple_v_single	accept	GuideScan2	rejected_side	reject	CTTCTACGACGTGAGCCTCGTGG	8.9387
ref_multiple_v_single	accept	GuideScan2	accepted	accept	TTCTACGACGTGAGCCTCGTGGG	7.8969
ref_multiple_v_single	accept	GuideScan2	rejected_side	reject	GACGTGAGCCTCGTGGGCGGCGG	4.0949
ref_multiple_v_single	accept	GuideScan2	rejected_side	reject	GCCTCGTGGGCGGCGGCCGACGG	23.2068
ref_multiple_v_single	accept	GuideScan2	rejected_side	reject	CCTCGTGGGCGGCGGCCGACGGG	15.3632
ref_multiple_v_single	accept	GuideScan2	rejected_side	reject	CTCGTGGGCGGCGGCCGACGGGG	14.9522
ref_multiple_v_single	accept	GuideScan2	rejected_side	reject	TCGTGGGCGGCGGCCGACGGGGG	22.8666
ref_multiple_v_single	accept	GuideScan2	rejected_side	reject	CGGCGCGCGGGCTCCCCCGTCGG	9.8979
ref_multiple_v_single	accept	GuideScan2	rejected_side	reject	AGAGCGCGGGTGGCGGGGGGAGG	2.0233
ref_multiple_v_single	accept	GuideScan2	accepted	accept	AAGTAGGGAGAAGACGGCGTCGG	1.2727
ref_multiple_v_single	accept	GuideScan2	rejected_side	reject	TTTGTAGGAGTTTCACGTGGCGG	18.4807
ref_multiple_v_single	accept	GuideScan2	rejected_side	reject	GCGTTTGTAGGAGTTTCACGTGG	6.5195
ref_multiple_v_single	accept	GuideScan2	rejected_side	reject	AACGCTCCTAGGTCGCCAAGTGG	24.3394
ref_multiple_v_single	accept	GuideScan2	rejected_side	reject	CTTGTTGTTGTTTTTGCATTTGG	30.353
ref_multiple_v_single	accept	GuideScan2	rejected_side	reject	AAAACAACAACAAGCATACGAGG	35.5242
ref_multiple_v_single	accept	GuideScan2	accepted	accept	AATTGTTGCCACCCTTGCAGTGG	1.4286
ref_multiple_v_single	accept	GuideScan2	rejected_side	reject	AGAGGCGGCGGCGGCGGAGGAGG	450.4009
ref_multiple_v_single	accept	GuideScan2	rejected_side	reject	CCGCCGCCGCCGCCGCGAGAAGG	39.9465
ref_multiple_v_single	accept	GuideScan2	rejected_side	reject	CCGCCGCCGCCGCGAGAAGGAGG	15.6423
ref_multiple_v_single	accept	GuideScan2	rejected_side	reject	CGGCCCCTCGAGCGGCTCCAAGG	3.4667
ref_multiple_v_single	accept	GuideScan2	rejected_side	reject	GCGCCTTGGAGCCGCTCGAGGGG	3.3283
ref_multiple_v_single	accept	GuideScan2	rejected_side	reject	CGCGCCTTGGAGCCGCTCGAGGG	2.6849
ref_multiple_v_single	accept	GuideScan2	accepted	accept	GCGCGCCTTGGAGCCGCTCGAGG	2.785
ref_multiple_v_single	accept	GuideScan2	accepted	accept	AGCGGCTCCAAGGCGCGCTGCGG	3.25
ref_multiple_v_single	accept	GuideScan2	rejected_side	reject	AACTGCACTTGCAAAGTTCATGG	104.3809
ref_multiple_v_single	accept	GuideScan2	accepted	accept	CAAGGGGATTGGCTCTACAATGG	1.0
ref_multiple_v_single	accept	GuideScan2	accepted	accept	CATTGTAGAGCCAATCCCCTTGG	1.875
ref_multiple_v_single	accept	GuideScan2	accepted	accept	AGAGCCAATCCCCTTGGAGCAGG	2.0
ref_multiple_v_single	accept	GuideScan2	accepted	accept	CAGTCCTGCTCCAAGGGGATTGG	1.9091
ref_multiple_v_single	accept	GuideScan2	accepted	accept	CAATCCCCTTGGAGCAGGACTGG	1.1765
ref_multiple_v_single	accept	GuideScan2	accepted	accept	AATCCCCTTGGAGCAGGACTGGG	1.1923
ref_multiple_v_single	accept	GuideScan2	accepted	accept	GATCCCAGTCCTGCTCCAAGGGG	1.6667
ref_multiple_v_single	accept	GuideScan2	accepted	accept	TGATCCCAGTCCTGCTCCAAGGG	1.9474
ref_multiple_v_single	accept	GuideScan2	accepted	accept	ATGATCCCAGTCCTGCTCCAAGG	1.7895
ref_multiple_v_single	accept	GuideScan2	rejected_side	reject	GGAGGAGAAGAAGAAGGTGGTGG	18.0355
ref_multiple_v_single	accept	GuideScan2	rejected_side	reject	AAGTTGTCATATCTCGTCGAAGG	72.6745
ref_multiple_v_single	accept	GuideScan2	rejected_side	reject	GGCGGCGGCGACGACAACGGCGG	155.0188
ref_multiple_v_single	accept	GuideScan2	accepted	accept	GCCCGAGGTCGAGATGAAAGGGG	1.0609
ref_multiple_v_single	accept	GuideScan2	accepted	accept	TGCCCGAGGTCGAGATGAAAGGG	1.0
ref_multiple_v_single	accept	GuideScan2	accepted	accept	TGGACGCGCCACGGTCGTCGAGG	2.9447
present_v_absent	accept	kRISP-meR	accepted	accept	TCTAAGAGGAGCACAAAACATGG	1.0
present_v_absent	accept	kRISP-meR	accepted	accept	CTTTATACTAATTGTCTAAGAGG	1.0
present_v_absent	accept	kRISP-meR	accepted	accept	CTTAGACAATTAGTATAAAGAGG	1.0
present_v_absent	accept	kRISP-meR	rejected_side	reject	GCTGCAGTGGACCACATCGAGGG	45.6786
present_v_absent	accept	kRISP-meR	accepted	accept	AAAGCATGTGAGAATCTGAAGGG	1.0
present_v_absent	accept	kRISP-meR	accepted	accept	CACCCGGCTCGCGAGGGGAGAGG	1.0
present_v_absent	accept	kRISP-meR	accepted	accept	GGCGACACCCGGCTCGCGAGGGG	1.0
present_v_absent	accept	kRISP-meR	accepted	accept	CGGCGACACCCGGCTCGCGAGGG	1.0
present_v_absent	accept	kRISP-meR	accepted	accept	GCGGCGACACCCGGCTCGCGAGG	1.0
present_v_absent	accept	kRISP-meR	rejected_side	reject	GGACGGGCGGCGGCGACACCCGG	34.0909
present_v_absent	accept	kRISP-meR	rejected_side	reject	ACTTCTCGCCTTCTATGACAGGG	1.4211
present_v_absent	accept	kRISP-meR	rejected_side	reject	CACTTCTCGCCTTCTATGACAGG	1.4286
present_v_absent	accept	kRISP-meR	rejected_side	reject	CTGTCATAGAAGGCGAGAAGTGG	1.619
present_v_absent	accept	kRISP-meR	rejected_side	reject	CATAGAAGGCGAGAAGTGGTCGG	1.6
present_v_absent	accept	kRISP-meR	rejected_side	reject	AGAAGTGGTCGGCGACGAAGTGG	1.7647
present_v_absent	accept	kRISP-meR	rejected_side	reject	CTCCTTGCACTGGCTCTCTCAGG	2.2146
present_v_absent	accept	kRISP-meR	rejected_side	reject	CTCGTCCACCGTCACGTACCCGG	4.4545
present_v_absent	accept	kRISP-meR	accepted	accept	CTGGTCGTTCTGGGGTTGGCCGG	1.0
present_v_absent	accept	kRISP-meR	accepted	accept	CTCTCGGTCGCCGGTCTTGCCGG	1.0
present_v_absent	accept	kRISP-meR	accepted	accept	TCGCCGGTCTTGCCGGCCCTCGG	1.0
present_v_absent	accept	kRISP-meR	rejected_side	reject	CGGCCGAGGGCCGGCAAGACCGG	14.0
present_v_absent	accept	kRISP-meR	accepted	accept	CGGGACAATGAGCGAGGCAGCGG	1.0
present_v_absent	accept	kRISP-meR	accepted	accept	CTCGAACGGGACAATGAGCGAGG	1.0
present_v_absent	accept	kRISP-meR	rejected_side	reject	TCAGAACTCAGAGGAGAAGATGG	3.7218
present_v_absent	accept	kRISP-meR	accepted	accept	CAAAGCCAGGACGCAGCTCAAGG	1.0
present_v_absent	accept	kRISP-meR	accepted	accept	AAAGCCAGGACGCAGCTCAAGGG	1.0
present_v_absent	accept	kRISP-meR	rejected_side	reject	TCACATCAATACGTCCCATCAGG	1.5065
present_v_absent	accept	kRISP-meR	accepted	accept	GATGGGACGTATTGATGTGAAGG	1.0
present_v_absent	accept	kRISP-meR	rejected_side	reject	TATGTGCTCTAAACCATTCATGG	2.0
present_v_absent	accept	kRISP-meR	accepted	accept	TGGGAATCCTAGTCCTGCAATGG	1.0
present_v_absent	accept	kRISP-meR	accepted	accept	GGGAATCCTAGTCCTGCAATGGG	1.0
present_v_absent	accept	kRISP-meR	rejected_side	reject	CTCGAAGTCGAGGTCCGTCTCGG	3.2569
present_v_absent	accept	kRISP-meR	rejected_side	reject	GGAAGAGGAGGAGGAGGGCGAGG	58.3208
present_v_absent	accept	kRISP-meR	rejected_side	reject	GAAGAGGAGGAGGAGGGCGAGGG	23.1074
present_v_absent	accept	kRISP-meR	rejected_side	not_generated	GACCAAGAAGAAAACTGCAGCGG	507.4497
present_v_absent	accept	kRISP-meR	rejected_side	reject	TCGGACCAGAGTACTTGGCACGG	1.0
present_v_absent	accept	kRISP-meR	rejected_side	reject	ACTCGCCGTGCCAAGTACTCTGG	1.0
present_v_absent	accept	kRISP-meR	accepted	accept	GCAGGTTGCAAATTACTGTCGGG	1.0
present_v_absent	accept	kRISP-meR	rejected_side	not_generated	AAAGAGGAGTTTCTCAGTGAAGG	200.4273
present_v_absent	accept	kRISP-meR	accepted	accept	GTATGTCATATGTTGTATAATGG	1.0
present_v_absent	accept	kRISP-meR	rejected_side	reject	GCAATTGATCCAATATTTCCTGG	2.0
present_v_absent	accept	kRISP-meR	accepted	accept	TGATGTTTGGGGTCTTACTCTGG	1.0
present_v_absent	accept	kRISP-meR	accepted	accept	ACGAACATCATGCTCACCACCGG	1.0
present_v_absent	accept	kRISP-meR	accepted	accept	CGAACATCATGCTCACCACCGGG	1.0
present_v_absent	accept	kRISP-meR	accepted	accept	CTCACCACCGGGCCGTACAACGG	1.0
present_v_absent	accept	kRISP-meR	rejected_side	reject	GGTGGCCTCGCACATGAGCCTGG	2.0
present_v_absent	accept	kRISP-meR	rejected_side	not_generated	GTGCCCGGCCTGGGGGAAGGCGG	70.6938
present_v_absent	accept	kRISP-meR	rejected_side	not_generated	TGCCCGGCCTGGGGGAAGGCGGG	110.8382
present_v_absent	accept	kRISP-meR	accepted	accept	TTAGTATATTTCCCTTGGGAGGG	1.0
present_v_absent	accept	kRISP-meR	accepted	accept	AATGGCGGACGGCGCTGTTAAGG	1.0
present_v_absent	accept	kRISP-meR	rejected_side	reject	GAGAGGAGCAGGAAGAGTGGTGG	5.4396
present_v_absent	accept	kRISP-meR	accepted	accept	ACATTGTACTCTAGGTACATCGG	1.0
present_v_absent	accept	kRISP-meR	accepted	accept	TACCTTGTGTATGGTGAAAGAGG	1.3846
present_v_absent	accept	kRISP-meR	rejected_side	reject	GCCCAGCAGAAGCGTCATCCTGG	1.8667
present_v_absent	accept	kRISP-meR	accepted	accept	TTCCTCACAGACCAACAAAAGGG	1.0
present_v_absent	accept	kRISP-meR	accepted	accept	GTGCGCTCAACAAAGATAGCTGG	1.0
present_v_absent	accept	kRISP-meR	rejected_side	not_generated	GTGCAGATCAACCCTATTCCTGG	571.9571
present_v_absent	accept	kRISP-meR	rejected_side	reject	GCGTGGAGGTCCCGGTCGAGAGG	13.1234
present_v_absent	accept	kRISP-meR	rejected_side	reject	TCTCGACTTCCTGGGTTCTATGG	2.0
present_v_absent	accept	kRISP-meR	rejected_side	reject	TAATCCCGAAGATCCCACCAAGG	21.2025
present_v_absent	accept	CRISPOR	rejected_side	reject	TCTAAGAGGAGCACAAAACATGG	1.0
present_v_absent	accept	CRISPOR	accepted	accept	CTTTATACTAATTGTCTAAGAGG	1.0
present_v_absent	accept	CRISPOR	rejected_side	reject	CTTAGACAATTAGTATAAAGAGG	1.0
present_v_absent	accept	CRISPOR	accepted	accept	GCTGCAGTGGACCACATCGAGGG	45.6786
present_v_absent	accept	CRISPOR	accepted	accept	AAAGCATGTGAGAATCTGAAGGG	1.0
present_v_absent	accept	CRISPOR	rejected_side	reject	CACCCGGCTCGCGAGGGGAGAGG	1.0
present_v_absent	accept	CRISPOR	accepted	accept	GGCGACACCCGGCTCGCGAGGGG	1.0
present_v_absent	accept	CRISPOR	accepted	accept	CGGCGACACCCGGCTCGCGAGGG	1.0
present_v_absent	accept	CRISPOR	accepted	accept	GCGGCGACACCCGGCTCGCGAGG	1.0
present_v_absent	accept	CRISPOR	rejected_side	reject	GGACGGGCGGCGGCGACACCCGG	34.0909
present_v_absent	accept	CRISPOR	rejected_side	reject	ACTTCTCGCCTTCTATGACAGGG	1.4211
present_v_absent	accept	CRISPOR	accepted	accept	CACTTCTCGCCTTCTATGACAGG	1.4286
present_v_absent	accept	CRISPOR	accepted	accept	CTGTCATAGAAGGCGAGAAGTGG	1.619
present_v_absent	accept	CRISPOR	rejected_side	reject	CATAGAAGGCGAGAAGTGGTCGG	1.6
present_v_absent	accept	CRISPOR	rejected_side	reject	AGAAGTGGTCGGCGACGAAGTGG	1.7647
present_v_absent	accept	CRISPOR	rejected_side	reject	CTCCTTGCACTGGCTCTCTCAGG	2.2146
present_v_absent	accept	CRISPOR	rejected_side	reject	CTCGTCCACCGTCACGTACCCGG	4.4545
present_v_absent	accept	CRISPOR	accepted	accept	CTGGTCGTTCTGGGGTTGGCCGG	1.0
present_v_absent	accept	CRISPOR	accepted	accept	CTCTCGGTCGCCGGTCTTGCCGG	1.0
present_v_absent	accept	CRISPOR	accepted	accept	TCGCCGGTCTTGCCGGCCCTCGG	1.0
present_v_absent	accept	CRISPOR	accepted	accept	CGGCCGAGGGCCGGCAAGACCGG	14.0
present_v_absent	accept	CRISPOR	accepted	accept	CGGGACAATGAGCGAGGCAGCGG	1.0
present_v_absent	accept	CRISPOR	accepted	accept	CTCGAACGGGACAATGAGCGAGG	1.0
present_v_absent	accept	CRISPOR	rejected_side	reject	TCAGAACTCAGAGGAGAAGATGG	3.7218
present_v_absent	accept	CRISPOR	accepted	accept	CAAAGCCAGGACGCAGCTCAAGG	1.0
present_v_absent	accept	CRISPOR	accepted	accept	AAAGCCAGGACGCAGCTCAAGGG	1.0
present_v_absent	accept	CRISPOR	accepted	accept	TCACATCAATACGTCCCATCAGG	1.5065
present_v_absent	accept	CRISPOR	accepted	accept	GATGGGACGTATTGATGTGAAGG	1.0
present_v_absent	accept	CRISPOR	rejected_side	reject	TATGTGCTCTAAACCATTCATGG	2.0
present_v_absent	accept	CRISPOR	accepted	accept	TGGGAATCCTAGTCCTGCAATGG	1.0
present_v_absent	accept	CRISPOR	accepted	accept	GGGAATCCTAGTCCTGCAATGGG	1.0
present_v_absent	accept	CRISPOR	accepted	accept	CTCGAAGTCGAGGTCCGTCTCGG	3.2569
present_v_absent	accept	CRISPOR	rejected_side	reject	GGAAGAGGAGGAGGAGGGCGAGG	58.3208
present_v_absent	accept	CRISPOR	rejected_side	reject	GAAGAGGAGGAGGAGGGCGAGGG	23.1074
present_v_absent	accept	CRISPOR	rejected_side	reject	GACCAAGAAGAAAACTGCAGCGG	507.4497
present_v_absent	accept	CRISPOR	accepted	accept	TCGGACCAGAGTACTTGGCACGG	1.0
present_v_absent	accept	CRISPOR	accepted	accept	ACTCGCCGTGCCAAGTACTCTGG	1.0
present_v_absent	accept	CRISPOR	rejected_side	reject	GCAGGTTGCAAATTACTGTCGGG	1.0
present_v_absent	accept	CRISPOR	rejected_side	reject	AAAGAGGAGTTTCTCAGTGAAGG	200.4273
present_v_absent	accept	CRISPOR	accepted	accept	GTATGTCATATGTTGTATAATGG	1.0
present_v_absent	accept	CRISPOR	rejected_side	reject	GCAATTGATCCAATATTTCCTGG	2.0
present_v_absent	accept	CRISPOR	accepted	accept	TGATGTTTGGGGTCTTACTCTGG	1.0
present_v_absent	accept	CRISPOR	accepted	accept	ACGAACATCATGCTCACCACCGG	1.0
present_v_absent	accept	CRISPOR	accepted	accept	CGAACATCATGCTCACCACCGGG	1.0
present_v_absent	accept	CRISPOR	accepted	accept	CTCACCACCGGGCCGTACAACGG	1.0
present_v_absent	accept	CRISPOR	accepted	accept	GGTGGCCTCGCACATGAGCCTGG	2.0
present_v_absent	accept	CRISPOR	rejected_side	reject	GTGCCCGGCCTGGGGGAAGGCGG	70.6938
present_v_absent	accept	CRISPOR	rejected_side	reject	TGCCCGGCCTGGGGGAAGGCGGG	110.8382
present_v_absent	accept	CRISPOR	rejected_side	reject	TTAGTATATTTCCCTTGGGAGGG	1.0
present_v_absent	accept	CRISPOR	accepted	accept	AATGGCGGACGGCGCTGTTAAGG	1.0
present_v_absent	accept	CRISPOR	rejected_side	reject	GAGAGGAGCAGGAAGAGTGGTGG	5.4396
present_v_absent	accept	CRISPOR	accepted	accept	ACATTGTACTCTAGGTACATCGG	1.0
present_v_absent	accept	CRISPOR	rejected_side	reject	TACCTTGTGTATGGTGAAAGAGG	1.3846
present_v_absent	accept	CRISPOR	accepted	accept	GCCCAGCAGAAGCGTCATCCTGG	1.8667
present_v_absent	accept	CRISPOR	accepted	accept	TTCCTCACAGACCAACAAAAGGG	1.0
present_v_absent	accept	CRISPOR	accepted	accept	GTGCGCTCAACAAAGATAGCTGG	1.0
present_v_absent	accept	CRISPOR	accepted	accept	GTGCAGATCAACCCTATTCCTGG	571.9571
present_v_absent	accept	CRISPOR	rejected_side	reject	GCGTGGAGGTCCCGGTCGAGAGG	13.1234
present_v_absent	accept	CRISPOR	accepted	accept	TCTCGACTTCCTGGGTTCTATGG	2.0
present_v_absent	accept	CRISPOR	rejected_side	reject	TAATCCCGAAGATCCCACCAAGG	21.2025
present_v_absent	accept	GuideScan2	rejected_side	not_generated	TCTAAGAGGAGCACAAAACATGG	1.0
present_v_absent	accept	GuideScan2	rejected_side	not_generated	CTTTATACTAATTGTCTAAGAGG	1.0
present_v_absent	accept	GuideScan2	rejected_side	not_generated	CTTAGACAATTAGTATAAAGAGG	1.0
present_v_absent	accept	GuideScan2	rejected_side	not_generated	GCTGCAGTGGACCACATCGAGGG	45.6786
present_v_absent	accept	GuideScan2	rejected_side	not_generated	AAAGCATGTGAGAATCTGAAGGG	1.0
present_v_absent	accept	GuideScan2	rejected_side	not_generated	CACCCGGCTCGCGAGGGGAGAGG	1.0
present_v_absent	accept	GuideScan2	rejected_side	not_generated	GGCGACACCCGGCTCGCGAGGGG	1.0
present_v_absent	accept	GuideScan2	rejected_side	not_generated	CGGCGACACCCGGCTCGCGAGGG	1.0
present_v_absent	accept	GuideScan2	rejected_side	not_generated	GCGGCGACACCCGGCTCGCGAGG	1.0
present_v_absent	accept	GuideScan2	rejected_side	not_generated	GGACGGGCGGCGGCGACACCCGG	34.0909
present_v_absent	accept	GuideScan2	rejected_side	not_generated	ACTTCTCGCCTTCTATGACAGGG	1.4211
present_v_absent	accept	GuideScan2	rejected_side	not_generated	CACTTCTCGCCTTCTATGACAGG	1.4286
present_v_absent	accept	GuideScan2	rejected_side	not_generated	CTGTCATAGAAGGCGAGAAGTGG	1.619
present_v_absent	accept	GuideScan2	rejected_side	not_generated	CATAGAAGGCGAGAAGTGGTCGG	1.6
present_v_absent	accept	GuideScan2	rejected_side	not_generated	AGAAGTGGTCGGCGACGAAGTGG	1.7647
present_v_absent	accept	GuideScan2	rejected_side	not_generated	CTCCTTGCACTGGCTCTCTCAGG	2.2146
present_v_absent	accept	GuideScan2	rejected_side	not_generated	CTCGTCCACCGTCACGTACCCGG	4.4545
present_v_absent	accept	GuideScan2	rejected_side	not_generated	CTGGTCGTTCTGGGGTTGGCCGG	1.0
present_v_absent	accept	GuideScan2	rejected_side	not_generated	CTCTCGGTCGCCGGTCTTGCCGG	1.0
present_v_absent	accept	GuideScan2	rejected_side	not_generated	TCGCCGGTCTTGCCGGCCCTCGG	1.0
present_v_absent	accept	GuideScan2	rejected_side	not_generated	CGGCCGAGGGCCGGCAAGACCGG	14.0
present_v_absent	accept	GuideScan2	rejected_side	not_generated	CGGGACAATGAGCGAGGCAGCGG	1.0
present_v_absent	accept	GuideScan2	rejected_side	not_generated	CTCGAACGGGACAATGAGCGAGG	1.0
present_v_absent	accept	GuideScan2	rejected_side	not_generated	TCAGAACTCAGAGGAGAAGATGG	3.7218
present_v_absent	accept	GuideScan2	rejected_side	not_generated	CAAAGCCAGGACGCAGCTCAAGG	1.0
present_v_absent	accept	GuideScan2	rejected_side	not_generated	AAAGCCAGGACGCAGCTCAAGGG	1.0
present_v_absent	accept	GuideScan2	rejected_side	not_generated	TCACATCAATACGTCCCATCAGG	1.5065
present_v_absent	accept	GuideScan2	rejected_side	not_generated	GATGGGACGTATTGATGTGAAGG	1.0
present_v_absent	accept	GuideScan2	rejected_side	not_generated	TATGTGCTCTAAACCATTCATGG	2.0
present_v_absent	accept	GuideScan2	rejected_side	not_generated	TGGGAATCCTAGTCCTGCAATGG	1.0
present_v_absent	accept	GuideScan2	rejected_side	not_generated	GGGAATCCTAGTCCTGCAATGGG	1.0
present_v_absent	accept	GuideScan2	rejected_side	not_generated	CTCGAAGTCGAGGTCCGTCTCGG	3.2569
present_v_absent	accept	GuideScan2	rejected_side	not_generated	GGAAGAGGAGGAGGAGGGCGAGG	58.3208
present_v_absent	accept	GuideScan2	rejected_side	not_generated	GAAGAGGAGGAGGAGGGCGAGGG	23.1074
present_v_absent	accept	GuideScan2	rejected_side	not_generated	GACCAAGAAGAAAACTGCAGCGG	507.4497
present_v_absent	accept	GuideScan2	rejected_side	not_generated	TCGGACCAGAGTACTTGGCACGG	1.0
present_v_absent	accept	GuideScan2	rejected_side	not_generated	ACTCGCCGTGCCAAGTACTCTGG	1.0
present_v_absent	accept	GuideScan2	rejected_side	not_generated	GCAGGTTGCAAATTACTGTCGGG	1.0
present_v_absent	accept	GuideScan2	rejected_side	not_generated	AAAGAGGAGTTTCTCAGTGAAGG	200.4273
present_v_absent	accept	GuideScan2	rejected_side	not_generated	GTATGTCATATGTTGTATAATGG	1.0
present_v_absent	accept	GuideScan2	rejected_side	not_generated	GCAATTGATCCAATATTTCCTGG	2.0
present_v_absent	accept	GuideScan2	rejected_side	not_generated	TGATGTTTGGGGTCTTACTCTGG	1.0
present_v_absent	accept	GuideScan2	rejected_side	not_generated	ACGAACATCATGCTCACCACCGG	1.0
present_v_absent	accept	GuideScan2	rejected_side	not_generated	CGAACATCATGCTCACCACCGGG	1.0
present_v_absent	accept	GuideScan2	rejected_side	not_generated	CTCACCACCGGGCCGTACAACGG	1.0
present_v_absent	accept	GuideScan2	rejected_side	not_generated	GGTGGCCTCGCACATGAGCCTGG	2.0
present_v_absent	accept	GuideScan2	rejected_side	not_generated	GTGCCCGGCCTGGGGGAAGGCGG	70.6938
present_v_absent	accept	GuideScan2	rejected_side	not_generated	TGCCCGGCCTGGGGGAAGGCGGG	110.8382
present_v_absent	accept	GuideScan2	rejected_side	not_generated	TTAGTATATTTCCCTTGGGAGGG	1.0
present_v_absent	accept	GuideScan2	rejected_side	not_generated	AATGGCGGACGGCGCTGTTAAGG	1.0
present_v_absent	accept	GuideScan2	rejected_side	not_generated	GAGAGGAGCAGGAAGAGTGGTGG	5.4396
present_v_absent	accept	GuideScan2	rejected_side	not_generated	ACATTGTACTCTAGGTACATCGG	1.0
present_v_absent	accept	GuideScan2	rejected_side	not_generated	TACCTTGTGTATGGTGAAAGAGG	1.3846
present_v_absent	accept	GuideScan2	rejected_side	not_generated	GCCCAGCAGAAGCGTCATCCTGG	1.8667
present_v_absent	accept	GuideScan2	rejected_side	not_generated	TTCCTCACAGACCAACAAAAGGG	1.0
present_v_absent	accept	GuideScan2	rejected_side	not_generated	GTGCGCTCAACAAAGATAGCTGG	1.0
present_v_absent	accept	GuideScan2	rejected_side	not_generated	GTGCAGATCAACCCTATTCCTGG	571.9571
present_v_absent	accept	GuideScan2	rejected_side	not_generated	GCGTGGAGGTCCCGGTCGAGAGG	13.1234
present_v_absent	accept	GuideScan2	rejected_side	not_generated	TCTCGACTTCCTGGGTTCTATGG	2.0
present_v_absent	accept	GuideScan2	rejected_side	not_generated	TAATCCCGAAGATCCCACCAAGG	21.2025
