class	truth	tool	group	verdict	guide	cfd_cuts
multiple_v_single	reject	kRISP-meR	rejected_side	not_generated	CTCTGTAATCCTAACACTTTGGG	3289.4129
multiple_v_single	reject	kRISP-meR	rejected_side	reject	CTGCCGCTTCCAGAAGTGCCTGG	3.7564
multiple_v_single	reject	kRISP-meR	rejected_side	not_generated	GGAGGAAGAAGAGGAGGACGTGG	69.5656
multiple_v_single	reject	kRISP-meR	rejected_side	reject	CGAGGCTCTAAAAGAGAGGGCGG	4.4
multiple_v_single	reject	kRISP-meR	rejected_side	reject	AAAAGAGAGGGCGGATTCCCTGG	3.9613
multiple_v_single	reject	kRISP-meR	rejected_side	reject	GAGGGCGGATTCCCTGGCCAAGG	4.5809
multiple_v_single	reject	kRISP-meR	rejected_side	reject	ACAGAGAGCAGCAGAAACTCTGG	2.0
multiple_v_single	reject	kRISP-meR	rejected_side	reject	TCCAGTCCTACGGAGCCCCACGG	2.0
multiple_v_single	reject	kRISP-meR	rejected_side	reject	CCAGTCCTACGGAGCCCCACGGG	2.0
multiple_v_single	reject	kRISP-meR	rejected_side	reject	CAGTCCTACGGAGCCCCACGGGG	2.0
multiple_v_single	reject	kRISP-meR	rejected_side	reject	AGTCCTACGGAGCCCCACGGGGG	2.0
multiple_v_single	reject	kRISP-meR	rejected_side	reject	GTCCTACGGAGCCCCACGGGGGG	2.0
multiple_v_single	reject	kRISP-meR	rejected_side	reject	TTTTGCCCTGGAAGAGTTCTGGG	2.3636
multiple_v_single	reject	kRISP-meR	rejected_side	reject	AATCAAATCTTGAAAGACATAGG	20.9811
multiple_v_single	reject	kRISP-meR	rejected_side	reject	ACAAATGCTGTGTCCTCATATGG	55.7488
multiple_v_single	reject	kRISP-meR	rejected_side	not_generated	GCGGGGGCGGGGGCGGCGGCGGG	294.5722
multiple_v_single	reject	kRISP-meR	rejected_side	not_generated	CGGGGGCGGGGGCGGCGGCGGGG	125.8626
multiple_v_single	reject	kRISP-meR	rejected_side	not_generated	GGCGGCGGCGGAGGCGGGGGCGG	391.5058
multiple_v_single	reject	kRISP-meR	rejected_side	not_generated	GCGGCGGCGGAGGCGGGGGCGGG	159.7536
multiple_v_single	reject	kRISP-meR	rejected_side	not_generated	CGGCGGCGGAGGCGGGGGCGGGG	141.2728
multiple_v_single	reject	kRISP-meR	rejected_side	reject	AGGAGTTGATGATCTCAATGTGG	2.4286
multiple_v_single	reject	kRISP-meR	rejected_side	reject	ATTGAGATCATCAACTCCTAAGG	2.0
multiple_v_single	reject	kRISP-meR	rejected_side	reject	TTGAGATCATCAACTCCTAAGGG	2.0
multiple_v_single	reject	kRISP-meR	rejected_side	reject	GATCATCAACTCCTAAGGGCTGG	2.4
multiple_v_single	reject	kRISP-meR	rejected_side	reject	ACTCCTAAGGGCTGGCAAGAAGG	2.0
multiple_v_single	reject	kRISP-meR	rejected_side	reject	CTCCTAAGGGCTGGCAAGAAGGG	2.0
multiple_v_single	reject	kRISP-meR	rejected_side	reject	TGCCCTTCTTGCCAGCCCTTAGG	2.0
multiple_v_single	reject	kRISP-meR	rejected_side	reject	GTGTCTACTGTCCCTATTAAAGG	2.0
multiple_v_single	reject	kRISP-meR	rejected_side	reject	TCCCTATTAAAGGTCTAACCTGG	2.0
multiple_v_single	reject	kRISP-meR	rejected_side	reject	ACCAGGTTAGACCTTTAATAGGG	2.4167
multiple_v_single	reject	kRISP-meR	rejected_side	not_generated	TTTTTTTTTTTTTTATGAGTAGG	1417.8733
multiple_v_single	reject	kRISP-meR	rejected_side	not_generated	CAATTTCCCTCTTGTTGCCCAGG	1203.3606
multiple_v_single	reject	kRISP-meR	rejected_side	reject	AAGAGGAATATGAACTAGAACGG	3.1333
multiple_v_single	reject	kRISP-meR	rejected_side	reject	CAATGATGAAAAACTGAAGGAGG	2.7253
multiple_v_single	reject	kRISP-meR	rejected_side	not_generated	AAGAATGGTTTGAATCCAGGAGG	493.3327
multiple_v_single	reject	kRISP-meR	rejected_side	reject	TCTTGTCATTTATGAAAACATGG	56.6541
multiple_v_single	reject	kRISP-meR	rejected_side	not_generated	AAGGCACATGCCACTACGCCTGG	354.5277
multiple_v_single	reject	kRISP-meR	rejected_side	reject	GTTCAGTGGGAGAGAGGGAGGGG	2.6795
multiple_v_single	reject	kRISP-meR	rejected_side	reject	GGTTCAGTGGGAGAGAGGGAGGG	4.366
multiple_v_single	reject	kRISP-meR	rejected_side	reject	GATAATAATACTTACCTCATAGG	76.6188
multiple_v_single	reject	kRISP-meR	rejected_side	reject	GGGGCGGCGGCATCCGGGGTGGG	2.09
multiple_v_single	reject	kRISP-meR	rejected_side	reject	GGGGGCGGCGGCATCCGGGGTGG	2.3333
multiple_v_single	reject	kRISP-meR	rejected_side	reject	CCCCGGATGCCGCCGCCCCCAGG	3.0
multiple_v_single	reject	kRISP-meR	rejected_side	not_generated	TGTAAGCCCATCTACTTGGGAGG	11895.905
multiple_v_single	reject	kRISP-meR	rejected_side	not_generated	TCCCAAGTAGATGGGCTTACAGG	514.8485
multiple_v_single	reject	kRISP-meR	rejected_side	reject	AATATTTATGCTCTTTAGAATGG	2.0762
multiple_v_single	reject	kRISP-meR	rejected_side	reject	ATCTGAACCAATAACCTGTGTGG	2.0
multiple_v_single	reject	kRISP-meR	rejected_side	not_generated	TGTAATTTGAGAGGCTGAGGTGG	126.1159
multiple_v_single	reject	kRISP-meR	rejected_side	not_generated	TCACCTGAGCCCAGGAGTTCTGG	1045.9072
multiple_v_single	reject	kRISP-meR	rejected_side	reject	AAGTGTATGTTTAACTTTATAGG	180.5015
multiple_v_single	reject	kRISP-meR	rejected_side	not_generated	CATGAGATCTGCTTGTTTAAAGG	635.1844
multiple_v_single	reject	kRISP-meR	rejected_side	reject	CTCTGCAGAGGGAAACTGGGTGG	3.8995
multiple_v_single	reject	kRISP-meR	rejected_side	reject	CACCCAGTTTCCCTCTGCAGAGG	4.1681
multiple_v_single	reject	kRISP-meR	rejected_side	reject	AAGCTTGTGGCCGGGTGCAGTGG	52.592
multiple_v_single	reject	kRISP-meR	rejected_side	not_generated	AATAATTTGGCCGGGCGCAGTGG	294.6649
multiple_v_single	reject	kRISP-meR	rejected_side	not_generated	TTGTACAGATGAGAAAATTGAGG	488.7186
multiple_v_single	reject	kRISP-meR	rejected_side	reject	GAGGCCTGGGCAGGGGCACCTGG	4.03
multiple_v_single	reject	kRISP-meR	rejected_side	reject	AGCTCTTGCAGAAGCCTTAAAGG	2.0
multiple_v_single	reject	kRISP-meR	rejected_side	reject	TGTAAGGGAGACTTCCTTTAAGG	2.0
multiple_v_single	reject	kRISP-meR	rejected_side	reject	AAAGGAAGTCTCCCTTACAAAGG	2.0
multiple_v_single	reject	kRISP-meR	rejected_side	reject	TGCGCGGGCTGAGGCTGGCGCGG	2.0
multiple_v_single	reject	kRISP-meR	rejected_side	reject	CATTCTGCGCGGGCTGAGGCTGG	2.0
multiple_v_single	reject	kRISP-meR	rejected_side	reject	AGCACATTCTGCGCGGGCTGAGG	2.0
multiple_v_single	reject	kRISP-meR	rejected_side	reject	GCTTGGGGCTCGAAGCCGCGGGG	2.0
multiple_v_single	reject	kRISP-meR	rejected_side	reject	AGCTTGGGGCTCGAAGCCGCGGG	2.0
multiple_v_single	reject	kRISP-meR	rejected_side	reject	GAGCTTGGGGCTCGAAGCCGCGG	2.0
multiple_v_single	reject	kRISP-meR	rejected_side	reject	CTTCGAGCCCCAAGCTCCCGAGG	2.0
multiple_v_single	reject	kRISP-meR	rejected_side	reject	GCCCCAAGCTCCCGAGGACTTGG	2.0
multiple_v_single	reject	kRISP-meR	rejected_side	reject	GCCAAGTCCTCGGGAGCTTGGGG	2.0
multiple_v_single	reject	kRISP-meR	rejected_side	reject	CGCCAAGTCCTCGGGAGCTTGGG	2.0
multiple_v_single	reject	kRISP-meR	rejected_side	reject	GCGCCAAGTCCTCGGGAGCTTGG	2.0
multiple_v_single	reject	kRISP-meR	rejected_side	reject	CTCCCGAGGACTTGGCGCAGCGG	2.0
multiple_v_single	reject	kRISP-meR	rejected_side	reject	CTCCGCTGCGCCAAGTCCTCGGG	2.0
multiple_v_single	reject	kRISP-meR	rejected_side	reject	ACTCCGCTGCGCCAAGTCCTCGG	2.0
multiple_v_single	reject	kRISP-meR	rejected_side	reject	GGACTTGGCGCAGCGGAGTTTGG	2.3769
multiple_v_single	reject	kRISP-meR	rejected_side	reject	CTTGGCGCAGCGGAGTTTGGTGG	2.0
multiple_v_single	reject	kRISP-meR	rejected_side	reject	AGCGGAGTTTGGTGGAGCTGCGG	2.0
multiple_v_single	reject	kRISP-meR	rejected_side	reject	GCGGAGTTTGGTGGAGCTGCGGG	2.0
multiple_v_single	reject	kRISP-meR	rejected_side	reject	CGTTGCGCAAAAGTCTCTCCTGG	2.0
multiple_v_single	reject	kRISP-meR	rejected_side	reject	GGCGATTCTCCTGAGTAGCTGGG	132.2573
multiple_v_single	reject	kRISP-meR	rejected_side	not_generated	GAGAGGGGCAGAGGGAGAGAGGG	199.1336
multiple_v_single	reject	kRISP-meR	rejected_side	not_generated	ACGGAGAGAGACAGAGACAGAGG	151.8608
multiple_v_single	reject	kRISP-meR	rejected_side	reject	CAGGGCACCCTGAAAGGATCAGG	12.2308
multiple_v_single	reject	kRISP-meR	rejected_side	reject	CGCATGTCCTGATCCTTTCAGGG	25.8356
multiple_v_single	reject	kRISP-meR	rejected_side	reject	CCTGAAAGGATCAGGACATGCGG	10.6923
multiple_v_single	reject	kRISP-meR	rejected_side	not_generated	GACCACCAGGTTGCCTGAAGAGG	17.8853
multiple_v_single	reject	kRISP-meR	rejected_side	not_generated	ACCACCAGGTTGCCTGAAGAGGG	19.8207
multiple_v_single	reject	kRISP-meR	rejected_side	not_generated	AGAGGAGGAGGATGAGGAGGAGG	1724.9717
multiple_v_single	reject	kRISP-meR	rejected_side	reject	TAATGTCCTGCTCTGCCCAAAGG	2.0
multiple_v_single	reject	kRISP-meR	accepted	accept	GGCCTCCCAGTTCACATCAGTGG	2.0
multiple_v_single	reject	kRISP-meR	accepted	accept	GCCTCCCAGTTCACATCAGTGGG	2.0
multiple_v_single	reject	kRISP-meR	accepted	accept	ACCCACTGATGTGAACTGGGAGG	2.0
multiple_v_single	reject	kRISP-meR	rejected_side	reject	AGAACCCACTGATGTGAACTGGG	2.1839
multiple_v_single	reject	kRISP-meR	rejected_side	reject	AAGAACCCACTGATGTGAACTGG	2.0
multiple_v_single	reject	kRISP-meR	rejected_side	reject	GTTCACATCAGTGGGTTCTTTGG	2.0
multiple_v_single	reject	kRISP-meR	rejected_side	reject	ACAGACCACACATATGATGGTGG	52.4975
multiple_v_single	reject	kRISP-meR	rejected_side	reject	AGTATTGACTCCTAAGGAGCAGG	2.5156
multiple_v_single	reject	kRISP-meR	rejected_side	reject	ATTGACTCCTAAGGAGCAGGAGG	2.543
multiple_v_single	reject	kRISP-meR	rejected_side	reject	ACACTACCCTAGGGAATACCTGG	3.8119
multiple_v_single	reject	kRISP-meR	rejected_side	reject	GGGAATCCAGGTATTCCCTAGGG	3.0
multiple_v_single	reject	kRISP-meR	rejected_side	reject	GGGGAATCCAGGTATTCCCTAGG	3.0
multiple_v_single	reject	kRISP-meR	rejected_side	reject	AGAATGAATGCTACAGTATGTGG	3.1538
multiple_v_single	reject	kRISP-meR	rejected_side	reject	TCCTCATCTTCCTGCTTTGCTGG	4.0152
multiple_v_single	reject	kRISP-meR	rejected_side	reject	GCCAGCAAAGCAGGAAGATGAGG	2.1765
multiple_v_single	reject	kRISP-meR	rejected_side	reject	TGTAGGGCAGCCAGCAAAGCAGG	3.5795
multiple_v_single	reject	kRISP-meR	rejected_side	reject	TTGCTGGCTGCCCTACAACCTGG	3.0
multiple_v_single	reject	kRISP-meR	rejected_side	not_generated	TCTTCTTTTTTTTTTTGAGAGGG	8026.9526
multiple_v_single	reject	kRISP-meR	rejected_side	not_generated	TTCTTTTTTTTTTTGAGAGGGGG	1693.9239
multiple_v_single	reject	kRISP-meR	rejected_side	reject	AGCACAGTTCAGTCCTAAAAGGG	5.0
multiple_v_single	reject	kRISP-meR	rejected_side	reject	CAGCATCACCAGGATCTGGAAGG	6.2306
multiple_v_single	reject	kRISP-meR	rejected_side	reject	CTTCCAGATCCTGGTGATGCTGG	5.9312
multiple_v_single	reject	kRISP-meR	rejected_side	reject	AGGATGAGAATGGAGGGAAGAGG	4.3708
multiple_v_single	reject	kRISP-meR	rejected_side	reject	AAAATAAAAATAAAAATAACGGG	124.8117
multiple_v_single	reject	kRISP-meR	rejected_side	not_generated	AAAAATAAAAATAAAAATAACGG	924.3511
multiple_v_single	reject	kRISP-meR	rejected_side	reject	CATCAGAGAAGGCTTCCTGGTGG	41.3127
multiple_v_single	reject	kRISP-meR	rejected_side	not_generated	CAGAGAAGGCTTCCTGGTGGAGG	112.5367
multiple_v_single	reject	CRISPOR	rejected_side	reject	CTCTGTAATCCTAACACTTTGGG	3289.4129
multiple_v_single	reject	CRISPOR	rejected_side	reject	CTGCCGCTTCCAGAAGTGCCTGG	3.7564
multiple_v_single	reject	CRISPOR	rejected_side	reject	GGAGGAAGAAGAGGAGGACGTGG	69.5656
multiple_v_single	reject	CRISPOR	accepted	accept	CGAGGCTCTAAAAGAGAGGGCGG	4.4
multiple_v_single	reject	CRISPOR	accepted	accept	AAAAGAGAGGGCGGATTCCCTGG	3.9613
multiple_v_single	reject	CRISPOR	rejected_side	reject	GAGGGCGGATTCCCTGGCCAAGG	4.5809
multiple_v_single	reject	CRISPOR	rejected_side	reject	ACAGAGAGCAGCAGAAACTCTGG	2.0
multiple_v_single	reject	CRISPOR	accepted	accept	TCCAGTCCTACGGAGCCCCACGG	2.0
multiple_v_single	reject	CRISPOR	accepted	accept	CCAGTCCTACGGAGCCCCACGGG	2.0
multiple_v_single	reject	CRISPOR	accepted	accept	CAGTCCTACGGAGCCCCACGGGG	2.0
multiple_v_single	reject	CRISPOR	accepted	accept	AGTCCTACGGAGCCCCACGGGGG	2.0
multiple_v_single	reject	CRISPOR	accepted	accept	GTCCTACGGAGCCCCACGGGGGG	2.0
multiple_v_single	reject	CRISPOR	rejected_side	reject	TTTTGCCCTGGAAGAGTTCTGGG	2.3636
multiple_v_single	reject	CRISPOR	rejected_side	reject	AATCAAATCTTGAAAGACATAGG	20.9811
multiple_v_single	reject	CRISPOR	rejected_side	reject	ACAAATGCTGTGTCCTCATATGG	55.7488
multiple_v_single	reject	CRISPOR	rejected_side	reject	GCGGGGGCGGGGGCGGCGGCGGG	294.5722
multiple_v_single	reject	CRISPOR	rejected_side	reject	CGGGGGCGGGGGCGGCGGCGGGG	125.8626
multiple_v_single	reject	CRISPOR	rejected_side	reject	GGCGGCGGCGGAGGCGGGGGCGG	391.5058
multiple_v_single	reject	CRISPOR	rejected_side	reject	GCGGCGGCGGAGGCGGGGGCGGG	159.7536
multiple_v_single	reject	CRISPOR	rejected_side	reject	CGGCGGCGGAGGCGGGGGCGGGG	141.2728
multiple_v_single	reject	CRISPOR	accepted	accept	AGGAGTTGATGATCTCAATGTGG	2.4286
multiple_v_single	reject	CRISPOR	accepted	accept	ATTGAGATCATCAACTCCTAAGG	2.0
multiple_v_single	reject	CRISPOR	accepted	accept	TTGAGATCATCAACTCCTAAGGG	2.0
multiple_v_single	reject	CRISPOR	accepted	accept	GATCATCAACTCCTAAGGGCTGG	2.4
multiple_v_single	reject	CRISPOR	accepted	accept	ACTCCTAAGGGCTGGCAAGAAGG	2.0
multiple_v_single	reject	CRISPOR	accepted	accept	CTCCTAAGGGCTGGCAAGAAGGG	2.0
multiple_v_single	reject	CRISPOR	accepted	accept	TGCCCTTCTTGCCAGCCCTTAGG	2.0
multiple_v_single	reject	CRISPOR	accepted	accept	GTGTCTACTGTCCCTATTAAAGG	2.0
multiple_v_single	reject	CRISPOR	accepted	accept	TCCCTATTAAAGGTCTAACCTGG	2.0
multiple_v_single	reject	CRISPOR	accepted	accept	ACCAGGTTAGACCTTTAATAGGG	2.4167
multiple_v_single	reject	CRISPOR	rejected_side	reject	TTTTTTTTTTTTTTATGAGTAGG	1417.8733
multiple_v_single	reject	CRISPOR	rejected_side	reject	CAATTTCCCTCTTGTTGCCCAGG	1203.3606
multiple_v_single	reject	CRISPOR	accepted	accept	AAGAGGAATATGAACTAGAACGG	3.1333
multiple_v_single	reject	CRISPOR	accepted	accept	CAATGATGAAAAACTGAAGGAGG	2.7253
multiple_v_single	reject	CRISPOR	rejected_side	reject	AAGAATGGTTTGAATCCAGGAGG	493.3327
multiple_v_single	reject	CRISPOR	rejected_side	reject	TCTTGTCATTTATGAAAACATGG	56.6541
multiple_v_single	reject	CRISPOR	rejected_side	reject	AAGGCACATGCCACTACGCCTGG	354.5277
multiple_v_single	reject	CRISPOR	rejected_side	reject	GTTCAGTGGGAGAGAGGGAGGGG	2.6795
multiple_v_single	reject	CRISPOR	rejected_side	reject	GGTTCAGTGGGAGAGAGGGAGGG	4.366
multiple_v_single	reject	CRISPOR	rejected_side	reject	GATAATAATACTTACCTCATAGG	76.6188
multiple_v_single	reject	CRISPOR	accepted	accept	GGGGCGGCGGCATCCGGGGTGGG	2.09
multiple_v_single	reject	CRISPOR	accepted	accept	GGGGGCGGCGGCATCCGGGGTGG	2.3333
multiple_v_single	reject	CRISPOR	accepted	accept	CCCCGGATGCCGCCGCCCCCAGG	3.0
multiple_v_single	reject	CRISPOR	rejected_side	reject	TGTAAGCCCATCTACTTGGGAGG	11895.905
multiple_v_single	reject	CRISPOR	rejected_side	reject	TCCCAAGTAGATGGGCTTACAGG	514.8485
multiple_v_single	reject	CRISPOR	accepted	accept	AATATTTATGCTCTTTAGAATGG	2.0762
multiple_v_single	reject	CRISPOR	accepted	accept	ATCTGAACCAATAACCTGTGTGG	2.0
multiple_v_single	reject	CRISPOR	rejected_side	reject	TGTAATTTGAGAGGCTGAGGTGG	126.1159
multiple_v_single	reject	CRISPOR	rejected_side	reject	TCACCTGAGCCCAGGAGTTCTGG	1045.9072
multiple_v_single	reject	CRISPOR	rejected_side	reject	AAGTGTATGTTTAACTTTATAGG	180.5015
multiple_v_single	reject	CRISPOR	rejected_side	reject	CATGAGATCTGCTTGTTTAAAGG	635.1844
multiple_v_single	reject	CRISPOR	rejected_side	reject	CTCTGCAGAGGGAAACTGGGTGG	3.8995
multiple_v_single	reject	CRISPOR	accepted	accept	CACCCAGTTTCCCTCTGCAGAGG	4.1681
multiple_v_single	reject	CRISPOR	rejected_side	reject	AAGCTTGTGGCCGGGTGCAGTGG	52.592
multiple_v_single	reject	CRISPOR	rejected_side	reject	AATAATTTGGCCGGGCGCAGTGG	294.6649
multiple_v_single	reject	CRISPOR	rejected_side	reject	TTGTACAGATGAGAAAATTGAGG	488.7186
multiple_v_single	reject	CRISPOR	rejected_side	reject	GAGGCCTGGGCAGGGGCACCTGG	4.03
multiple_v_single	reject	CRISPOR	accepted	accept	AGCTCTTGCAGAAGCCTTAAAGG	2.0
multiple_v_single	reject	CRISPOR	accepted	accept	TGTAAGGGAGACTTCCTTTAAGG	2.0
multiple_v_single	reject	CRISPOR	accepted	accept	AAAGGAAGTCTCCCTTACAAAGG	2.0
multiple_v_single	reject	CRISPOR	accepted	accept	TGCGCGGGCTGAGGCTGGCGCGG	2.0
multiple_v_single	reject	CRISPOR	rejected_side	reject	CATTCTGCGCGGGCTGAGGCTGG	2.0
multiple_v_single	reject	CRISPOR	accepted	accept	AGCACATTCTGCGCGGGCTGAGG	2.0
multiple_v_single	reject	CRISPOR	accepted	accept	GCTTGGGGCTCGAAGCCGCGGGG	2.0
multiple_v_single	reject	CRISPOR	accepted	accept	AGCTTGGGGCTCGAAGCCGCGGG	2.0
multiple_v_single	reject	CRISPOR	accepted	accept	GAGCTTGGGGCTCGAAGCCGCGG	2.0
multiple_v_single	reject	CRISPOR	accepted	accept	CTTCGAGCCCCAAGCTCCCGAGG	2.0
multiple_v_single	reject	CRISPOR	accepted	accept	GCCCCAAGCTCCCGAGGACTTGG	2.0
multiple_v_single	reject	CRISPOR	rejected_side	reject	GCCAAGTCCTCGGGAGCTTGGGG	2.0
multiple_v_single	reject	CRISPOR	accepted	accept	CGCCAAGTCCTCGGGAGCTTGGG	2.0
multiple_v_single	reject	CRISPOR	accepted	accept	GCGCCAAGTCCTCGGGAGCTTGG	2.0
multiple_v_single	reject	CRISPOR	accepted	accept	CTCCCGAGGACTTGGCGCAGCGG	2.0
multiple_v_single	reject	CRISPOR	accepted	accept	CTCCGCTGCGCCAAGTCCTCGGG	2.0
multiple_v_single	reject	CRISPOR	accepted	accept	ACTCCGCTGCGCCAAGTCCTCGG	2.0
multiple_v_single	reject	CRISPOR	accepted	accept	GGACTTGGCGCAGCGGAGTTTGG	2.3769
multiple_v_single	reject	CRISPOR	accepted	accept	CTTGGCGCAGCGGAGTTTGGTGG	2.0
multiple_v_single	reject	CRISPOR	accepted	accept	AGCGGAGTTTGGTGGAGCTGCGG	2.0
multiple_v_single	reject	CRISPOR	accepted	accept	GCGGAGTTTGGTGGAGCTGCGGG	2.0
multiple_v_single	reject	CRISPOR	accepted	accept	CGTTGCGCAAAAGTCTCTCCTGG	2.0
multiple_v_single	reject	CRISPOR	rejected_side	reject	GGCGATTCTCCTGAGTAGCTGGG	132.2573
multiple_v_single	reject	CRISPOR	rejected_side	reject	GAGAGGGGCAGAGGGAGAGAGGG	199.1336
multiple_v_single	reject	CRISPOR	rejected_side	reject	ACGGAGAGAGACAGAGACAGAGG	151.8608
multiple_v_single	reject	CRISPOR	accepted	accept	CAGGGCACCCTGAAAGGATCAGG	12.2308
multiple_v_single	reject	CRISPOR	rejected_side	reject	CGCATGTCCTGATCCTTTCAGGG	25.8356
multiple_v_single	reject	CRISPOR	rejected_side	reject	CCTGAAAGGATCAGGACATGCGG	10.6923
multiple_v_single	reject	CRISPOR	rejected_side	reject	GACCACCAGGTTGCCTGAAGAGG	17.8853
multiple_v_single	reject	CRISPOR	rejected_side	reject	ACCACCAGGTTGCCTGAAGAGGG	19.8207
multiple_v_single	reject	CRISPOR	rejected_side	reject	AGAGGAGGAGGATGAGGAGGAGG	1724.9717
multiple_v_single	reject	CRISPOR	rejected_side	reject	TAATGTCCTGCTCTGCCCAAAGG	2.0
multiple_v_single	reject	CRISPOR	accepted	accept	GGCCTCCCAGTTCACATCAGTGG	2.0
multiple_v_single	reject	CRISPOR	accepted	accept	GCCTCCCAGTTCACATCAGTGGG	2.0
multiple_v_single	reject	CRISPOR	accepted	accept	ACCCACTGATGTGAACTGGGAGG	2.0
multiple_v_single	reject	CRISPOR	accepted	accept	AGAACCCACTGATGTGAACTGGG	2.1839
multiple_v_single	reject	CRISPOR	accepted	accept	AAGAACCCACTGATGTGAACTGG	2.0
multiple_v_single	reject	CRISPOR	accepted	accept	GTTCACATCAGTGGGTTCTTTGG	2.0
multiple_v_single	reject	CRISPOR	rejected_side	reject	ACAGACCACACATATGATGGTGG	52.4975
multiple_v_single	reject	CRISPOR	accepted	accept	AGTATTGACTCCTAAGGAGCAGG	2.5156
multiple_v_single	reject	CRISPOR	accepted	accept	ATTGACTCCTAAGGAGCAGGAGG	2.543
multiple_v_single	reject	CRISPOR	accepted	accept	ACACTACCCTAGGGAATACCTGG	3.8119
multiple_v_single	reject	CRISPOR	accepted	accept	GGGAATCCAGGTATTCCCTAGGG	3.0
multiple_v_single	reject	CRISPOR	accepted	accept	GGGGAATCCAGGTATTCCCTAGG	3.0
multiple_v_single	reject	CRISPOR	accepted	accept	AGAATGAATGCTACAGTATGTGG	3.1538
multiple_v_single	reject	CRISPOR	rejected_side	reject	TCCTCATCTTCCTGCTTTGCTGG	4.0152
multiple_v_single	reject	CRISPOR	rejected_side	reject	GCCAGCAAAGCAGGAAGATGAGG	2.1765
multiple_v_single	reject	CRISPOR	rejected_side	reject	TGTAGGGCAGCCAGCAAAGCAGG	3.5795
multiple_v_single	reject	CRISPOR	rejected_side	reject	TTGCTGGCTGCCCTACAACCTGG	3.0
multiple_v_single	reject	CRISPOR	rejected_side	reject	TCTTCTTTTTTTTTTTGAGAGGG	8026.9526
multiple_v_single	reject	CRISPOR	rejected_side	reject	TTCTTTTTTTTTTTGAGAGGGGG	1693.9239
multiple_v_single	reject	CRISPOR	accepted	accept	AGCACAGTTCAGTCCTAAAAGGG	5.0
multiple_v_single	reject	CRISPOR	rejected_side	reject	CAGCATCACCAGGATCTGGAAGG	6.2306
multiple_v_single	reject	CRISPOR	rejected_side	reject	CTTCCAGATCCTGGTGATGCTGG	5.9312
multiple_v_single	reject	CRISPOR	rejected_side	reject	AGGATGAGAATGGAGGGAAGAGG	4.3708
multiple_v_single	reject	CRISPOR	rejected_side	reject	AAAATAAAAATAAAAATAACGGG	124.8117
multiple_v_single	reject	CRISPOR	rejected_side	reject	AAAAATAAAAATAAAAATAACGG	924.3511
multiple_v_single	reject	CRISPOR	rejected_side	reject	CATCAGAGAAGGCTTCCTGGTGG	41.3127
multiple_v_single	reject	CRISPOR	rejected_side	reject	CAGAGAAGGCTTCCTGGTGGAGG	112.5367
multiple_v_single	reject	GuideScan2	rejected_side	reject	CTCTGTAATCCTAACACTTTGGG	3289.4129
multiple_v_single	reject	GuideScan2	accepted	accept	CTGCCGCTTCCAGAAGTGCCTGG	3.7564
multiple_v_single	reject	GuideScan2	rejected_side	reject	GGAGGAAGAAGAGGAGGACGTGG	69.5656
multiple_v_single	reject	GuideScan2	accepted	accept	CGAGGCTCTAAAAGAGAGGGCGG	4.4
multiple_v_single	reject	GuideScan2	accepted	accept	AAAAGAGAGGGCGGATTCCCTGG	3.9613
multiple_v_single	reject	GuideScan2	accepted	accept	GAGGGCGGATTCCCTGGCCAAGG	4.5809
multiple_v_single	reject	GuideScan2	accepted	accept	ACAGAGAGCAGCAGAAACTCTGG	2.0
multiple_v_single	reject	GuideScan2	accepted	accept	TCCAGTCCTACGGAGCCCCACGG	2.0
multiple_v_single	reject	GuideScan2	accepted	accept	CCAGTCCTACGGAGCCCCACGGG	2.0
multiple_v_single	reject	GuideScan2	accepted	accept	CAGTCCTACGGAGCCCCACGGGG	2.0
multiple_v_single	reject	GuideScan2	accepted	accept	AGTCCTACGGAGCCCCACGGGGG	2.0
multiple_v_single	reject	GuideScan2	accepted	accept	GTCCTACGGAGCCCCACGGGGGG	2.0
multiple_v_single	reject	GuideScan2	accepted	accept	TTTTGCCCTGGAAGAGTTCTGGG	2.3636
multiple_v_single	reject	GuideScan2	rejected_side	reject	AATCAAATCTTGAAAGACATAGG	20.9811
multiple_v_single	reject	GuideScan2	rejected_side	reject	ACAAATGCTGTGTCCTCATATGG	55.7488
multiple_v_single	reject	GuideScan2	rejected_side	reject	GCGGGGGCGGGGGCGGCGGCGGG	294.5722
multiple_v_single	reject	GuideScan2	rejected_side	reject	CGGGGGCGGGGGCGGCGGCGGGG	125.8626
multiple_v_single	reject	GuideScan2	rejected_side	reject	GGCGGCGGCGGAGGCGGGGGCGG	391.5058
multiple_v_single	reject	GuideScan2	rejected_side	reject	GCGGCGGCGGAGGCGGGGGCGGG	159.7536
multiple_v_single	reject	GuideScan2	rejected_side	reject	CGGCGGCGGAGGCGGGGGCGGGG	141.2728
multiple_v_single	reject	GuideScan2	accepted	accept	AGGAGTTGATGATCTCAATGTGG	2.4286
multiple_v_single	reject	GuideScan2	accepted	accept	ATTGAGATCATCAACTCCTAAGG	2.0
multiple_v_single	reject	GuideScan2	accepted	accept	TTGAGATCATCAACTCCTAAGGG	2.0
multiple_v_single	reject	GuideScan2	accepted	accept	GATCATCAACTCCTAAGGGCTGG	2.4
multiple_v_single	reject	GuideScan2	accepted	accept	ACTCCTAAGGGCTGGCAAGAAGG	2.0
multiple_v_single	reject	GuideScan2	accepted	accept	CTCCTAAGGGCTGGCAAGAAGGG	2.0
multiple_v_single	reject	GuideScan2	accepted	accept	TGCCCTTCTTGCCAGCCCTTAGG	2.0
multiple_v_single	reject	GuideScan2	accepted	accept	GTGTCTACTGTCCCTATTAAAGG	2.0
multiple_v_single	reject	GuideScan2	accepted	accept	TCCCTATTAAAGGTCTAACCTGG	2.0
multiple_v_single	reject	GuideScan2	accepted	accept	ACCAGGTTAGACCTTTAATAGGG	2.4167
multiple_v_single	reject	GuideScan2	rejected_side	reject	TTTTTTTTTTTTTTATGAGTAGG	1417.8733
multiple_v_single	reject	GuideScan2	rejected_side	reject	CAATTTCCCTCTTGTTGCCCAGG	1203.3606
multiple_v_single	reject	GuideScan2	accepted	accept	AAGAGGAATATGAACTAGAACGG	3.1333
multiple_v_single	reject	GuideScan2	accepted	accept	CAATGATGAAAAACTGAAGGAGG	2.7253
multiple_v_single	reject	GuideScan2	rejected_side	reject	AAGAATGGTTTGAATCCAGGAGG	493.3327
multiple_v_single	reject	GuideScan2	rejected_side	reject	TCTTGTCATTTATGAAAACATGG	56.6541
multiple_v_single	reject	GuideScan2	rejected_side	reject	AAGGCACATGCCACTACGCCTGG	354.5277
multiple_v_single	reject	GuideScan2	accepted	accept	GTTCAGTGGGAGAGAGGGAGGGG	2.6795
multiple_v_single	reject	GuideScan2	accepted	accept	GGTTCAGTGGGAGAGAGGGAGGG	4.366
multiple_v_single	reject	GuideScan2	rejected_side	reject	GATAATAATACTTACCTCATAGG	76.6188
multiple_v_single	reject	GuideScan2	accepted	accept	GGGGCGGCGGCATCCGGGGTGGG	2.09
multiple_v_single	reject	GuideScan2	accepted	accept	GGGGGCGGCGGCATCCGGGGTGG	2.3333
multiple_v_single	reject	GuideScan2	accepted	accept	CCCCGGATGCCGCCGCCCCCAGG	3.0
multiple_v_single	reject	GuideScan2	rejected_side	reject	TGTAAGCCCATCTACTTGGGAGG	11895.905
multiple_v_single	reject	GuideScan2	rejected_side	reject	TCCCAAGTAGATGGGCTTACAGG	514.8485
multiple_v_single	reject	GuideScan2	accepted	accept	AATATTTATGCTCTTTAGAATGG	2.0762
multiple_v_single	reject	GuideScan2	accepted	accept	ATCTGAACCAATAACCTGTGTGG	2.0
multiple_v_single	reject	GuideScan2	rejected_side	reject	TGTAATTTGAGAGGCTGAGGTGG	126.1159
multiple_v_single	reject	GuideScan2	rejected_side	reject	TCACCTGAGCCCAGGAGTTCTGG	1045.9072
multiple_v_single	reject	GuideScan2	rejected_side	reject	AAGTGTATGTTTAACTTTATAGG	180.5015
multiple_v_single	reject	GuideScan2	rejected_side	reject	CATGAGATCTGCTTGTTTAAAGG	635.1844
multiple_v_single	reject	GuideScan2	accepted	accept	CTCTGCAGAGGGAAACTGGGTGG	3.8995
multiple_v_single	reject	GuideScan2	accepted	accept	CACCCAGTTTCCCTCTGCAGAGG	4.1681
multiple_v_single	reject	GuideScan2	rejected_side	reject	AAGCTTGTGGCCGGGTGCAGTGG	52.592
multiple_v_single	reject	GuideScan2	rejected_side	reject	AATAATTTGGCCGGGCGCAGTGG	294.6649
multiple_v_single	reject	GuideScan2	rejected_side	reject	TTGTACAGATGAGAAAATTGAGG	488.7186
multiple_v_single	reject	GuideScan2	accepted	accept	GAGGCCTGGGCAGGGGCACCTGG	4.03
multiple_v_single	reject	GuideScan2	accepted	accept	AGCTCTTGCAGAAGCCTTAAAGG	2.0
multiple_v_single	reject	GuideScan2	accepted	accept	TGTAAGGGAGACTTCCTTTAAGG	2.0
multiple_v_single	reject	GuideScan2	accepted	accept	AAAGGAAGTCTCCCTTACAAAGG	2.0
multiple_v_single	reject	GuideScan2	accepted	accept	TGCGCGGGCTGAGGCTGGCGCGG	2.0
multiple_v_single	reject	GuideScan2	accepted	accept	CATTCTGCGCGGGCTGAGGCTGG	2.0
multiple_v_single	reject	GuideScan2	accepted	accept	AGCACATTCTGCGCGGGCTGAGG	2.0
multiple_v_single	reject	GuideScan2	accepted	accept	GCTTGGGGCTCGAAGCCGCGGGG	2.0
multiple_v_single	reject	GuideScan2	accepted	accept	AGCTTGGGGCTCGAAGCCGCGGG	2.0
multiple_v_single	reject	GuideScan2	accepted	accept	GAGCTTGGGGCTCGAAGCCGCGG	2.0
multiple_v_single	reject	GuideScan2	accepted	accept	CTTCGAGCCCCAAGCTCCCGAGG	2.0
multiple_v_single	reject	GuideScan2	accepted	accept	GCCCCAAGCTCCCGAGGACTTGG	2.0
multiple_v_single	reject	GuideScan2	accepted	accept	GCCAAGTCCTCGGGAGCTTGGGG	2.0
multiple_v_single	reject	GuideScan2	accepted	accept	CGCCAAGTCCTCGGGAGCTTGGG	2.0
multiple_v_single	reject	GuideScan2	accepted	accept	GCGCCAAGTCCTCGGGAGCTTGG	2.0
multiple_v_single	reject	GuideScan2	accepted	accept	CTCCCGAGGACTTGGCGCAGCGG	2.0
multiple_v_single	reject	GuideScan2	accepted	accept	CTCCGCTGCGCCAAGTCCTCGGG	2.0
multiple_v_single	reject	GuideScan2	accepted	accept	ACTCCGCTGCGCCAAGTCCTCGG	2.0
multiple_v_single	reject	GuideScan2	accepted	accept	GGACTTGGCGCAGCGGAGTTTGG	2.3769
multiple_v_single	reject	GuideScan2	accepted	accept	CTTGGCGCAGCGGAGTTTGGTGG	2.0
multiple_v_single	reject	GuideScan2	accepted	accept	AGCGGAGTTTGGTGGAGCTGCGG	2.0
multiple_v_single	reject	GuideScan2	accepted	accept	GCGGAGTTTGGTGGAGCTGCGGG	2.0
multiple_v_single	reject	GuideScan2	accepted	accept	CGTTGCGCAAAAGTCTCTCCTGG	2.0
multiple_v_single	reject	GuideScan2	rejected_side	reject	GGCGATTCTCCTGAGTAGCTGGG	132.2573
multiple_v_single	reject	GuideScan2	rejected_side	reject	GAGAGGGGCAGAGGGAGAGAGGG	199.1336
multiple_v_single	reject	GuideScan2	rejected_side	reject	ACGGAGAGAGACAGAGACAGAGG	151.8608
multiple_v_single	reject	GuideScan2	accepted	accept	CAGGGCACCCTGAAAGGATCAGG	12.2308
multiple_v_single	reject	GuideScan2	rejected_side	reject	CGCATGTCCTGATCCTTTCAGGG	25.8356
multiple_v_single	reject	GuideScan2	rejected_side	reject	CCTGAAAGGATCAGGACATGCGG	10.6923
multiple_v_single	reject	GuideScan2	rejected_side	reject	GACCACCAGGTTGCCTGAAGAGG	17.8853
multiple_v_single	reject	GuideScan2	rejected_side	reject	ACCACCAGGTTGCCTGAAGAGGG	19.8207
multiple_v_single	reject	GuideScan2	rejected_side	reject	AGAGGAGGAGGATGAGGAGGAGG	1724.9717
multiple_v_single	reject	GuideScan2	accepted	accept	TAATGTCCTGCTCTGCCCAAAGG	2.0
multiple_v_single	reject	GuideScan2	accepted	accept	GGCCTCCCAGTTCACATCAGTGG	2.0
multiple_v_single	reject	GuideScan2	accepted	accept	GCCTCCCAGTTCACATCAGTGGG	2.0
multiple_v_single	reject	GuideScan2	accepted	accept	ACCCACTGATGTGAACTGGGAGG	2.0
multiple_v_single	reject	GuideScan2	accepted	accept	AGAACCCACTGATGTGAACTGGG	2.1839
multiple_v_single	reject	GuideScan2	accepted	accept	AAGAACCCACTGATGTGAACTGG	2.0
multiple_v_single	reject	GuideScan2	accepted	accept	GTTCACATCAGTGGGTTCTTTGG	2.0
multiple_v_single	reject	GuideScan2	rejected_side	reject	ACAGACCACACATATGATGGTGG	52.4975
multiple_v_single	reject	GuideScan2	accepted	accept	AGTATTGACTCCTAAGGAGCAGG	2.5156
multiple_v_single	reject	GuideScan2	accepted	accept	ATTGACTCCTAAGGAGCAGGAGG	2.543
multiple_v_single	reject	GuideScan2	accepted	accept	ACACTACCCTAGGGAATACCTGG	3.8119
multiple_v_single	reject	GuideScan2	accepted	accept	GGGAATCCAGGTATTCCCTAGGG	3.0
multiple_v_single	reject	GuideScan2	accepted	accept	GGGGAATCCAGGTATTCCCTAGG	3.0
multiple_v_single	reject	GuideScan2	accepted	accept	AGAATGAATGCTACAGTATGTGG	3.1538
multiple_v_single	reject	GuideScan2	accepted	accept	TCCTCATCTTCCTGCTTTGCTGG	4.0152
multiple_v_single	reject	GuideScan2	accepted	accept	GCCAGCAAAGCAGGAAGATGAGG	2.1765
multiple_v_single	reject	GuideScan2	accepted	accept	TGTAGGGCAGCCAGCAAAGCAGG	3.5795
multiple_v_single	reject	GuideScan2	accepted	accept	TTGCTGGCTGCCCTACAACCTGG	3.0
multiple_v_single	reject	GuideScan2	rejected_side	reject	TCTTCTTTTTTTTTTTGAGAGGG	8026.9526
multiple_v_single	reject	GuideScan2	rejected_side	reject	TTCTTTTTTTTTTTGAGAGGGGG	1693.9239
multiple_v_single	reject	GuideScan2	accepted	accept	AGCACAGTTCAGTCCTAAAAGGG	5.0
multiple_v_single	reject	GuideScan2	rejected_side	reject	CAGCATCACCAGGATCTGGAAGG	6.2306
multiple_v_single	reject	GuideScan2	rejected_side	reject	CTTCCAGATCCTGGTGATGCTGG	5.9312
multiple_v_single	reject	GuideScan2	accepted	accept	AGGATGAGAATGGAGGGAAGAGG	4.3708
multiple_v_single	reject	GuideScan2	rejected_side	reject	AAAATAAAAATAAAAATAACGGG	124.8117
multiple_v_single	reject	GuideScan2	rejected_side	reject	AAAAATAAAAATAAAAATAACGG	924.3511
multiple_v_single	reject	GuideScan2	rejected_side	reject	CATCAGAGAAGGCTTCCTGGTGG	41.3127
multiple_v_single	reject	GuideScan2	rejected_side	reject	CAGAGAAGGCTTCCTGGTGGAGG	112.5367
ref_present_v_absent	reject	kRISP-meR	rejected_side	not_generated	CGGGCAGTGAGGACTTGTGGGGG	1.75
ref_present_v_absent	reject	kRISP-meR	rejected_side	not_generated	TCGGGCAGTGAGGACTTGTGGGG	1.75
ref_present_v_absent	reject	kRISP-meR	rejected_side	not_generated	CTCGGGCAGTGAGGACTTGTGGG	1.8824
ref_present_v_absent	reject	kRISP-meR	rejected_side	not_generated	CCACAAGTCCTCACTGCCCGAGG	1.8462
ref_present_v_absent	reject	kRISP-meR	rejected_side	not_generated	CACAAGTCCTCACTGCCCGAGGG	1.8667
ref_present_v_absent	reject	kRISP-meR	rejected_side	not_generated	GCGGATGCCCTCGGGCAGTGAGG	0.9231
ref_present_v_absent	reject	kRISP-meR	rejected_side	not_generated	GGTGAACTGGCTACAACCACAGG	2.75
ref_present_v_absent	reject	kRISP-meR	rejected_side	not_generated	TATATTCTTTACAGGTGAACTGG	0.3636
ref_present_v_absent	reject	kRISP-meR	rejected_side	not_generated	AACTTAACTTGGATGATTTCTGG	0.3923
ref_present_v_absent	reject	kRISP-meR	rejected_side	not_generated	TCTTCATTTCCTCAGTGTTCAGG	7.4071
ref_present_v_absent	reject	kRISP-meR	rejected_side	not_generated	GAAATGAAGATGAAAAACCCCGG	9.0
ref_present_v_absent	reject	kRISP-meR	rejected_side	not_generated	ACATGTTTTGCTAAAGGAGCGGG	2.0114
ref_present_v_absent	reject	kRISP-meR	rejected_side	not_generated	CACATGTTTTGCTAAAGGAGCGG	4.5
ref_present_v_absent	reject	kRISP-meR	rejected_side	not_generated	TCTGACACATGTTTTGCTAAAGG	4.5238
ref_present_v_absent	reject	kRISP-meR	rejected_side	reject	GGAACCAGCAACTCAATGTCAGG	9.8
ref_present_v_absent	reject	kRISP-meR	rejected_side	reject	GGATCCTGACATTGAGTTGCTGG	21.2286
ref_present_v_absent	reject	kRISP-meR	rejected_side	not_generated	GGATCCTGCAGCTGCTCAGAAGG	21.3583
ref_present_v_absent	reject	kRISP-meR	rejected_side	not_generated	GATCCTGCAGCTGCTCAGAAGGG	15.0
ref_present_v_absent	reject	kRISP-meR	rejected_side	not_generated	TCTCCCTTCTGAGCAGCTGCAGG	18.375
ref_present_v_absent	reject	kRISP-meR	rejected_side	not_generated	TGCAGCTGCTCAGAAGGGAGAGG	16.8906
ref_present_v_absent	reject	kRISP-meR	rejected_side	not_generated	TGCTCAGAAGGGAGAGGATGAGG	22.0122
ref_present_v_absent	reject	kRISP-meR	rejected_side	not_generated	GCTCAGAAGGGAGAGGATGAGGG	21.5294
ref_present_v_absent	reject	kRISP-meR	rejected_side	not_generated	CGCATGTCATGATCCTTTCAGGG	21.7714
ref_present_v_absent	reject	kRISP-meR	rejected_side	not_generated	CCTGAAAGGATCATGACATGCGG	2.7692
ref_present_v_absent	reject	kRISP-meR	rejected_side	not_generated	ATGACATGCGGCTGCGCTTTTGG	5.0909
ref_present_v_absent	reject	kRISP-meR	rejected_side	not_generated	TGGGTGGAAGCAGCGGAGGAAGG	3.1538
ref_present_v_absent	reject	kRISP-meR	rejected_side	not_generated	GCGTTGGGTGGAAGCAGCGGAGG	2.1429
ref_present_v_absent	reject	kRISP-meR	rejected_side	not_generated	GCTGCGTTGGGTGGAAGCAGCGG	2.5976
ref_present_v_absent	reject	kRISP-meR	rejected_side	not_generated	AGGCAGGAGGCTGCGTTGGGTGG	1.392
ref_present_v_absent	reject	kRISP-meR	rejected_side	not_generated	CGGAGGCAGGAGGCTGCGTTGGG	3.0
ref_present_v_absent	reject	kRISP-meR	rejected_side	not_generated	GCGGAGGCAGGAGGCTGCGTTGG	3.7755
ref_present_v_absent	reject	kRISP-meR	rejected_side	not_generated	CATCGGGGTCGACCTCCGTCAGG	2.1603
ref_present_v_absent	reject	kRISP-meR	rejected_side	not_generated	GACGGAGGTCGACCCCGATGAGG	1.2786
ref_present_v_absent	reject	kRISP-meR	rejected_side	not_generated	GGAGGTCGACCCCGATGAGGAGG	1.1581
ref_present_v_absent	reject	kRISP-meR	rejected_side	not_generated	CGACCCCGATGAGGAGGTGCAGG	2.4716
ref_present_v_absent	reject	kRISP-meR	rejected_side	not_generated	GACCCCGATGAGGAGGTGCAGGG	2.981
ref_present_v_absent	reject	kRISP-meR	rejected_side	not_generated	CGCCCTGCACCTCCTCATCGGGG	2.6314
ref_present_v_absent	reject	kRISP-meR	rejected_side	not_generated	TCGCCCTGCACCTCCTCATCGGG	2.3846
ref_present_v_absent	reject	kRISP-meR	rejected_side	not_generated	CTCGCCCTGCACCTCCTCATCGG	2.8036
ref_present_v_absent	reject	kRISP-meR	rejected_side	not_generated	GTCTGCTTCCAGTGCTGCTCCGG	3.0
ref_present_v_absent	reject	kRISP-meR	rejected_side	not_generated	TCTGCTTCCAGTGCTGCTCCGGG	2.4286
ref_present_v_absent	reject	kRISP-meR	rejected_side	not_generated	CTTCCAGTGCTGCTCCGGGAAGG	0.3529
ref_present_v_absent	reject	kRISP-meR	rejected_side	not_generated	GATCCTTCCCGGAGCAGCACTGG	1.2
ref_present_v_absent	reject	kRISP-meR	rejected_side	not_generated	CTGGTGGATGGGATCCTTCCCGG	3.0
ref_present_v_absent	reject	kRISP-meR	rejected_side	not_generated	AGAGAGAAAGATCAGGAAGTGGG	5.0423
ref_present_v_absent	reject	kRISP-meR	rejected_side	not_generated	CAGAGAGAAAGATCAGGAAGTGG	4.2114
ref_present_v_absent	reject	kRISP-meR	rejected_side	not_generated	AGAAGCTTCCTCTGAGTAACAGG	46.881
ref_present_v_absent	reject	kRISP-meR	rejected_side	not_generated	GCAGGTCTCCTGTTACTCAGAGG	47.0857
ref_present_v_absent	reject	kRISP-meR	rejected_side	not_generated	GAGTAACAGGAGACCTGCTGCGG	67.0
ref_present_v_absent	reject	kRISP-meR	rejected_side	not_generated	TAACAGGAGACCTGCTGCGGTGG	50.25
ref_present_v_absent	reject	kRISP-meR	rejected_side	not_generated	AACAGGAGACCTGCTGCGGTGGG	56.6923
ref_present_v_absent	reject	kRISP-meR	rejected_side	not_generated	ACAGGAGACCTGCTGCGGTGGGG	60.3
ref_present_v_absent	reject	kRISP-meR	rejected_side	not_generated	ATGGTGACCTAAACTAGACCTGG	1.25
ref_present_v_absent	reject	kRISP-meR	rejected_side	not_generated	TGGTACTAATCAGGGATACATGG	2.0
ref_present_v_absent	reject	kRISP-meR	rejected_side	not_generated	TTACATGTCATATGAGTGCAGGG	0.9333
ref_present_v_absent	reject	kRISP-meR	rejected_side	not_generated	TTTACATGTCATATGAGTGCAGG	1.0
ref_present_v_absent	reject	kRISP-meR	rejected_side	not_generated	AAAGTTAACATCTTGGAGGCCGG	58.7382
ref_present_v_absent	reject	kRISP-meR	rejected_side	not_generated	GAGTAAAGTTAACATCTTGGAGG	38.7115
ref_present_v_absent	reject	kRISP-meR	rejected_side	not_generated	GGTGAGTAAAGTTAACATCTTGG	23.3333
ref_present_v_absent	reject	kRISP-meR	rejected_side	reject	AACTTTACTCACCTCTGCCAAGG	38.9211
ref_present_v_absent	reject	kRISP-meR	rejected_side	not_generated	TTCAGACTCTTCTGTAATGAAGG	6.0642
ref_present_v_absent	reject	kRISP-meR	rejected_side	not_generated	CCCTGCTCCAACTCTTTCCATGG	1.5248
ref_present_v_absent	reject	kRISP-meR	rejected_side	not_generated	GCCATGGAAAGAGTTGGAGCAGG	2.4425
ref_present_v_absent	reject	kRISP-meR	rejected_side	not_generated	CTTACTCCTAACGTAGTCCAGGG	5.8947
ref_present_v_absent	reject	kRISP-meR	rejected_side	not_generated	ACTTACTCCTAACGTAGTCCAGG	4.0
ref_present_v_absent	reject	kRISP-meR	rejected_side	not_generated	TGGACTACGTTAGGAGTAAGTGG	1.75
ref_present_v_absent	reject	kRISP-meR	rejected_side	not_generated	GAGTAAGTGGCACCGCTCCGAGG	2.5455
ref_present_v_absent	reject	kRISP-meR	rejected_side	not_generated	TAAGTGGCACCGCTCCGAGGTGG	7.0
ref_present_v_absent	reject	kRISP-meR	rejected_side	reject	AAGTGGCACCGCTCCGAGGTGGG	7.0
ref_present_v_absent	reject	kRISP-meR	rejected_side	not_generated	AGTGGCACCGCTCCGAGGTGGGG	5.3529
ref_present_v_absent	reject	kRISP-meR	rejected_side	not_generated	GTGGCACCGCTCCGAGGTGGGGG	2.625
ref_present_v_absent	reject	kRISP-meR	rejected_side	not_generated	CTTCTTCCCCCACCTCGGAGCGG	4.6667
ref_present_v_absent	reject	kRISP-meR	rejected_side	not_generated	CGCTCCGAGGTGGGGGAAGAAGG	5.7049
ref_present_v_absent	reject	kRISP-meR	rejected_side	not_generated	GCTCCGAGGTGGGGGAAGAAGGG	6.7271
ref_present_v_absent	reject	kRISP-meR	rejected_side	not_generated	TAACCCTTCTTCCCCCACCTCGG	4.6667
ref_present_v_absent	reject	kRISP-meR	rejected_side	not_generated	TGGGGGAAGAAGGGTTATAAAGG	6.6
ref_present_v_absent	reject	kRISP-meR	rejected_side	reject	GGGGGAAGAAGGGTTATAAAGGG	8.112
ref_present_v_absent	reject	kRISP-meR	rejected_side	reject	GGTTCCGCCATTATGATTTCAGG	11.7758
ref_present_v_absent	reject	kRISP-meR	rejected_side	not_generated	TCTGCCTGAAATCATAATGGCGG	10.2857
ref_present_v_absent	reject	kRISP-meR	rejected_side	not_generated	AGCTCTGCCTGAAATCATAATGG	11.0
ref_present_v_absent	reject	kRISP-meR	rejected_side	not_generated	ATGATTTCAGGCAGAGCTGCTGG	7.7864
ref_present_v_absent	reject	kRISP-meR	rejected_side	not_generated	TGATTTCAGGCAGAGCTGCTGGG	6.5289
ref_present_v_absent	reject	kRISP-meR	rejected_side	reject	TACCCTTGCTCCGTAAGCCTTGG	7.432
ref_present_v_absent	reject	kRISP-meR	rejected_side	reject	AACCAAGGCTTACGGAGCAAGGG	7.0564
ref_present_v_absent	reject	kRISP-meR	rejected_side	reject	GAACCAAGGCTTACGGAGCAAGG	10.6806
ref_present_v_absent	reject	kRISP-meR	rejected_side	not_generated	CTAACTGGAACCAAGGCTTACGG	0.3885
ref_present_v_absent	reject	kRISP-meR	rejected_side	not_generated	CGTAAGCCTTGGTTCCAGTTAGG	4.8145
ref_present_v_absent	reject	kRISP-meR	rejected_side	not_generated	GAATGGCCTAACTGGAACCAAGG	4.6
ref_present_v_absent	reject	kRISP-meR	rejected_side	not_generated	CGATACAGAGAAGATTAGTCTGG	12.0568
ref_present_v_absent	reject	kRISP-meR	rejected_side	not_generated	ATTAGTCTGGCCTCTGCGCAAGG	2.6438
ref_present_v_absent	reject	kRISP-meR	rejected_side	not_generated	TGCATATCATCCTTGCGCAGAGG	23.3069
ref_present_v_absent	reject	kRISP-meR	rejected_side	not_generated	GTTCATGGTGCTTACCGCTTGGG	1.0588
ref_present_v_absent	reject	kRISP-meR	rejected_side	not_generated	GGTTCATGGTGCTTACCGCTTGG	1.5714
ref_present_v_absent	reject	kRISP-meR	rejected_side	not_generated	GATATGAACTGAGGGGTTCATGG	0.8966
ref_present_v_absent	reject	kRISP-meR	rejected_side	not_generated	TCAAAGCTCAAGAAGGCCAATGG	60.1638
ref_present_v_absent	reject	kRISP-meR	rejected_side	not_generated	AGAAGGCCAATGGTATAAAATGG	63.2386
ref_present_v_absent	reject	kRISP-meR	rejected_side	not_generated	CATCATCCATTTTATACCATTGG	20.7
ref_present_v_absent	reject	kRISP-meR	rejected_side	not_generated	GATGCTAGCGGCGGTGACCTCGG	32.5714
ref_present_v_absent	reject	kRISP-meR	rejected_side	not_generated	GACAGAAGTGATGCTAGCGGCGG	10.7048
ref_present_v_absent	reject	kRISP-meR	rejected_side	not_generated	CAGGACAGAAGTGATGCTAGCGG	55.7264
ref_present_v_absent	reject	kRISP-meR	rejected_side	not_generated	ATCCAGGGAGACGCGTCCAGCGG	0.0
ref_present_v_absent	reject	kRISP-meR	rejected_side	not_generated	GGCCGCTGGACGCGTCTCCCTGG	0.0
ref_present_v_absent	reject	kRISP-meR	rejected_side	not_generated	GGGAGACGCGTCCAGCGGCCAGG	0.2429
ref_present_v_absent	reject	kRISP-meR	rejected_side	not_generated	AGACGCGTCCAGCGGCCAGGCGG	0.0
ref_present_v_absent	reject	kRISP-meR	rejected_side	not_generated	GACGCGTCCAGCGGCCAGGCGGG	0.0
ref_present_v_absent	reject	kRISP-meR	rejected_side	not_generated	ACGCGTCCAGCGGCCAGGCGGGG	0.0
ref_present_v_absent	reject	kRISP-meR	rejected_side	not_generated	CACTGTCCCCGCCTGGCCGCTGG	0.0
ref_present_v_absent	reject	kRISP-meR	rejected_side	not_generated	AGAACGGCACTGTCCCCGCCTGG	0.0
ref_present_v_absent	reject	kRISP-meR	rejected_side	not_generated	CGGGGACAGTGCCGTTCTAGAGG	1.4286
ref_present_v_absent	reject	kRISP-meR	rejected_side	not_generated	ACACACTCAAGAGTTACCTGGGG	0.8571
ref_present_v_absent	reject	kRISP-meR	rejected_side	not_generated	GACACACTCAAGAGTTACCTGGG	0.0
ref_present_v_absent	reject	kRISP-meR	rejected_side	not_generated	CGACACACTCAAGAGTTACCTGG	0.0
ref_present_v_absent	reject	kRISP-meR	rejected_side	reject	CGTGCTCCTGTGCAGAGTCGCGG	2.7857
ref_present_v_absent	reject	kRISP-meR	rejected_side	reject	TGAAATCCGCGACTCTGCACAGG	2.4821
ref_present_v_absent	reject	kRISP-meR	rejected_side	not_generated	AGAGTCGCGGATTTCATCAGAGG	1.2727
ref_present_v_absent	reject	kRISP-meR	rejected_side	reject	TCGCGGATTTCATCAGAGGTTGG	2.0
ref_present_v_absent	reject	kRISP-meR	rejected_side	not_generated	GACCGAGGGCAAGATCCCCGCGG	2.0
ref_present_v_absent	reject	kRISP-meR	rejected_side	not_generated	CTCCGCGGGGATCTTGCCCTCGG	1.2941
ref_present_v_absent	reject	kRISP-meR	rejected_side	not_generated	CGAGGGCAAGATCCCCGCGGAGG	0.75
ref_present_v_absent	reject	kRISP-meR	rejected_side	not_generated	TTTGCTTGAAGGCCTCCGCGGGG	1.4824
ref_present_v_absent	reject	kRISP-meR	rejected_side	not_generated	ATTTGCTTGAAGGCCTCCGCGGG	1.2321
ref_present_v_absent	reject	kRISP-meR	rejected_side	not_generated	GATTTGCTTGAAGGCCTCCGCGG	2.0811
ref_present_v_absent	reject	kRISP-meR	rejected_side	not_generated	GGGCCTGGTTAGTACTTGGACGG	296.3196
ref_present_v_absent	reject	kRISP-meR	rejected_side	not_generated	GGCCTGGTTAGTACTTGGACGGG	34.8233
ref_present_v_absent	reject	kRISP-meR	rejected_side	not_generated	CTCCCGTCCAAGTACTAACCAGG	243.956
ref_present_v_absent	reject	kRISP-meR	rejected_side	not_generated	TACTTGGACGGGAGACCGCCTGG	126.2676
ref_present_v_absent	reject	kRISP-meR	rejected_side	not_generated	ACTTGGACGGGAGACCGCCTGGG	134.3101
ref_present_v_absent	reject	kRISP-meR	rejected_side	not_generated	AGACAGACATGGAGCTGTGACGG	4.0
ref_present_v_absent	reject	kRISP-meR	rejected_side	not_generated	GGGAGAGACTGAGAGCGGGGGGG	2.0
ref_present_v_absent	reject	kRISP-meR	rejected_side	not_generated	AGAGACTGAGAGCGGGGGGGTGG	0.3529
ref_present_v_absent	reject	kRISP-meR	rejected_side	not_generated	GAGACTGAGAGCGGGGGGGTGGG	0.2609
ref_present_v_absent	reject	kRISP-meR	rejected_side	not_generated	CGTCCGTGTTGACCACCCCGGGG	1.4286
ref_present_v_absent	reject	kRISP-meR	rejected_side	not_generated	ACGTCCGTGTTGACCACCCCGGG	1.3846
ref_present_v_absent	reject	kRISP-meR	rejected_side	not_generated	GACGTCCGTGTTGACCACCCCGG	0.7692
ref_present_v_absent	reject	kRISP-meR	rejected_side	not_generated	ACGTCTACAAGCACGTGTTCTGG	1.0
ref_present_v_absent	reject	kRISP-meR	rejected_side	not_generated	CGTCTACAAGCACGTGTTCTGGG	1.3913
ref_present_v_absent	reject	kRISP-meR	rejected_side	not_generated	ACAAGACTGGCATGTGGGCTTGG	0.0
ref_present_v_absent	reject	kRISP-meR	rejected_side	not_generated	AGCTAACAAGACTGGCATGTGGG	1.3882
ref_present_v_absent	reject	kRISP-meR	accepted	accept	CAGCTAACAAGACTGGCATGTGG	0.6798
ref_present_v_absent	reject	kRISP-meR	rejected_side	not_generated	CGGGTTCAAGAGCCGAGTAGGGG	8.6667
ref_present_v_absent	reject	kRISP-meR	rejected_side	not_generated	ACGGGTTCAAGAGCCGAGTAGGG	7.8261
ref_present_v_absent	reject	kRISP-meR	rejected_side	not_generated	AACGGGTTCAAGAGCCGAGTAGG	5.6
ref_present_v_absent	reject	kRISP-meR	rejected_side	not_generated	CTCGGCTCTTGAACCCGTTCTGG	10.9091
ref_present_v_absent	reject	kRISP-meR	rejected_side	not_generated	GCTCTTGAACCCGTTCTGGAAGG	11.1673
ref_present_v_absent	reject	kRISP-meR	rejected_side	not_generated	CTCTTGAACCCGTTCTGGAAGGG	11.0071
ref_present_v_absent	reject	kRISP-meR	rejected_side	not_generated	TCTGTGCGGTACGGCTGATCGGG	7.8261
ref_present_v_absent	reject	kRISP-meR	rejected_side	not_generated	CTCTGTGCGGTACGGCTGATCGG	5.6
ref_present_v_absent	reject	kRISP-meR	rejected_side	not_generated	TTGTCTTTCTCTGTGCGGTACGG	12.0
ref_present_v_absent	reject	kRISP-meR	rejected_side	not_generated	CAGGCGTACGTAACCGGCTTCGG	0.0
ref_present_v_absent	reject	kRISP-meR	rejected_side	not_generated	AAGCCGGTTACGTACGCCTGAGG	0.0
ref_present_v_absent	reject	kRISP-meR	rejected_side	not_generated	AGCCGGTTACGTACGCCTGAGGG	0.0
ref_present_v_absent	reject	kRISP-meR	rejected_side	not_generated	GGCCCTCAGGCGTACGTAACCGG	0.0
ref_present_v_absent	reject	kRISP-meR	rejected_side	not_generated	GTTACGTACGCCTGAGGGCCAGG	0.0
ref_present_v_absent	reject	kRISP-meR	rejected_side	not_generated	TGGCGGCGGTGGCGGACACTTGG	2.3526
ref_present_v_absent	reject	kRISP-meR	rejected_side	not_generated	GGCGGCGGTGGCGGACACTTGGG	2.6323
ref_present_v_absent	reject	kRISP-meR	rejected_side	not_generated	GCGGCGGTGGCGGACACTTGGGG	3.1319
ref_present_v_absent	reject	kRISP-meR	rejected_side	not_generated	ATGCTACACTCATTCTGCTGAGG	1.1176
ref_present_v_absent	reject	kRISP-meR	rejected_side	not_generated	ACTCATTCTGCTGAGGAAATAGG	3.7297
ref_present_v_absent	reject	kRISP-meR	rejected_side	not_generated	AAATTCAATAGAAATTTATATGG	3.7787
ref_present_v_absent	reject	kRISP-meR	rejected_side	not_generated	ACTGGCTCTGGTCATGCGACAGG	1.8
ref_present_v_absent	reject	kRISP-meR	rejected_side	not_generated	TGACCAGAGCCAGTTCACCAAGG	11.5059
ref_present_v_absent	reject	kRISP-meR	rejected_side	not_generated	GCTCCTTGGTGAACTGGCTCTGG	7.7452
ref_present_v_absent	reject	kRISP-meR	rejected_side	not_generated	GCTGCAGCTCCTTGGTGAACTGG	12.4706
ref_present_v_absent	reject	kRISP-meR	rejected_side	not_generated	TGGGTGAAAAATATATCCGCAGG	8.2298
ref_present_v_absent	reject	kRISP-meR	rejected_side	not_generated	GGGTGAAAAATATATCCGCAGGG	7.8272
ref_present_v_absent	reject	kRISP-meR	rejected_side	not_generated	AAAAATATATCCGCAGGGTTCGG	8.7881
ref_present_v_absent	reject	kRISP-meR	rejected_side	not_generated	TTGAAGAGGCTGGGGAGAAGAGG	9.5262
ref_present_v_absent	reject	kRISP-meR	rejected_side	not_generated	CTGGGAAGTTGAAGAGGCTGGGG	7.8244
ref_present_v_absent	reject	kRISP-meR	rejected_side	not_generated	TCTGGGAAGTTGAAGAGGCTGGG	7.3846
ref_present_v_absent	reject	kRISP-meR	rejected_side	not_generated	CTCTGGGAAGTTGAAGAGGCTGG	6.9846
ref_present_v_absent	reject	kRISP-meR	rejected_side	not_generated	GCAGCTCTGGGAAGTTGAAGAGG	7.0
ref_present_v_absent	reject	kRISP-meR	rejected_side	reject	GCGGAGCATTGTCATTCTTCAGG	24.4706
ref_present_v_absent	reject	kRISP-meR	rejected_side	reject	ATGTCTGCGGTCAGCTGGGTTGG	4.1533
ref_present_v_absent	reject	kRISP-meR	rejected_side	reject	CTGCATGTCTGCGGTCAGCTGGG	3.5467
ref_present_v_absent	reject	kRISP-meR	rejected_side	reject	CCAGCTGACCGCAGACATGCAGG	8.6429
ref_present_v_absent	reject	kRISP-meR	rejected_side	not_generated	TGCGTGTCATTCTTGCACAGGGG	34.6813
ref_present_v_absent	reject	kRISP-meR	rejected_side	not_generated	GTGCGTGTCATTCTTGCACAGGG	14.7231
ref_present_v_absent	reject	kRISP-meR	rejected_side	not_generated	TGTGCGTGTCATTCTTGCACAGG	19.2998
ref_present_v_absent	reject	kRISP-meR	rejected_side	not_generated	GTAGAGCACCGAAAACCCCGAGG	0.9412
ref_present_v_absent	reject	kRISP-meR	rejected_side	not_generated	CCGAAAACCCCGAGGAAGAGAGG	1.55
ref_present_v_absent	reject	kRISP-meR	rejected_side	not_generated	AACGCTACCTCTCTTCCTCGGGG	4.6667
ref_present_v_absent	reject	kRISP-meR	rejected_side	not_generated	AAACGCTACCTCTCTTCCTCGGG	4.7059
ref_present_v_absent	reject	kRISP-meR	rejected_side	not_generated	AAAACGCTACCTCTCTTCCTCGG	4.4286
ref_present_v_absent	reject	kRISP-meR	rejected_side	not_generated	CGACGAAGAGAGGTTTAGCAGGG	44.5446
ref_present_v_absent	reject	kRISP-meR	rejected_side	not_generated	TCGACGAAGAGAGGTTTAGCAGG	29.8148
ref_present_v_absent	reject	kRISP-meR	rejected_side	not_generated	GTGTCGGGGTCGACGAAGAGAGG	37.2923
ref_present_v_absent	reject	kRISP-meR	rejected_side	not_generated	TTCGTCGACCCCGACACATCAGG	18.4242
ref_present_v_absent	reject	kRISP-meR	rejected_side	not_generated	ACCCCTGCACAACGATGACATGG	2.806
ref_present_v_absent	reject	kRISP-meR	rejected_side	not_generated	CCCCTGCACAACGATGACATGGG	2.7926
ref_present_v_absent	reject	kRISP-meR	rejected_side	not_generated	TCCCATGTCATCGTTGTGCAGGG	0.9657
ref_present_v_absent	reject	kRISP-meR	rejected_side	not_generated	TTCCCATGTCATCGTTGTGCAGG	0.8697
ref_present_v_absent	reject	CRISPOR	rejected_side	reject	CGGGCAGTGAGGACTTGTGGGGG	1.75
ref_present_v_absent	reject	CRISPOR	rejected_side	reject	TCGGGCAGTGAGGACTTGTGGGG	1.75
ref_present_v_absent	reject	CRISPOR	rejected_side	reject	CTCGGGCAGTGAGGACTTGTGGG	1.8824
ref_present_v_absent	reject	CRISPOR	rejected_side	reject	CCACAAGTCCTCACTGCCCGAGG	1.8462
ref_present_v_absent	reject	CRISPOR	rejected_side	reject	CACAAGTCCTCACTGCCCGAGGG	1.8667
ref_present_v_absent	reject	CRISPOR	rejected_side	reject	GCGGATGCCCTCGGGCAGTGAGG	0.9231
ref_present_v_absent	reject	CRISPOR	rejected_side	reject	GGTGAACTGGCTACAACCACAGG	2.75
ref_present_v_absent	reject	CRISPOR	rejected_side	reject	TATATTCTTTACAGGTGAACTGG	0.3636
ref_present_v_absent	reject	CRISPOR	accepted	accept	AACTTAACTTGGATGATTTCTGG	0.3923
ref_present_v_absent	reject	CRISPOR	rejected_side	reject	TCTTCATTTCCTCAGTGTTCAGG	7.4071
ref_present_v_absent	reject	CRISPOR	rejected_side	reject	GAAATGAAGATGAAAAACCCCGG	9.0
ref_present_v_absent	reject	CRISPOR	accepted	accept	ACATGTTTTGCTAAAGGAGCGGG	2.0114
ref_present_v_absent	reject	CRISPOR	rejected_side	reject	CACATGTTTTGCTAAAGGAGCGG	4.5
ref_present_v_absent	reject	CRISPOR	rejected_side	reject	TCTGACACATGTTTTGCTAAAGG	4.5238
ref_present_v_absent	reject	CRISPOR	rejected_side	reject	GGAACCAGCAACTCAATGTCAGG	9.8
ref_present_v_absent	reject	CRISPOR	rejected_side	reject	GGATCCTGACATTGAGTTGCTGG	21.2286
ref_present_v_absent	reject	CRISPOR	rejected_side	reject	GGATCCTGCAGCTGCTCAGAAGG	21.3583
ref_present_v_absent	reject	CRISPOR	rejected_side	reject	GATCCTGCAGCTGCTCAGAAGGG	15.0
ref_present_v_absent	reject	CRISPOR	rejected_side	reject	TCTCCCTTCTGAGCAGCTGCAGG	18.375
ref_present_v_absent	reject	CRISPOR	rejected_side	reject	TGCAGCTGCTCAGAAGGGAGAGG	16.8906
ref_present_v_absent	reject	CRISPOR	rejected_side	reject	TGCTCAGAAGGGAGAGGATGAGG	22.0122
ref_present_v_absent	reject	CRISPOR	rejected_side	reject	GCTCAGAAGGGAGAGGATGAGGG	21.5294
ref_present_v_absent	reject	CRISPOR	rejected_side	reject	CGCATGTCATGATCCTTTCAGGG	21.7714
ref_present_v_absent	reject	CRISPOR	rejected_side	reject	CCTGAAAGGATCATGACATGCGG	2.7692
ref_present_v_absent	reject	CRISPOR	rejected_side	reject	ATGACATGCGGCTGCGCTTTTGG	5.0909
ref_present_v_absent	reject	CRISPOR	rejected_side	reject	TGGGTGGAAGCAGCGGAGGAAGG	3.1538
ref_present_v_absent	reject	CRISPOR	rejected_side	reject	GCGTTGGGTGGAAGCAGCGGAGG	2.1429
ref_present_v_absent	reject	CRISPOR	rejected_side	reject	GCTGCGTTGGGTGGAAGCAGCGG	2.5976
ref_present_v_absent	reject	CRISPOR	rejected_side	reject	AGGCAGGAGGCTGCGTTGGGTGG	1.392
ref_present_v_absent	reject	CRISPOR	rejected_side	reject	CGGAGGCAGGAGGCTGCGTTGGG	3.0
ref_present_v_absent	reject	CRISPOR	rejected_side	reject	GCGGAGGCAGGAGGCTGCGTTGG	3.7755
ref_present_v_absent	reject	CRISPOR	accepted	accept	CATCGGGGTCGACCTCCGTCAGG	2.1603
ref_present_v_absent	reject	CRISPOR	accepted	accept	GACGGAGGTCGACCCCGATGAGG	1.2786
ref_present_v_absent	reject	CRISPOR	accepted	accept	GGAGGTCGACCCCGATGAGGAGG	1.1581
ref_present_v_absent	reject	CRISPOR	rejected_side	reject	CGACCCCGATGAGGAGGTGCAGG	2.4716
ref_present_v_absent	reject	CRISPOR	rejected_side	reject	GACCCCGATGAGGAGGTGCAGGG	2.981
ref_present_v_absent	reject	CRISPOR	rejected_side	reject	CGCCCTGCACCTCCTCATCGGGG	2.6314
ref_present_v_absent	reject	CRISPOR	rejected_side	reject	TCGCCCTGCACCTCCTCATCGGG	2.3846
ref_present_v_absent	reject	CRISPOR	rejected_side	reject	CTCGCCCTGCACCTCCTCATCGG	2.8036
ref_present_v_absent	reject	CRISPOR	rejected_side	reject	GTCTGCTTCCAGTGCTGCTCCGG	3.0
ref_present_v_absent	reject	CRISPOR	rejected_side	reject	TCTGCTTCCAGTGCTGCTCCGGG	2.4286
ref_present_v_absent	reject	CRISPOR	accepted	accept	CTTCCAGTGCTGCTCCGGGAAGG	0.3529
ref_present_v_absent	reject	CRISPOR	rejected_side	reject	GATCCTTCCCGGAGCAGCACTGG	1.2
ref_present_v_absent	reject	CRISPOR	rejected_side	reject	CTGGTGGATGGGATCCTTCCCGG	3.0
ref_present_v_absent	reject	CRISPOR	rejected_side	reject	AGAGAGAAAGATCAGGAAGTGGG	5.0423
ref_present_v_absent	reject	CRISPOR	rejected_side	reject	CAGAGAGAAAGATCAGGAAGTGG	4.2114
ref_present_v_absent	reject	CRISPOR	rejected_side	reject	AGAAGCTTCCTCTGAGTAACAGG	46.881
ref_present_v_absent	reject	CRISPOR	rejected_side	reject	GCAGGTCTCCTGTTACTCAGAGG	47.0857
ref_present_v_absent	reject	CRISPOR	rejected_side	reject	GAGTAACAGGAGACCTGCTGCGG	67.0
ref_present_v_absent	reject	CRISPOR	rejected_side	reject	TAACAGGAGACCTGCTGCGGTGG	50.25
ref_present_v_absent	reject	CRISPOR	rejected_side	reject	AACAGGAGACCTGCTGCGGTGGG	56.6923
ref_present_v_absent	reject	CRISPOR	rejected_side	reject	ACAGGAGACCTGCTGCGGTGGGG	60.3
ref_present_v_absent	reject	CRISPOR	accepted	accept	ATGGTGACCTAAACTAGACCTGG	1.25
ref_present_v_absent	reject	CRISPOR	accepted	accept	TGGTACTAATCAGGGATACATGG	2.0
ref_present_v_absent	reject	CRISPOR	accepted	accept	TTACATGTCATATGAGTGCAGGG	0.9333
ref_present_v_absent	reject	CRISPOR	accepted	accept	TTTACATGTCATATGAGTGCAGG	1.0
ref_present_v_absent	reject	CRISPOR	rejected_side	reject	AAAGTTAACATCTTGGAGGCCGG	58.7382
ref_present_v_absent	reject	CRISPOR	rejected_side	reject	GAGTAAAGTTAACATCTTGGAGG	38.7115
ref_present_v_absent	reject	CRISPOR	rejected_side	reject	GGTGAGTAAAGTTAACATCTTGG	23.3333
ref_present_v_absent	reject	CRISPOR	rejected_side	reject	AACTTTACTCACCTCTGCCAAGG	38.9211
ref_present_v_absent	reject	CRISPOR	rejected_side	reject	TTCAGACTCTTCTGTAATGAAGG	6.0642
ref_present_v_absent	reject	CRISPOR	rejected_side	reject	CCCTGCTCCAACTCTTTCCATGG	1.5248
ref_present_v_absent	reject	CRISPOR	rejected_side	reject	GCCATGGAAAGAGTTGGAGCAGG	2.4425
ref_present_v_absent	reject	CRISPOR	rejected_side	reject	CTTACTCCTAACGTAGTCCAGGG	5.8947
ref_present_v_absent	reject	CRISPOR	rejected_side	reject	ACTTACTCCTAACGTAGTCCAGG	4.0
ref_present_v_absent	reject	CRISPOR	rejected_side	reject	TGGACTACGTTAGGAGTAAGTGG	1.75
ref_present_v_absent	reject	CRISPOR	rejected_side	reject	GAGTAAGTGGCACCGCTCCGAGG	2.5455
ref_present_v_absent	reject	CRISPOR	rejected_side	reject	TAAGTGGCACCGCTCCGAGGTGG	7.0
ref_present_v_absent	reject	CRISPOR	rejected_side	reject	AAGTGGCACCGCTCCGAGGTGGG	7.0
ref_present_v_absent	reject	CRISPOR	rejected_side	reject	AGTGGCACCGCTCCGAGGTGGGG	5.3529
ref_present_v_absent	reject	CRISPOR	rejected_side	reject	GTGGCACCGCTCCGAGGTGGGGG	2.625
ref_present_v_absent	reject	CRISPOR	rejected_side	reject	CTTCTTCCCCCACCTCGGAGCGG	4.6667
ref_present_v_absent	reject	CRISPOR	rejected_side	reject	CGCTCCGAGGTGGGGGAAGAAGG	5.7049
ref_present_v_absent	reject	CRISPOR	rejected_side	reject	GCTCCGAGGTGGGGGAAGAAGGG	6.7271
ref_present_v_absent	reject	CRISPOR	rejected_side	reject	TAACCCTTCTTCCCCCACCTCGG	4.6667
ref_present_v_absent	reject	CRISPOR	rejected_side	reject	TGGGGGAAGAAGGGTTATAAAGG	6.6
ref_present_v_absent	reject	CRISPOR	rejected_side	reject	GGGGGAAGAAGGGTTATAAAGGG	8.112
ref_present_v_absent	reject	CRISPOR	rejected_side	reject	GGTTCCGCCATTATGATTTCAGG	11.7758
ref_present_v_absent	reject	CRISPOR	rejected_side	reject	TCTGCCTGAAATCATAATGGCGG	10.2857
ref_present_v_absent	reject	CRISPOR	rejected_side	reject	AGCTCTGCCTGAAATCATAATGG	11.0
ref_present_v_absent	reject	CRISPOR	rejected_side	reject	ATGATTTCAGGCAGAGCTGCTGG	7.7864
ref_present_v_absent	reject	CRISPOR	rejected_side	reject	TGATTTCAGGCAGAGCTGCTGGG	6.5289
ref_present_v_absent	reject	CRISPOR	rejected_side	reject	TACCCTTGCTCCGTAAGCCTTGG	7.432
ref_present_v_absent	reject	CRISPOR	rejected_side	reject	AACCAAGGCTTACGGAGCAAGGG	7.0564
ref_present_v_absent	reject	CRISPOR	rejected_side	reject	GAACCAAGGCTTACGGAGCAAGG	10.6806
ref_present_v_absent	reject	CRISPOR	rejected_side	reject	CTAACTGGAACCAAGGCTTACGG	0.3885
ref_present_v_absent	reject	CRISPOR	rejected_side	reject	CGTAAGCCTTGGTTCCAGTTAGG	4.8145
ref_present_v_absent	reject	CRISPOR	rejected_side	reject	GAATGGCCTAACTGGAACCAAGG	4.6
ref_present_v_absent	reject	CRISPOR	rejected_side	reject	CGATACAGAGAAGATTAGTCTGG	12.0568
ref_present_v_absent	reject	CRISPOR	accepted	accept	ATTAGTCTGGCCTCTGCGCAAGG	2.6438
ref_present_v_absent	reject	CRISPOR	rejected_side	reject	TGCATATCATCCTTGCGCAGAGG	23.3069
ref_present_v_absent	reject	CRISPOR	rejected_side	reject	GTTCATGGTGCTTACCGCTTGGG	1.0588
ref_present_v_absent	reject	CRISPOR	rejected_side	reject	GGTTCATGGTGCTTACCGCTTGG	1.5714
ref_present_v_absent	reject	CRISPOR	accepted	accept	GATATGAACTGAGGGGTTCATGG	0.8966
ref_present_v_absent	reject	CRISPOR	rejected_side	reject	TCAAAGCTCAAGAAGGCCAATGG	60.1638
ref_present_v_absent	reject	CRISPOR	rejected_side	reject	AGAAGGCCAATGGTATAAAATGG	63.2386
ref_present_v_absent	reject	CRISPOR	rejected_side	reject	CATCATCCATTTTATACCATTGG	20.7
ref_present_v_absent	reject	CRISPOR	rejected_side	reject	GATGCTAGCGGCGGTGACCTCGG	32.5714
ref_present_v_absent	reject	CRISPOR	rejected_side	reject	GACAGAAGTGATGCTAGCGGCGG	10.7048
ref_present_v_absent	reject	CRISPOR	rejected_side	reject	CAGGACAGAAGTGATGCTAGCGG	55.7264
ref_present_v_absent	reject	CRISPOR	accepted	accept	ATCCAGGGAGACGCGTCCAGCGG	0.0
ref_present_v_absent	reject	CRISPOR	accepted	accept	GGCCGCTGGACGCGTCTCCCTGG	0.0
ref_present_v_absent	reject	CRISPOR	accepted	accept	GGGAGACGCGTCCAGCGGCCAGG	0.2429
ref_present_v_absent	reject	CRISPOR	accepted	accept	AGACGCGTCCAGCGGCCAGGCGG	0.0
ref_present_v_absent	reject	CRISPOR	accepted	accept	GACGCGTCCAGCGGCCAGGCGGG	0.0
ref_present_v_absent	reject	CRISPOR	accepted	accept	ACGCGTCCAGCGGCCAGGCGGGG	0.0
ref_present_v_absent	reject	CRISPOR	accepted	accept	CACTGTCCCCGCCTGGCCGCTGG	0.0
ref_present_v_absent	reject	CRISPOR	accepted	accept	AGAACGGCACTGTCCCCGCCTGG	0.0
ref_present_v_absent	reject	CRISPOR	rejected_side	reject	CGGGGACAGTGCCGTTCTAGAGG	1.4286
ref_present_v_absent	reject	CRISPOR	accepted	accept	ACACACTCAAGAGTTACCTGGGG	0.8571
ref_present_v_absent	reject	CRISPOR	accepted	accept	GACACACTCAAGAGTTACCTGGG	0.0
ref_present_v_absent	reject	CRISPOR	accepted	accept	CGACACACTCAAGAGTTACCTGG	0.0
ref_present_v_absent	reject	CRISPOR	accepted	accept	CGTGCTCCTGTGCAGAGTCGCGG	2.7857
ref_present_v_absent	reject	CRISPOR	accepted	accept	TGAAATCCGCGACTCTGCACAGG	2.4821
ref_present_v_absent	reject	CRISPOR	accepted	accept	AGAGTCGCGGATTTCATCAGAGG	1.2727
ref_present_v_absent	reject	CRISPOR	accepted	accept	TCGCGGATTTCATCAGAGGTTGG	2.0
ref_present_v_absent	reject	CRISPOR	rejected_side	reject	GACCGAGGGCAAGATCCCCGCGG	2.0
ref_present_v_absent	reject	CRISPOR	rejected_side	reject	CTCCGCGGGGATCTTGCCCTCGG	1.2941
ref_present_v_absent	reject	CRISPOR	rejected_side	reject	CGAGGGCAAGATCCCCGCGGAGG	0.75
ref_present_v_absent	reject	CRISPOR	rejected_side	reject	TTTGCTTGAAGGCCTCCGCGGGG	1.4824
ref_present_v_absent	reject	CRISPOR	rejected_side	reject	ATTTGCTTGAAGGCCTCCGCGGG	1.2321
ref_present_v_absent	reject	CRISPOR	rejected_side	reject	GATTTGCTTGAAGGCCTCCGCGG	2.0811
ref_present_v_absent	reject	CRISPOR	rejected_side	reject	GGGCCTGGTTAGTACTTGGACGG	296.3196
ref_present_v_absent	reject	CRISPOR	rejected_side	reject	GGCCTGGTTAGTACTTGGACGGG	34.8233
ref_present_v_absent	reject	CRISPOR	rejected_side	reject	CTCCCGTCCAAGTACTAACCAGG	243.956
ref_present_v_absent	reject	CRISPOR	rejected_side	reject	TACTTGGACGGGAGACCGCCTGG	126.2676
ref_present_v_absent	reject	CRISPOR	rejected_side	reject	ACTTGGACGGGAGACCGCCTGGG	134.3101
ref_present_v_absent	reject	CRISPOR	rejected_side	reject	AGACAGACATGGAGCTGTGACGG	4.0
ref_present_v_absent	reject	CRISPOR	rejected_side	reject	GGGAGAGACTGAGAGCGGGGGGG	2.0
ref_present_v_absent	reject	CRISPOR	rejected_side	reject	AGAGACTGAGAGCGGGGGGGTGG	0.3529
ref_present_v_absent	reject	CRISPOR	rejected_side	reject	GAGACTGAGAGCGGGGGGGTGGG	0.2609
ref_present_v_absent	reject	CRISPOR	rejected_side	reject	CGTCCGTGTTGACCACCCCGGGG	1.4286
ref_present_v_absent	reject	CRISPOR	rejected_side	reject	ACGTCCGTGTTGACCACCCCGGG	1.3846
ref_present_v_absent	reject	CRISPOR	rejected_side	reject	GACGTCCGTGTTGACCACCCCGG	0.7692
ref_present_v_absent	reject	CRISPOR	rejected_side	reject	ACGTCTACAAGCACGTGTTCTGG	1.0
ref_present_v_absent	reject	CRISPOR	rejected_side	reject	CGTCTACAAGCACGTGTTCTGGG	1.3913
ref_present_v_absent	reject	CRISPOR	rejected_side	reject	ACAAGACTGGCATGTGGGCTTGG	0.0
ref_present_v_absent	reject	CRISPOR	rejected_side	reject	AGCTAACAAGACTGGCATGTGGG	1.3882
ref_present_v_absent	reject	CRISPOR	rejected_side	reject	CAGCTAACAAGACTGGCATGTGG	0.6798
ref_present_v_absent	reject	CRISPOR	rejected_side	reject	CGGGTTCAAGAGCCGAGTAGGGG	8.6667
ref_present_v_absent	reject	CRISPOR	rejected_side	reject	ACGGGTTCAAGAGCCGAGTAGGG	7.8261
ref_present_v_absent	reject	CRISPOR	accepted	accept	AACGGGTTCAAGAGCCGAGTAGG	5.6
ref_present_v_absent	reject	CRISPOR	rejected_side	reject	CTCGGCTCTTGAACCCGTTCTGG	10.9091
ref_present_v_absent	reject	CRISPOR	rejected_side	reject	GCTCTTGAACCCGTTCTGGAAGG	11.1673
ref_present_v_absent	reject	CRISPOR	rejected_side	reject	CTCTTGAACCCGTTCTGGAAGGG	11.0071
ref_present_v_absent	reject	CRISPOR	rejected_side	reject	TCTGTGCGGTACGGCTGATCGGG	7.8261
ref_present_v_absent	reject	CRISPOR	rejected_side	reject	CTCTGTGCGGTACGGCTGATCGG	5.6
ref_present_v_absent	reject	CRISPOR	rejected_side	reject	TTGTCTTTCTCTGTGCGGTACGG	12.0
ref_present_v_absent	reject	CRISPOR	accepted	accept	CAGGCGTACGTAACCGGCTTCGG	0.0
ref_present_v_absent	reject	CRISPOR	accepted	accept	AAGCCGGTTACGTACGCCTGAGG	0.0
ref_present_v_absent	reject	CRISPOR	accepted	accept	AGCCGGTTACGTACGCCTGAGGG	0.0
ref_present_v_absent	reject	CRISPOR	accepted	accept	GGCCCTCAGGCGTACGTAACCGG	0.0
ref_present_v_absent	reject	CRISPOR	accepted	accept	GTTACGTACGCCTGAGGGCCAGG	0.0
ref_present_v_absent	reject	CRISPOR	rejected_side	reject	TGGCGGCGGTGGCGGACACTTGG	2.3526
ref_present_v_absent	reject	CRISPOR	rejected_side	reject	GGCGGCGGTGGCGGACACTTGGG	2.6323
ref_present_v_absent	reject	CRISPOR	rejected_side	reject	GCGGCGGTGGCGGACACTTGGGG	3.1319
ref_present_v_absent	reject	CRISPOR	rejected_side	reject	ATGCTACACTCATTCTGCTGAGG	1.1176
ref_present_v_absent	reject	CRISPOR	rejected_side	reject	ACTCATTCTGCTGAGGAAATAGG	3.7297
ref_present_v_absent	reject	CRISPOR	rejected_side	reject	AAATTCAATAGAAATTTATATGG	3.7787
ref_present_v_absent	reject	CRISPOR	rejected_side	reject	ACTGGCTCTGGTCATGCGACAGG	1.8
ref_present_v_absent	reject	CRISPOR	accepted	accept	TGACCAGAGCCAGTTCACCAAGG	11.5059
ref_present_v_absent	reject	CRISPOR	accepted	accept	GCTCCTTGGTGAACTGGCTCTGG	7.7452
ref_present_v_absent	reject	CRISPOR	rejected_side	reject	GCTGCAGCTCCTTGGTGAACTGG	12.4706
ref_present_v_absent	reject	CRISPOR	accepted	accept	TGGGTGAAAAATATATCCGCAGG	8.2298
ref_present_v_absent	reject	CRISPOR	rejected_side	reject	GGGTGAAAAATATATCCGCAGGG	7.8272
ref_present_v_absent	reject	CRISPOR	rejected_side	reject	AAAAATATATCCGCAGGGTTCGG	8.7881
ref_present_v_absent	reject	CRISPOR	rejected_side	reject	TTGAAGAGGCTGGGGAGAAGAGG	9.5262
ref_present_v_absent	reject	CRISPOR	rejected_side	reject	CTGGGAAGTTGAAGAGGCTGGGG	7.8244
ref_present_v_absent	reject	CRISPOR	rejected_side	reject	TCTGGGAAGTTGAAGAGGCTGGG	7.3846
ref_present_v_absent	reject	CRISPOR	rejected_side	reject	CTCTGGGAAGTTGAAGAGGCTGG	6.9846
ref_present_v_absent	reject	CRISPOR	rejected_side	reject	GCAGCTCTGGGAAGTTGAAGAGG	7.0
ref_present_v_absent	reject	CRISPOR	rejected_side	reject	GCGGAGCATTGTCATTCTTCAGG	24.4706
ref_present_v_absent	reject	CRISPOR	rejected_side	reject	ATGTCTGCGGTCAGCTGGGTTGG	4.1533
ref_present_v_absent	reject	CRISPOR	rejected_side	reject	CTGCATGTCTGCGGTCAGCTGGG	3.5467
ref_present_v_absent	reject	CRISPOR	rejected_side	reject	CCAGCTGACCGCAGACATGCAGG	8.6429
ref_present_v_absent	reject	CRISPOR	rejected_side	reject	TGCGTGTCATTCTTGCACAGGGG	34.6813
ref_present_v_absent	reject	CRISPOR	rejected_side	reject	GTGCGTGTCATTCTTGCACAGGG	14.7231
ref_present_v_absent	reject	CRISPOR	rejected_side	reject	TGTGCGTGTCATTCTTGCACAGG	19.2998
ref_present_v_absent	reject	CRISPOR	rejected_side	reject	GTAGAGCACCGAAAACCCCGAGG	0.9412
ref_present_v_absent	reject	CRISPOR	rejected_side	reject	CCGAAAACCCCGAGGAAGAGAGG	1.55
ref_present_v_absent	reject	CRISPOR	rejected_side	reject	AACGCTACCTCTCTTCCTCGGGG	4.6667
ref_present_v_absent	reject	CRISPOR	rejected_side	reject	AAACGCTACCTCTCTTCCTCGGG	4.7059
ref_present_v_absent	reject	CRISPOR	rejected_side	reject	AAAACGCTACCTCTCTTCCTCGG	4.4286
ref_present_v_absent	reject	CRISPOR	rejected_side	reject	CGACGAAGAGAGGTTTAGCAGGG	44.5446
ref_present_v_absent	reject	CRISPOR	rejected_side	reject	TCGACGAAGAGAGGTTTAGCAGG	29.8148
ref_present_v_absent	reject	CRISPOR	rejected_side	reject	GTGTCGGGGTCGACGAAGAGAGG	37.2923
ref_present_v_absent	reject	CRISPOR	rejected_side	reject	TTCGTCGACCCCGACACATCAGG	18.4242
ref_present_v_absent	reject	CRISPOR	accepted	accept	ACCCCTGCACAACGATGACATGG	2.806
ref_present_v_absent	reject	CRISPOR	accepted	accept	CCCCTGCACAACGATGACATGGG	2.7926
ref_present_v_absent	reject	CRISPOR	accepted	accept	TCCCATGTCATCGTTGTGCAGGG	0.9657
ref_present_v_absent	reject	CRISPOR	accepted	accept	TTCCCATGTCATCGTTGTGCAGG	0.8697
ref_present_v_absent	reject	GuideScan2	accepted	accept	CGGGCAGTGAGGACTTGTGGGGG	1.75
ref_present_v_absent	reject	GuideScan2	accepted	accept	TCGGGCAGTGAGGACTTGTGGGG	1.75
ref_present_v_absent	reject	GuideScan2	accepted	accept	CTCGGGCAGTGAGGACTTGTGGG	1.8824
ref_present_v_absent	reject	GuideScan2	accepted	accept	CCACAAGTCCTCACTGCCCGAGG	1.8462
ref_present_v_absent	reject	GuideScan2	accepted	accept	CACAAGTCCTCACTGCCCGAGGG	1.8667
ref_present_v_absent	reject	GuideScan2	accepted	accept	GCGGATGCCCTCGGGCAGTGAGG	0.9231
ref_present_v_absent	reject	GuideScan2	accepted	accept	GGTGAACTGGCTACAACCACAGG	2.75
ref_present_v_absent	reject	GuideScan2	accepted	accept	TATATTCTTTACAGGTGAACTGG	0.3636
ref_present_v_absent	reject	GuideScan2	accepted	accept	AACTTAACTTGGATGATTTCTGG	0.3923
ref_present_v_absent	reject	GuideScan2	rejected_side	reject	TCTTCATTTCCTCAGTGTTCAGG	7.4071
ref_present_v_absent	reject	GuideScan2	rejected_side	reject	GAAATGAAGATGAAAAACCCCGG	9.0
ref_present_v_absent	reject	GuideScan2	accepted	accept	ACATGTTTTGCTAAAGGAGCGGG	2.0114
ref_present_v_absent	reject	GuideScan2	accepted	accept	CACATGTTTTGCTAAAGGAGCGG	4.5
ref_present_v_absent	reject	GuideScan2	accepted	accept	TCTGACACATGTTTTGCTAAAGG	4.5238
ref_present_v_absent	reject	GuideScan2	rejected_side	reject	GGAACCAGCAACTCAATGTCAGG	9.8
ref_present_v_absent	reject	GuideScan2	rejected_side	reject	GGATCCTGACATTGAGTTGCTGG	21.2286
ref_present_v_absent	reject	GuideScan2	rejected_side	reject	GGATCCTGCAGCTGCTCAGAAGG	21.3583
ref_present_v_absent	reject	GuideScan2	rejected_side	reject	GATCCTGCAGCTGCTCAGAAGGG	15.0
ref_present_v_absent	reject	GuideScan2	rejected_side	reject	TCTCCCTTCTGAGCAGCTGCAGG	18.375
ref_present_v_absent	reject	GuideScan2	rejected_side	reject	TGCAGCTGCTCAGAAGGGAGAGG	16.8906
ref_present_v_absent	reject	GuideScan2	rejected_side	reject	TGCTCAGAAGGGAGAGGATGAGG	22.0122
ref_present_v_absent	reject	GuideScan2	rejected_side	reject	GCTCAGAAGGGAGAGGATGAGGG	21.5294
ref_present_v_absent	reject	GuideScan2	rejected_side	reject	CGCATGTCATGATCCTTTCAGGG	21.7714
ref_present_v_absent	reject	GuideScan2	rejected_side	reject	CCTGAAAGGATCATGACATGCGG	2.7692
ref_present_v_absent	reject	GuideScan2	rejected_side	reject	ATGACATGCGGCTGCGCTTTTGG	5.0909
ref_present_v_absent	reject	GuideScan2	accepted	accept	TGGGTGGAAGCAGCGGAGGAAGG	3.1538
ref_present_v_absent	reject	GuideScan2	accepted	accept	GCGTTGGGTGGAAGCAGCGGAGG	2.1429
ref_present_v_absent	reject	GuideScan2	accepted	accept	GCTGCGTTGGGTGGAAGCAGCGG	2.5976
ref_present_v_absent	reject	GuideScan2	rejected_side	reject	AGGCAGGAGGCTGCGTTGGGTGG	1.392
ref_present_v_absent	reject	GuideScan2	accepted	accept	CGGAGGCAGGAGGCTGCGTTGGG	3.0
ref_present_v_absent	reject	GuideScan2	accepted	accept	GCGGAGGCAGGAGGCTGCGTTGG	3.7755
ref_present_v_absent	reject	GuideScan2	accepted	accept	CATCGGGGTCGACCTCCGTCAGG	2.1603
ref_present_v_absent	reject	GuideScan2	accepted	accept	GACGGAGGTCGACCCCGATGAGG	1.2786
ref_present_v_absent	reject	GuideScan2	accepted	accept	GGAGGTCGACCCCGATGAGGAGG	1.1581
ref_present_v_absent	reject	GuideScan2	accepted	accept	CGACCCCGATGAGGAGGTGCAGG	2.4716
ref_present_v_absent	reject	GuideScan2	accepted	accept	GACCCCGATGAGGAGGTGCAGGG	2.981
ref_present_v_absent	reject	GuideScan2	accepted	accept	CGCCCTGCACCTCCTCATCGGGG	2.6314
ref_present_v_absent	reject	GuideScan2	accepted	accept	TCGCCCTGCACCTCCTCATCGGG	2.3846
ref_present_v_absent	reject	GuideScan2	accepted	accept	CTCGCCCTGCACCTCCTCATCGG	2.8036
ref_present_v_absent	reject	GuideScan2	accepted	accept	GTCTGCTTCCAGTGCTGCTCCGG	3.0
ref_present_v_absent	reject	GuideScan2	accepted	accept	TCTGCTTCCAGTGCTGCTCCGGG	2.4286
ref_present_v_absent	reject	GuideScan2	accepted	accept	CTTCCAGTGCTGCTCCGGGAAGG	0.3529
ref_present_v_absent	reject	GuideScan2	accepted	accept	GATCCTTCCCGGAGCAGCACTGG	1.2
ref_present_v_absent	reject	GuideScan2	accepted	accept	CTGGTGGATGGGATCCTTCCCGG	3.0
ref_present_v_absent	reject	GuideScan2	rejected_side	reject	AGAGAGAAAGATCAGGAAGTGGG	5.0423
ref_present_v_absent	reject	GuideScan2	accepted	accept	CAGAGAGAAAGATCAGGAAGTGG	4.2114
ref_present_v_absent	reject	GuideScan2	rejected_side	reject	AGAAGCTTCCTCTGAGTAACAGG	46.881
ref_present_v_absent	reject	GuideScan2	rejected_side	reject	GCAGGTCTCCTGTTACTCAGAGG	47.0857
ref_present_v_absent	reject	GuideScan2	rejected_side	reject	GAGTAACAGGAGACCTGCTGCGG	67.0
ref_present_v_absent	reject	GuideScan2	rejected_side	reject	TAACAGGAGACCTGCTGCGGTGG	50.25
ref_present_v_absent	reject	GuideScan2	rejected_side	reject	AACAGGAGACCTGCTGCGGTGGG	56.6923
ref_present_v_absent	reject	GuideScan2	rejected_side	reject	ACAGGAGACCTGCTGCGGTGGGG	60.3
ref_present_v_absent	reject	GuideScan2	accepted	accept	ATGGTGACCTAAACTAGACCTGG	1.25
ref_present_v_absent	reject	GuideScan2	accepted	accept	TGGTACTAATCAGGGATACATGG	2.0
ref_present_v_absent	reject	GuideScan2	accepted	accept	TTACATGTCATATGAGTGCAGGG	0.9333
ref_present_v_absent	reject	GuideScan2	accepted	accept	TTTACATGTCATATGAGTGCAGG	1.0
ref_present_v_absent	reject	GuideScan2	rejected_side	reject	AAAGTTAACATCTTGGAGGCCGG	58.7382
ref_present_v_absent	reject	GuideScan2	rejected_side	reject	GAGTAAAGTTAACATCTTGGAGG	38.7115
ref_present_v_absent	reject	GuideScan2	accepted	accept	GGTGAGTAAAGTTAACATCTTGG	23.3333
ref_present_v_absent	reject	GuideScan2	rejected_side	reject	AACTTTACTCACCTCTGCCAAGG	38.9211
ref_present_v_absent	reject	GuideScan2	rejected_side	reject	TTCAGACTCTTCTGTAATGAAGG	6.0642
ref_present_v_absent	reject	GuideScan2	accepted	accept	CCCTGCTCCAACTCTTTCCATGG	1.5248
ref_present_v_absent	reject	GuideScan2	accepted	accept	GCCATGGAAAGAGTTGGAGCAGG	2.4425
ref_present_v_absent	reject	GuideScan2	accepted	accept	CTTACTCCTAACGTAGTCCAGGG	5.8947
ref_present_v_absent	reject	GuideScan2	accepted	accept	ACTTACTCCTAACGTAGTCCAGG	4.0
ref_present_v_absent	reject	GuideScan2	accepted	accept	TGGACTACGTTAGGAGTAAGTGG	1.75
ref_present_v_absent	reject	GuideScan2	accepted	accept	GAGTAAGTGGCACCGCTCCGAGG	2.5455
ref_present_v_absent	reject	GuideScan2	accepted	accept	TAAGTGGCACCGCTCCGAGGTGG	7.0
ref_present_v_absent	reject	GuideScan2	rejected_side	reject	AAGTGGCACCGCTCCGAGGTGGG	7.0
ref_present_v_absent	reject	GuideScan2	rejected_side	reject	AGTGGCACCGCTCCGAGGTGGGG	5.3529
ref_present_v_absent	reject	GuideScan2	accepted	accept	GTGGCACCGCTCCGAGGTGGGGG	2.625
ref_present_v_absent	reject	GuideScan2	accepted	accept	CTTCTTCCCCCACCTCGGAGCGG	4.6667
ref_present_v_absent	reject	GuideScan2	rejected_side	reject	CGCTCCGAGGTGGGGGAAGAAGG	5.7049
ref_present_v_absent	reject	GuideScan2	rejected_side	reject	GCTCCGAGGTGGGGGAAGAAGGG	6.7271
ref_present_v_absent	reject	GuideScan2	accepted	accept	TAACCCTTCTTCCCCCACCTCGG	4.6667
ref_present_v_absent	reject	GuideScan2	rejected_side	reject	TGGGGGAAGAAGGGTTATAAAGG	6.6
ref_present_v_absent	reject	GuideScan2	rejected_side	reject	GGGGGAAGAAGGGTTATAAAGGG	8.112
ref_present_v_absent	reject	GuideScan2	accepted	accept	GGTTCCGCCATTATGATTTCAGG	11.7758
ref_present_v_absent	reject	GuideScan2	rejected_side	reject	TCTGCCTGAAATCATAATGGCGG	10.2857
ref_present_v_absent	reject	GuideScan2	rejected_side	reject	AGCTCTGCCTGAAATCATAATGG	11.0
ref_present_v_absent	reject	GuideScan2	rejected_side	reject	ATGATTTCAGGCAGAGCTGCTGG	7.7864
ref_present_v_absent	reject	GuideScan2	rejected_side	reject	TGATTTCAGGCAGAGCTGCTGGG	6.5289
ref_present_v_absent	reject	GuideScan2	accepted	accept	TACCCTTGCTCCGTAAGCCTTGG	7.432
ref_present_v_absent	reject	GuideScan2	rejected_side	reject	AACCAAGGCTTACGGAGCAAGGG	7.0564
ref_present_v_absent	reject	GuideScan2	rejected_side	reject	GAACCAAGGCTTACGGAGCAAGG	10.6806
ref_present_v_absent	reject	GuideScan2	accepted	accept	CTAACTGGAACCAAGGCTTACGG	0.3885
ref_present_v_absent	reject	GuideScan2	accepted	accept	CGTAAGCCTTGGTTCCAGTTAGG	4.8145
ref_present_v_absent	reject	GuideScan2	accepted	accept	GAATGGCCTAACTGGAACCAAGG	4.6
ref_present_v_absent	reject	GuideScan2	rejected_side	reject	CGATACAGAGAAGATTAGTCTGG	12.0568
ref_present_v_absent	reject	GuideScan2	accepted	accept	ATTAGTCTGGCCTCTGCGCAAGG	2.6438
ref_present_v_absent	reject	GuideScan2	rejected_side	reject	TGCATATCATCCTTGCGCAGAGG	23.3069
ref_present_v_absent	reject	GuideScan2	accepted	accept	GTTCATGGTGCTTACCGCTTGGG	1.0588
ref_present_v_absent	reject	GuideScan2	accepted	accept	GGTTCATGGTGCTTACCGCTTGG	1.5714
ref_present_v_absent	reject	GuideScan2	accepted	accept	GATATGAACTGAGGGGTTCATGG	0.8966
ref_present_v_absent	reject	GuideScan2	rejected_side	reject	TCAAAGCTCAAGAAGGCCAATGG	60.1638
ref_present_v_absent	reject	GuideScan2	rejected_side	reject	AGAAGGCCAATGGTATAAAATGG	63.2386
ref_present_v_absent	reject	GuideScan2	rejected_side	reject	CATCATCCATTTTATACCATTGG	20.7
ref_present_v_absent	reject	GuideScan2	rejected_side	reject	GATGCTAGCGGCGGTGACCTCGG	32.5714
ref_present_v_absent	reject	GuideScan2	rejected_side	reject	GACAGAAGTGATGCTAGCGGCGG	10.7048
ref_present_v_absent	reject	GuideScan2	rejected_side	reject	CAGGACAGAAGTGATGCTAGCGG	55.7264
ref_present_v_absent	reject	GuideScan2	accepted	accept	ATCCAGGGAGACGCGTCCAGCGG	0.0
ref_present_v_absent	reject	GuideScan2	accepted	accept	GGCCGCTGGACGCGTCTCCCTGG	0.0
ref_present_v_absent	reject	GuideScan2	accepted	accept	GGGAGACGCGTCCAGCGGCCAGG	0.2429
ref_present_v_absent	reject	GuideScan2	accepted	accept	AGACGCGTCCAGCGGCCAGGCGG	0.0
ref_present_v_absent	reject	GuideScan2	accepted	accept	GACGCGTCCAGCGGCCAGGCGGG	0.0
ref_present_v_absent	reject	GuideScan2	accepted	accept	ACGCGTCCAGCGGCCAGGCGGGG	0.0
ref_present_v_absent	reject	GuideScan2	accepted	accept	CACTGTCCCCGCCTGGCCGCTGG	0.0
ref_present_v_absent	reject	GuideScan2	accepted	accept	AGAACGGCACTGTCCCCGCCTGG	0.0
ref_present_v_absent	reject	GuideScan2	accepted	accept	CGGGGACAGTGCCGTTCTAGAGG	1.4286
ref_present_v_absent	reject	GuideScan2	accepted	accept	ACACACTCAAGAGTTACCTGGGG	0.8571
ref_present_v_absent	reject	GuideScan2	accepted	accept	GACACACTCAAGAGTTACCTGGG	0.0
ref_present_v_absent	reject	GuideScan2	accepted	accept	CGACACACTCAAGAGTTACCTGG	0.0
ref_present_v_absent	reject	GuideScan2	accepted	accept	CGTGCTCCTGTGCAGAGTCGCGG	2.7857
ref_present_v_absent	reject	GuideScan2	accepted	accept	TGAAATCCGCGACTCTGCACAGG	2.4821
ref_present_v_absent	reject	GuideScan2	accepted	accept	AGAGTCGCGGATTTCATCAGAGG	1.2727
ref_present_v_absent	reject	GuideScan2	accepted	accept	TCGCGGATTTCATCAGAGGTTGG	2.0
ref_present_v_absent	reject	GuideScan2	accepted	accept	GACCGAGGGCAAGATCCCCGCGG	2.0
ref_present_v_absent	reject	GuideScan2	accepted	accept	CTCCGCGGGGATCTTGCCCTCGG	1.2941
ref_present_v_absent	reject	GuideScan2	accepted	accept	CGAGGGCAAGATCCCCGCGGAGG	0.75
ref_present_v_absent	reject	GuideScan2	accepted	accept	TTTGCTTGAAGGCCTCCGCGGGG	1.4824
ref_present_v_absent	reject	GuideScan2	accepted	accept	ATTTGCTTGAAGGCCTCCGCGGG	1.2321
ref_present_v_absent	reject	GuideScan2	accepted	accept	GATTTGCTTGAAGGCCTCCGCGG	2.0811
ref_present_v_absent	reject	GuideScan2	rejected_side	reject	GGGCCTGGTTAGTACTTGGACGG	296.3196
ref_present_v_absent	reject	GuideScan2	rejected_side	reject	GGCCTGGTTAGTACTTGGACGGG	34.8233
ref_present_v_absent	reject	GuideScan2	rejected_side	reject	CTCCCGTCCAAGTACTAACCAGG	243.956
ref_present_v_absent	reject	GuideScan2	rejected_side	reject	TACTTGGACGGGAGACCGCCTGG	126.2676
ref_present_v_absent	reject	GuideScan2	rejected_side	reject	ACTTGGACGGGAGACCGCCTGGG	134.3101
ref_present_v_absent	reject	GuideScan2	rejected_side	reject	AGACAGACATGGAGCTGTGACGG	4.0
ref_present_v_absent	reject	GuideScan2	accepted	accept	GGGAGAGACTGAGAGCGGGGGGG	2.0
ref_present_v_absent	reject	GuideScan2	accepted	accept	AGAGACTGAGAGCGGGGGGGTGG	0.3529
ref_present_v_absent	reject	GuideScan2	accepted	accept	GAGACTGAGAGCGGGGGGGTGGG	0.2609
ref_present_v_absent	reject	GuideScan2	accepted	accept	CGTCCGTGTTGACCACCCCGGGG	1.4286
ref_present_v_absent	reject	GuideScan2	accepted	accept	ACGTCCGTGTTGACCACCCCGGG	1.3846
ref_present_v_absent	reject	GuideScan2	accepted	accept	GACGTCCGTGTTGACCACCCCGG	0.7692
ref_present_v_absent	reject	GuideScan2	accepted	accept	ACGTCTACAAGCACGTGTTCTGG	1.0
ref_present_v_absent	reject	GuideScan2	accepted	accept	CGTCTACAAGCACGTGTTCTGGG	1.3913
ref_present_v_absent	reject	GuideScan2	rejected_side	reject	ACAAGACTGGCATGTGGGCTTGG	0.0
ref_present_v_absent	reject	GuideScan2	rejected_side	reject	AGCTAACAAGACTGGCATGTGGG	1.3882
ref_present_v_absent	reject	GuideScan2	accepted	accept	CAGCTAACAAGACTGGCATGTGG	0.6798
ref_present_v_absent	reject	GuideScan2	accepted	accept	CGGGTTCAAGAGCCGAGTAGGGG	8.6667
ref_present_v_absent	reject	GuideScan2	accepted	accept	ACGGGTTCAAGAGCCGAGTAGGG	7.8261
ref_present_v_absent	reject	GuideScan2	accepted	accept	AACGGGTTCAAGAGCCGAGTAGG	5.6
ref_present_v_absent	reject	GuideScan2	accepted	accept	CTCGGCTCTTGAACCCGTTCTGG	10.9091
ref_present_v_absent	reject	GuideScan2	accepted	accept	GCTCTTGAACCCGTTCTGGAAGG	11.1673
ref_present_v_absent	reject	GuideScan2	accepted	accept	CTCTTGAACCCGTTCTGGAAGGG	11.0071
ref_present_v_absent	reject	GuideScan2	accepted	accept	TCTGTGCGGTACGGCTGATCGGG	7.8261
ref_present_v_absent	reject	GuideScan2	accepted	accept	CTCTGTGCGGTACGGCTGATCGG	5.6
ref_present_v_absent	reject	GuideScan2	accepted	accept	TTGTCTTTCTCTGTGCGGTACGG	12.0
ref_present_v_absent	reject	GuideScan2	accepted	accept	CAGGCGTACGTAACCGGCTTCGG	0.0
ref_present_v_absent	reject	GuideScan2	accepted	accept	AAGCCGGTTACGTACGCCTGAGG	0.0
ref_present_v_absent	reject	GuideScan2	accepted	accept	AGCCGGTTACGTACGCCTGAGGG	0.0
ref_present_v_absent	reject	GuideScan2	accepted	accept	GGCCCTCAGGCGTACGTAACCGG	0.0
ref_present_v_absent	reject	GuideScan2	accepted	accept	GTTACGTACGCCTGAGGGCCAGG	0.0
ref_present_v_absent	reject	GuideScan2	accepted	accept	TGGCGGCGGTGGCGGACACTTGG	2.3526
ref_present_v_absent	reject	GuideScan2	accepted	accept	GGCGGCGGTGGCGGACACTTGGG	2.6323
ref_present_v_absent	reject	GuideScan2	accepted	accept	GCGGCGGTGGCGGACACTTGGGG	3.1319
ref_present_v_absent	reject	GuideScan2	accepted	accept	ATGCTACACTCATTCTGCTGAGG	1.1176
ref_present_v_absent	reject	GuideScan2	rejected_side	reject	ACTCATTCTGCTGAGGAAATAGG	3.7297
ref_present_v_absent	reject	GuideScan2	accepted	accept	AAATTCAATAGAAATTTATATGG	3.7787
ref_present_v_absent	reject	GuideScan2	accepted	accept	ACTGGCTCTGGTCATGCGACAGG	1.8
ref_present_v_absent	reject	GuideScan2	accepted	accept	TGACCAGAGCCAGTTCACCAAGG	11.5059
ref_present_v_absent	reject	GuideScan2	accepted	accept	GCTCCTTGGTGAACTGGCTCTGG	7.7452
ref_present_v_absent	reject	GuideScan2	rejected_side	reject	GCTGCAGCTCCTTGGTGAACTGG	12.4706
ref_present_v_absent	reject	GuideScan2	accepted	accept	TGGGTGAAAAATATATCCGCAGG	8.2298
ref_present_v_absent	reject	GuideScan2	rejected_side	reject	GGGTGAAAAATATATCCGCAGGG	7.8272
ref_present_v_absent	reject	GuideScan2	rejected_side	reject	AAAAATATATCCGCAGGGTTCGG	8.7881
ref_present_v_absent	reject	GuideScan2	rejected_side	reject	TTGAAGAGGCTGGGGAGAAGAGG	9.5262
ref_present_v_absent	reject	GuideScan2	rejected_side	reject	CTGGGAAGTTGAAGAGGCTGGGG	7.8244
ref_present_v_absent	reject	GuideScan2	accepted	accept	TCTGGGAAGTTGAAGAGGCTGGG	7.3846
ref_present_v_absent	reject	GuideScan2	accepted	accept	CTCTGGGAAGTTGAAGAGGCTGG	6.9846
ref_present_v_absent	reject	GuideScan2	rejected_side	reject	GCAGCTCTGGGAAGTTGAAGAGG	7.0
ref_present_v_absent	reject	GuideScan2	rejected_side	reject	GCGGAGCATTGTCATTCTTCAGG	24.4706
ref_present_v_absent	reject	GuideScan2	rejected_side	reject	ATGTCTGCGGTCAGCTGGGTTGG	4.1533
ref_present_v_absent	reject	GuideScan2	rejected_side	reject	CTGCATGTCTGCGGTCAGCTGGG	3.5467
ref_present_v_absent	reject	GuideScan2	rejected_side	reject	CCAGCTGACCGCAGACATGCAGG	8.6429
ref_present_v_absent	reject	GuideScan2	rejected_side	reject	TGCGTGTCATTCTTGCACAGGGG	34.6813
ref_present_v_absent	reject	GuideScan2	rejected_side	reject	GTGCGTGTCATTCTTGCACAGGG	14.7231
ref_present_v_absent	reject	GuideScan2	rejected_side	reject	TGTGCGTGTCATTCTTGCACAGG	19.2998
ref_present_v_absent	reject	GuideScan2	accepted	accept	GTAGAGCACCGAAAACCCCGAGG	0.9412
ref_present_v_absent	reject	GuideScan2	accepted	accept	CCGAAAACCCCGAGGAAGAGAGG	1.55
ref_present_v_absent	reject	GuideScan2	accepted	accept	AACGCTACCTCTCTTCCTCGGGG	4.6667
ref_present_v_absent	reject	GuideScan2	accepted	accept	AAACGCTACCTCTCTTCCTCGGG	4.7059
ref_present_v_absent	reject	GuideScan2	accepted	accept	AAAACGCTACCTCTCTTCCTCGG	4.4286
ref_present_v_absent	reject	GuideScan2	rejected_side	reject	CGACGAAGAGAGGTTTAGCAGGG	44.5446
ref_present_v_absent	reject	GuideScan2	rejected_side	reject	TCGACGAAGAGAGGTTTAGCAGG	29.8148
ref_present_v_absent	reject	GuideScan2	rejected_side	reject	GTGTCGGGGTCGACGAAGAGAGG	37.2923
ref_present_v_absent	reject	GuideScan2	rejected_side	reject	TTCGTCGACCCCGACACATCAGG	18.4242
ref_present_v_absent	reject	GuideScan2	accepted	accept	ACCCCTGCACAACGATGACATGG	2.806
ref_present_v_absent	reject	GuideScan2	accepted	accept	CCCCTGCACAACGATGACATGGG	2.7926
ref_present_v_absent	reject	GuideScan2	accepted	accept	TCCCATGTCATCGTTGTGCAGGG	0.9657
ref_present_v_absent	reject	GuideScan2	accepted	accept	TTCCCATGTCATCGTTGTGCAGG	0.8697
ref_multiple_v_single	accept	kRISP-meR	rejected_side	not_generated	TGTAATCCCAGCTGCCCAAGAGG	1994.9892
ref_multiple_v_single	accept	kRISP-meR	rejected_side	reject	GGTAAAAGATGCCTCACTTCTGG	13.2667
ref_multiple_v_single	accept	kRISP-meR	rejected_side	reject	GTAAAAGATGCCTCACTTCTGGG	13.4
ref_multiple_v_single	accept	kRISP-meR	rejected_side	reject	TAAAAGATGCCTCACTTCTGGGG	11.4167
ref_multiple_v_single	accept	kRISP-meR	rejected_side	reject	GGAGCTGTGACGAGAGCAAGAGG	2.0694
ref_multiple_v_single	accept	kRISP-meR	rejected_side	reject	GTCAAATTTAAGAATGATGGAGG	2.7123
ref_multiple_v_single	accept	kRISP-meR	rejected_side	reject	CTCAGCCGCCGCCGCCCGTCGGG	1.7604
ref_multiple_v_single	accept	kRISP-meR	rejected_side	reject	CCGACGGGCGGCGGCGGCTGAGG	3.3338
ref_multiple_v_single	accept	kRISP-meR	rejected_side	reject	ACGGGCGGCGGCGGCTGAGGTGG	1.9091
ref_multiple_v_single	accept	kRISP-meR	rejected_side	reject	GGCGGCGGCGGCTGAGGTGGAGG	9.6505
ref_multiple_v_single	accept	kRISP-meR	rejected_side	reject	TGATGGGGCTCTGGAGGCTGGGG	2.9619
ref_multiple_v_single	accept	kRISP-meR	rejected_side	reject	GTGATGGGGCTCTGGAGGCTGGG	3.0224
ref_multiple_v_single	accept	kRISP-meR	rejected_side	reject	GGTGATGGGGCTCTGGAGGCTGG	3.7691
ref_multiple_v_single	accept	kRISP-meR	rejected_side	reject	CCTCCAGAGCCCCATCACCGTGG	1.6667
ref_multiple_v_single	accept	kRISP-meR	rejected_side	reject	ACTCCACGGTGATGGGGCTCTGG	1.8571
ref_multiple_v_single	accept	kRISP-meR	rejected_side	reject	AGAGCCCCATCACCGTGGAGTGG	2.7417
ref_multiple_v_single	accept	kRISP-meR	rejected_side	reject	GCAGCAACGCCCCGGGGCCCCGG	2.3077
ref_multiple_v_single	accept	kRISP-meR	rejected_side	reject	CGGCGCTTATTTGGCCTGGATGG	6.6367
ref_multiple_v_single	accept	kRISP-meR	rejected_side	reject	CATCCAGGCCAAATAAGCGCCGG	5.4142
ref_multiple_v_single	accept	kRISP-meR	rejected_side	reject	TAGCCGGCGCTTATTTGGCCTGG	6.0366
ref_multiple_v_single	accept	kRISP-meR	rejected_side	reject	GGGCATAGCCGGCGCTTATTTGG	4.8385
ref_multiple_v_single	accept	kRISP-meR	rejected_side	reject	CGCCGGCTATGCCCCTGTATTGG	3.8907
ref_multiple_v_single	accept	kRISP-meR	rejected_side	reject	GAAAGGGAAAAAGGAAAGAAAGG	76.1953
ref_multiple_v_single	accept	kRISP-meR	rejected_side	reject	ATATCGTACTTCTAGTTTACTGG	1.7143
ref_multiple_v_single	accept	kRISP-meR	rejected_side	not_generated	TGTTTGAATCCAGGAGATGGAGG	1112.2799
ref_multiple_v_single	accept	kRISP-meR	rejected_side	not_generated	AATTGTTTGAATCCAGGAGATGG	1077.3132
ref_multiple_v_single	accept	kRISP-meR	rejected_side	reject	GATGAGCTTTCACTCAACCCCGG	2.0
ref_multiple_v_single	accept	kRISP-meR	rejected_side	reject	CACTCAACCCCGGCAAGCAGAGG	2.4137
ref_multiple_v_single	accept	kRISP-meR	accepted	accept	GGAGGAACAGTGGTAAGAAAAGG	1.0
ref_multiple_v_single	accept	kRISP-meR	rejected_side	not_generated	GAGAACTACTTGAACTCTGGAGG	364.8348
ref_multiple_v_single	accept	kRISP-meR	rejected_side	reject	AGGTGTGATGATGGAAGCAGAGG	46.3034
ref_multiple_v_single	accept	kRISP-meR	rejected_side	reject	AGCGGCGAGCAGCAGCTGGACGG	6.625
ref_multiple_v_single	accept	kRISP-meR	rejected_side	reject	AGCAGCTGGACGGTAACATCTGG	2.037
ref_multiple_v_single	accept	kRISP-meR	rejected_side	reject	TGGACGGTAACATCTGGAAATGG	4.0857
ref_multiple_v_single	accept	kRISP-meR	rejected_side	reject	ACAACTTGTATGTCTTCACAAGG	1.6429
ref_multiple_v_single	accept	kRISP-meR	rejected_side	reject	CTTAAAGAAACCAGGGGTGCAGG	4.233
ref_multiple_v_single	accept	kRISP-meR	rejected_side	reject	TTATTACCCCCATGGGATGGGGG	3.0
ref_multiple_v_single	accept	kRISP-meR	rejected_side	reject	CTTATTACCCCCATGGGATGGGG	2.8462
ref_multiple_v_single	accept	kRISP-meR	rejected_side	reject	TCTTATTACCCCCATGGGATGGG	2.0667
ref_multiple_v_single	accept	kRISP-meR	rejected_side	reject	CTCTTATTACCCCCATGGGATGG	2.3333
ref_multiple_v_single	accept	kRISP-meR	rejected_side	reject	ACTGCTCTTATTACCCCCATGGG	1.5455
ref_multiple_v_single	accept	kRISP-meR	rejected_side	reject	TACAGGCACCCACCACGCCCGGG	52.4178
ref_multiple_v_single	accept	kRISP-meR	rejected_side	reject	GGAGCCAGGAGCCAGGAGCCAGG	14.3858
ref_multiple_v_single	accept	kRISP-meR	rejected_side	reject	TTCTCCTCCCCCAACACTGCAGG	5.2667
ref_multiple_v_single	accept	kRISP-meR	rejected_side	reject	TCTCCTCCCCCAACACTGCAGGG	6.5276
ref_multiple_v_single	accept	kRISP-meR	rejected_side	reject	CTCCTCCCCCAACACTGCAGGGG	6.0343
ref_multiple_v_single	accept	kRISP-meR	rejected_side	reject	TCCTCCCCCAACACTGCAGGGGG	6.2286
ref_multiple_v_single	accept	kRISP-meR	accepted	accept	TCCCCCTGCAGTGTTGGGGGAGG	2.6186
ref_multiple_v_single	accept	kRISP-meR	rejected_side	reject	ATGGAGGTAACACTCAGGTCAGG	2.7647
ref_multiple_v_single	accept	kRISP-meR	rejected_side	reject	ACCATGGTTGGAAACAATGAAGG	1.9333
ref_multiple_v_single	accept	kRISP-meR	rejected_side	reject	ACAAAACAAAACAAAACTGTGGG	103.8832
ref_multiple_v_single	accept	kRISP-meR	accepted	accept	TGGGAGCTGTCTGGGGTAGATGG	1.0
ref_multiple_v_single	accept	kRISP-meR	accepted	accept	AGCATGGTGGGAGCTGTCTGGGG	1.0
ref_multiple_v_single	accept	kRISP-meR	rejected_side	reject	GAGCATGGTGGGAGCTGTCTGGG	1.9923
ref_multiple_v_single	accept	kRISP-meR	accepted	accept	TGAGCATGGTGGGAGCTGTCTGG	1.3143
ref_multiple_v_single	accept	kRISP-meR	rejected_side	reject	AGACAGCTCCCACCATGCTCAGG	1.7292
ref_multiple_v_single	accept	kRISP-meR	rejected_side	reject	GGGGGTGGCCTGAGCATGGTGGG	1.8
ref_multiple_v_single	accept	kRISP-meR	accepted	accept	TGGGGGTGGCCTGAGCATGGTGG	1.0
ref_multiple_v_single	accept	kRISP-meR	accepted	accept	ACCATGCTCAGGCCACCCCCAGG	1.1765
ref_multiple_v_single	accept	kRISP-meR	accepted	accept	ACCTGGGGGTGGCCTGAGCATGG	1.1478
ref_multiple_v_single	accept	kRISP-meR	accepted	accept	ATGCTCAGGCCACCCCCAGGTGG	1.0
ref_multiple_v_single	accept	kRISP-meR	accepted	accept	GTTGTATCTCCACCTGGGGGTGG	1.0
ref_multiple_v_single	accept	kRISP-meR	accepted	accept	CTTGTTGTATCTCCACCTGGGGG	1.0
ref_multiple_v_single	accept	kRISP-meR	rejected_side	reject	GCTTGTTGTATCTCCACCTGGGG	1.64
ref_multiple_v_single	accept	kRISP-meR	accepted	accept	GGCTTGTTGTATCTCCACCTGGG	1.0
ref_multiple_v_single	accept	kRISP-meR	accepted	accept	CGGCTTGTTGTATCTCCACCTGG	1.0
ref_multiple_v_single	accept	kRISP-meR	accepted	accept	AAATCAGGGGTAGGGGGTAGCGG	1.0
ref_multiple_v_single	accept	kRISP-meR	accepted	accept	TGCGGCAAATCAGGGGTAGGGGG	1.0
ref_multiple_v_single	accept	kRISP-meR	accepted	accept	CTGCGGCAAATCAGGGGTAGGGG	1.0
ref_multiple_v_single	accept	kRISP-meR	accepted	accept	GCTGCGGCAAATCAGGGGTAGGG	1.0
ref_multiple_v_single	accept	kRISP-meR	accepted	accept	GGCTGCGGCAAATCAGGGGTAGG	1.0
ref_multiple_v_single	accept	kRISP-meR	accepted	accept	GTGGGGCTGCGGCAAATCAGGGG	1.0
ref_multiple_v_single	accept	kRISP-meR	accepted	accept	GGTGGGGCTGCGGCAAATCAGGG	1.0
ref_multiple_v_single	accept	kRISP-meR	accepted	accept	AGGTGGGGCTGCGGCAAATCAGG	1.0
ref_multiple_v_single	accept	kRISP-meR	rejected_side	reject	ATGGGAGGAAGGTGGGGCTGCGG	1.9
ref_multiple_v_single	accept	kRISP-meR	rejected_side	reject	GCAGAAATGGGAGGAAGGTGGGG	1.9801
ref_multiple_v_single	accept	kRISP-meR	rejected_side	reject	AGCAGAAATGGGAGGAAGGTGGG	2.3589
ref_multiple_v_single	accept	kRISP-meR	rejected_side	reject	GAGCAGAAATGGGAGGAAGGTGG	3.2389
ref_multiple_v_single	accept	kRISP-meR	rejected_side	reject	CAGGAGCAGAAATGGGAGGAAGG	3.0721
ref_multiple_v_single	accept	kRISP-meR	rejected_side	reject	CTTCCTCCCATTTCTGCTCCTGG	2.3655
ref_multiple_v_single	accept	kRISP-meR	rejected_side	reject	CTACCAGGAGCAGAAATGGGAGG	3.5536
ref_multiple_v_single	accept	kRISP-meR	accepted	accept	GAGCTACCAGGAGCAGAAATGGG	1.4455
ref_multiple_v_single	accept	kRISP-meR	accepted	accept	TGAGCTACCAGGAGCAGAAATGG	1.0
ref_multiple_v_single	accept	kRISP-meR	accepted	accept	TTTCTGCTCCTGGTAGCTCAAGG	1.0
ref_multiple_v_single	accept	kRISP-meR	accepted	accept	CTGTAGATCCTTGAGCTACCAGG	1.0
ref_multiple_v_single	accept	kRISP-meR	accepted	accept	CTGGTAGCTCAAGGATCTACAGG	1.0
ref_multiple_v_single	accept	kRISP-meR	rejected_side	reject	GGCCCGGCCCCTCCCCCGCCAGG	4.4558
ref_multiple_v_single	accept	kRISP-meR	accepted	accept	GAGGGGCCGGGCCTGTGCACTGG	1.0
ref_multiple_v_single	accept	kRISP-meR	rejected_side	reject	CCGGGCCTGTGCACTGGCAGTGG	1.0706
ref_multiple_v_single	accept	kRISP-meR	rejected_side	reject	GGCCTGTGCACTGGCAGTGGTGG	2.0504
ref_multiple_v_single	accept	kRISP-meR	rejected_side	reject	TGCCACCACTGCCAGTGCACAGG	1.725
ref_multiple_v_single	accept	kRISP-meR	rejected_side	reject	CACTGGCAGTGGTGGCACCACGG	1.3846
ref_multiple_v_single	accept	kRISP-meR	accepted	accept	ACTGGCAGTGGTGGCACCACGGG	1.0629
ref_multiple_v_single	accept	kRISP-meR	accepted	accept	GTGGTGGCACCACGGGCCCTTGG	1.0
ref_multiple_v_single	accept	kRISP-meR	accepted	accept	TGGTGGCACCACGGGCCCTTGGG	1.0
ref_multiple_v_single	accept	kRISP-meR	accepted	accept	GGTGGCACCACGGGCCCTTGGGG	1.0
ref_multiple_v_single	accept	kRISP-meR	accepted	accept	TTGGTGTCCCCAAGGGCCCGTGG	1.0
ref_multiple_v_single	accept	kRISP-meR	accepted	accept	AGCTCACTTGGTGTCCCCAAGGG	1.0
ref_multiple_v_single	accept	kRISP-meR	accepted	accept	GAGCTCACTTGGTGTCCCCAAGG	1.0
ref_multiple_v_single	accept	kRISP-meR	accepted	accept	ACCAAGTGAGCTCTTTAAAGTGG	1.0
ref_multiple_v_single	accept	kRISP-meR	accepted	accept	GCCACTTTAAAGAGCTCACTTGG	1.0
ref_multiple_v_single	accept	kRISP-meR	rejected_side	reject	GCTCTTTAAAGTGGCTAAAGTGG	2.0796
ref_multiple_v_single	accept	kRISP-meR	accepted	accept	TAGAATCTATACAAAACACAAGG	1.1661
ref_multiple_v_single	accept	kRISP-meR	rejected_side	reject	AGATTCTACCAATTAAAAAAAGG	1.7143
ref_multiple_v_single	accept	kRISP-meR	rejected_side	reject	CCAATTAAAAAAAGGAAATGTGG	2.45
ref_multiple_v_single	accept	kRISP-meR	rejected_side	reject	CAATTAAAAAAAGGAAATGTGGG	3.4989
ref_multiple_v_single	accept	kRISP-meR	rejected_side	reject	TAAAAAAAGGAAATGTGGGCCGG	9.1684
ref_multiple_v_single	accept	kRISP-meR	rejected_side	reject	AAAAAAAGGAAATGTGGGCCGGG	12.7538
ref_multiple_v_single	accept	kRISP-meR	rejected_side	not_generated	CATGCTCCTCAGCTTGCAGACGG	999.0253
ref_multiple_v_single	accept	kRISP-meR	rejected_side	reject	AGGACGCTGGAGCATGGGTAAGG	1.6
ref_multiple_v_single	accept	kRISP-meR	rejected_side	reject	GGTGAAGGACGCTGGAGCATGGG	2.0
ref_multiple_v_single	accept	kRISP-meR	rejected_side	reject	AGACATACGATAAGACATACTGG	8.7753
ref_multiple_v_single	accept	kRISP-meR	rejected_side	reject	CGAGTCCGAGAGAGGAGCCGCGG	1.0543
ref_multiple_v_single	accept	kRISP-meR	rejected_side	reject	GAGTCCGAGAGAGGAGCCGCGGG	1.1167
ref_multiple_v_single	accept	kRISP-meR	rejected_side	reject	GGCGCCCGCGGCTCCTCTCTCGG	1.1657
ref_multiple_v_single	accept	kRISP-meR	rejected_side	reject	GAGAGGAGCCGCGGGCGCCGTGG	1.225
ref_multiple_v_single	accept	kRISP-meR	rejected_side	reject	TGCTCTATCCACGGCGCCCGCGG	4.6696
ref_multiple_v_single	accept	kRISP-meR	rejected_side	reject	GCGGGCGCCGTGGATAGAGCAGG	5.413
ref_multiple_v_single	accept	kRISP-meR	accepted	accept	GTGCTCTCTTCCAAGGCTGTAGG	1.375
ref_multiple_v_single	accept	kRISP-meR	rejected_side	reject	TTCCAAGGCTGTAGGAGTTCTGG	1.65
ref_multiple_v_single	accept	kRISP-meR	rejected_side	reject	CTCCAGAACTCCTACAGCCTTGG	1.4744
ref_multiple_v_single	accept	kRISP-meR	rejected_side	reject	TGTAGGAGTTCTGGAGCTGCTGG	1.8
ref_multiple_v_single	accept	kRISP-meR	rejected_side	not_generated	GGTGGTGGTGGTGGCAGTGGCGG	247.1755
ref_multiple_v_single	accept	kRISP-meR	rejected_side	reject	AATGACTGTAATGTGCATCCTGG	6.2146
ref_multiple_v_single	accept	kRISP-meR	accepted	accept	GGACTTTCATTTCAGAGATTCGG	1.4615
ref_multiple_v_single	accept	kRISP-meR	rejected_side	reject	AGTCAGAATCACCAGACTTTGGG	2.4743
ref_multiple_v_single	accept	kRISP-meR	rejected_side	reject	GTCAGAATCACCAGACTTTGGGG	2.0
ref_multiple_v_single	accept	kRISP-meR	rejected_side	reject	TATAGCTTGGCCCCAAAGTCTGG	1.9474
ref_multiple_v_single	accept	kRISP-meR	rejected_side	reject	GGGCCAAGCTATAGACCTATTGG	1.8
ref_multiple_v_single	accept	kRISP-meR	rejected_side	not_generated	TATTTCCTCTTCTGTAAAATGGG	555.8631
ref_multiple_v_single	accept	kRISP-meR	rejected_side	reject	TTTTTTTTAAAAAAAAGGAGGGG	53.1754
ref_multiple_v_single	accept	kRISP-meR	rejected_side	reject	CATCCCTCCCCAGGAAACCCAGG	2.0
ref_multiple_v_single	accept	kRISP-meR	rejected_side	reject	GGGCCTGGGTTTCCTGGGGAGGG	3.2413
ref_multiple_v_single	accept	kRISP-meR	rejected_side	reject	AGGGCCTGGGTTTCCTGGGGAGG	2.8674
ref_multiple_v_single	accept	kRISP-meR	rejected_side	reject	CTCAGGGCCTGGGTTTCCTGGGG	1.7686
ref_multiple_v_single	accept	kRISP-meR	rejected_side	not_generated	CAGGCACCCACTACCATGTCCGG	556.6151
ref_multiple_v_single	accept	kRISP-meR	rejected_side	not_generated	CACTGCAACTGCCACTTCCTGGG	691.06
ref_multiple_v_single	accept	kRISP-meR	rejected_side	not_generated	TCACTGCAACTGCCACTTCCTGG	604.5404
ref_multiple_v_single	accept	kRISP-meR	accepted	accept	TGCAAGTGCCATCTGCAGTGTGG	1.1333
ref_multiple_v_single	accept	kRISP-meR	accepted	accept	GCAAGTGCCATCTGCAGTGTGGG	1.0588
ref_multiple_v_single	accept	kRISP-meR	accepted	accept	CAAGTGCCATCTGCAGTGTGGGG	1.1538
ref_multiple_v_single	accept	kRISP-meR	accepted	accept	AAGTGCCATCTGCAGTGTGGGGG	1.05
ref_multiple_v_single	accept	kRISP-meR	accepted	accept	TGGTTCCCCCACACTGCAGATGG	1.4286
ref_multiple_v_single	accept	kRISP-meR	rejected_side	reject	AAAATACTAATACCAAATGCAGG	2.6452
ref_multiple_v_single	accept	kRISP-meR	accepted	accept	ACCTTTCATTGATCCAATTACGG	1.2727
ref_multiple_v_single	accept	kRISP-meR	rejected_side	reject	GCCGTAATTGGATCAATGAAAGG	1.5556
ref_multiple_v_single	accept	kRISP-meR	rejected_side	reject	TTGTGTCAAAGAGCCGTAATTGG	2.0
ref_multiple_v_single	accept	kRISP-meR	rejected_side	reject	AATGGTTTTTTTTTTTTTTCTGG	100.2553
ref_multiple_v_single	accept	kRISP-meR	rejected_side	reject	AGAGATGACAACGAGTTGGCGGG	2.0239
ref_multiple_v_single	accept	kRISP-meR	rejected_side	reject	GAGAGATGACAACGAGTTGGCGG	2.2105
ref_multiple_v_single	accept	kRISP-meR	rejected_side	not_generated	TCTTGAACTCCTGGACTCGAGGG	822.1227
ref_multiple_v_single	accept	kRISP-meR	rejected_side	not_generated	AGAACAAAGCTCCCACAACGTGG	206.6774
ref_multiple_v_single	accept	kRISP-meR	rejected_side	not_generated	ATATACAAAAAAAATGAGCTGGG	512.5146
ref_multiple_v_single	accept	kRISP-meR	rejected_side	not_generated	AATATACAAAAAAAATGAGCTGG	216.9475
ref_multiple_v_single	accept	kRISP-meR	rejected_side	reject	ACACTGTTAAAAAAAAAAAAAGG	166.7186
ref_multiple_v_single	accept	kRISP-meR	rejected_side	reject	TCTCTTTCTTTTTCAAGTAGAGG	2.3875
ref_multiple_v_single	accept	kRISP-meR	rejected_side	reject	CTACTTGAAAAAGAAAGAGATGG	1.6923
ref_multiple_v_single	accept	kRISP-meR	rejected_side	reject	AAAAAGAAAGAGATGGATTACGG	4.5556
ref_multiple_v_single	accept	kRISP-meR	rejected_side	reject	AGAGATGGATTACGGTGCCGAGG	1.75
ref_multiple_v_single	accept	kRISP-meR	rejected_side	reject	TCTGTTTATTCAGAGGCATGAGG	17.8023
ref_multiple_v_single	accept	CRISPOR	rejected_side	reject	TGTAATCCCAGCTGCCCAAGAGG	1994.9892
ref_multiple_v_single	accept	CRISPOR	rejected_side	reject	GGTAAAAGATGCCTCACTTCTGG	13.2667
ref_multiple_v_single	accept	CRISPOR	rejected_side	reject	GTAAAAGATGCCTCACTTCTGGG	13.4
ref_multiple_v_single	accept	CRISPOR	rejected_side	reject	TAAAAGATGCCTCACTTCTGGGG	11.4167
ref_multiple_v_single	accept	CRISPOR	rejected_side	reject	GGAGCTGTGACGAGAGCAAGAGG	2.0694
ref_multiple_v_single	accept	CRISPOR	accepted	accept	GTCAAATTTAAGAATGATGGAGG	2.7123
ref_multiple_v_single	accept	CRISPOR	rejected_side	reject	CTCAGCCGCCGCCGCCCGTCGGG	1.7604
ref_multiple_v_single	accept	CRISPOR	rejected_side	reject	CCGACGGGCGGCGGCGGCTGAGG	3.3338
ref_multiple_v_single	accept	CRISPOR	rejected_side	reject	ACGGGCGGCGGCGGCTGAGGTGG	1.9091
ref_multiple_v_single	accept	CRISPOR	rejected_side	reject	GGCGGCGGCGGCTGAGGTGGAGG	9.6505
ref_multiple_v_single	accept	CRISPOR	rejected_side	reject	TGATGGGGCTCTGGAGGCTGGGG	2.9619
ref_multiple_v_single	accept	CRISPOR	rejected_side	reject	GTGATGGGGCTCTGGAGGCTGGG	3.0224
ref_multiple_v_single	accept	CRISPOR	rejected_side	reject	GGTGATGGGGCTCTGGAGGCTGG	3.7691
ref_multiple_v_single	accept	CRISPOR	rejected_side	reject	CCTCCAGAGCCCCATCACCGTGG	1.6667
ref_multiple_v_single	accept	CRISPOR	rejected_side	reject	ACTCCACGGTGATGGGGCTCTGG	1.8571
ref_multiple_v_single	accept	CRISPOR	rejected_side	reject	AGAGCCCCATCACCGTGGAGTGG	2.7417
ref_multiple_v_single	accept	CRISPOR	rejected_side	reject	GCAGCAACGCCCCGGGGCCCCGG	2.3077
ref_multiple_v_single	accept	CRISPOR	rejected_side	reject	CGGCGCTTATTTGGCCTGGATGG	6.6367
ref_multiple_v_single	accept	CRISPOR	rejected_side	reject	CATCCAGGCCAAATAAGCGCCGG	5.4142
ref_multiple_v_single	accept	CRISPOR	rejected_side	reject	TAGCCGGCGCTTATTTGGCCTGG	6.0366
ref_multiple_v_single	accept	CRISPOR	rejected_side	reject	GGGCATAGCCGGCGCTTATTTGG	4.8385
ref_multiple_v_single	accept	CRISPOR	rejected_side	reject	CGCCGGCTATGCCCCTGTATTGG	3.8907
ref_multiple_v_single	accept	CRISPOR	rejected_side	reject	GAAAGGGAAAAAGGAAAGAAAGG	76.1953
ref_multiple_v_single	accept	CRISPOR	rejected_side	reject	ATATCGTACTTCTAGTTTACTGG	1.7143
ref_multiple_v_single	accept	CRISPOR	rejected_side	reject	TGTTTGAATCCAGGAGATGGAGG	1112.2799
ref_multiple_v_single	accept	CRISPOR	rejected_side	reject	AATTGTTTGAATCCAGGAGATGG	1077.3132
ref_multiple_v_single	accept	CRISPOR	rejected_side	reject	GATGAGCTTTCACTCAACCCCGG	2.0
ref_multiple_v_single	accept	CRISPOR	rejected_side	reject	CACTCAACCCCGGCAAGCAGAGG	2.4137
ref_multiple_v_single	accept	CRISPOR	rejected_side	reject	GGAGGAACAGTGGTAAGAAAAGG	1.0
ref_multiple_v_single	accept	CRISPOR	rejected_side	reject	GAGAACTACTTGAACTCTGGAGG	364.8348
ref_multiple_v_single	accept	CRISPOR	rejected_side	reject	AGGTGTGATGATGGAAGCAGAGG	46.3034
ref_multiple_v_single	accept	CRISPOR	rejected_side	reject	AGCGGCGAGCAGCAGCTGGACGG	6.625
ref_multiple_v_single	accept	CRISPOR	rejected_side	reject	AGCAGCTGGACGGTAACATCTGG	2.037
ref_multiple_v_single	accept	CRISPOR	rejected_side	reject	TGGACGGTAACATCTGGAAATGG	4.0857
ref_multiple_v_single	accept	CRISPOR	rejected_side	reject	ACAACTTGTATGTCTTCACAAGG	1.6429
ref_multiple_v_single	accept	CRISPOR	rejected_side	reject	CTTAAAGAAACCAGGGGTGCAGG	4.233
ref_multiple_v_single	accept	CRISPOR	rejected_side	reject	TTATTACCCCCATGGGATGGGGG	3.0
ref_multiple_v_single	accept	CRISPOR	rejected_side	reject	CTTATTACCCCCATGGGATGGGG	2.8462
ref_multiple_v_single	accept	CRISPOR	rejected_side	reject	TCTTATTACCCCCATGGGATGGG	2.0667
ref_multiple_v_single	accept	CRISPOR	rejected_side	reject	CTCTTATTACCCCCATGGGATGG	2.3333
ref_multiple_v_single	accept	CRISPOR	rejected_side	reject	ACTGCTCTTATTACCCCCATGGG	1.5455
ref_multiple_v_single	accept	CRISPOR	rejected_side	reject	TACAGGCACCCACCACGCCCGGG	52.4178
ref_multiple_v_single	accept	CRISPOR	rejected_side	reject	GGAGCCAGGAGCCAGGAGCCAGG	14.3858
ref_multiple_v_single	accept	CRISPOR	rejected_side	reject	TTCTCCTCCCCCAACACTGCAGG	5.2667
ref_multiple_v_single	accept	CRISPOR	rejected_side	reject	TCTCCTCCCCCAACACTGCAGGG	6.5276
ref_multiple_v_single	accept	CRISPOR	rejected_side	reject	CTCCTCCCCCAACACTGCAGGGG	6.0343
ref_multiple_v_single	accept	CRISPOR	rejected_side	reject	TCCTCCCCCAACACTGCAGGGGG	6.2286
ref_multiple_v_single	accept	CRISPOR	rejected_side	reject	TCCCCCTGCAGTGTTGGGGGAGG	2.6186
ref_multiple_v_single	accept	CRISPOR	rejected_side	reject	ATGGAGGTAACACTCAGGTCAGG	2.7647
ref_multiple_v_single	accept	CRISPOR	rejected_side	reject	ACCATGGTTGGAAACAATGAAGG	1.9333
ref_multiple_v_single	accept	CRISPOR	rejected_side	reject	ACAAAACAAAACAAAACTGTGGG	103.8832
ref_multiple_v_single	accept	CRISPOR	rejected_side	reject	TGGGAGCTGTCTGGGGTAGATGG	1.0
ref_multiple_v_single	accept	CRISPOR	rejected_side	reject	AGCATGGTGGGAGCTGTCTGGGG	1.0
ref_multiple_v_single	accept	CRISPOR	rejected_side	reject	GAGCATGGTGGGAGCTGTCTGGG	1.9923
ref_multiple_v_single	accept	CRISPOR	rejected_side	reject	TGAGCATGGTGGGAGCTGTCTGG	1.3143
ref_multiple_v_single	accept	CRISPOR	rejected_side	reject	AGACAGCTCCCACCATGCTCAGG	1.7292
ref_multiple_v_single	accept	CRISPOR	rejected_side	reject	GGGGGTGGCCTGAGCATGGTGGG	1.8
ref_multiple_v_single	accept	CRISPOR	rejected_side	reject	TGGGGGTGGCCTGAGCATGGTGG	1.0
ref_multiple_v_single	accept	CRISPOR	rejected_side	reject	ACCATGCTCAGGCCACCCCCAGG	1.1765
ref_multiple_v_single	accept	CRISPOR	rejected_side	reject	ACCTGGGGGTGGCCTGAGCATGG	1.1478
ref_multiple_v_single	accept	CRISPOR	rejected_side	reject	ATGCTCAGGCCACCCCCAGGTGG	1.0
ref_multiple_v_single	accept	CRISPOR	rejected_side	reject	GTTGTATCTCCACCTGGGGGTGG	1.0
ref_multiple_v_single	accept	CRISPOR	rejected_side	reject	CTTGTTGTATCTCCACCTGGGGG	1.0
ref_multiple_v_single	accept	CRISPOR	rejected_side	reject	GCTTGTTGTATCTCCACCTGGGG	1.64
ref_multiple_v_single	accept	CRISPOR	rejected_side	reject	GGCTTGTTGTATCTCCACCTGGG	1.0
ref_multiple_v_single	accept	CRISPOR	rejected_side	reject	CGGCTTGTTGTATCTCCACCTGG	1.0
ref_multiple_v_single	accept	CRISPOR	rejected_side	reject	AAATCAGGGGTAGGGGGTAGCGG	1.0
ref_multiple_v_single	accept	CRISPOR	rejected_side	reject	TGCGGCAAATCAGGGGTAGGGGG	1.0
ref_multiple_v_single	accept	CRISPOR	rejected_side	reject	CTGCGGCAAATCAGGGGTAGGGG	1.0
ref_multiple_v_single	accept	CRISPOR	rejected_side	reject	GCTGCGGCAAATCAGGGGTAGGG	1.0
ref_multiple_v_single	accept	CRISPOR	rejected_side	reject	GGCTGCGGCAAATCAGGGGTAGG	1.0
ref_multiple_v_single	accept	CRISPOR	rejected_side	reject	GTGGGGCTGCGGCAAATCAGGGG	1.0
ref_multiple_v_single	accept	CRISPOR	rejected_side	reject	GGTGGGGCTGCGGCAAATCAGGG	1.0
ref_multiple_v_single	accept	CRISPOR	rejected_side	reject	AGGTGGGGCTGCGGCAAATCAGG	1.0
ref_multiple_v_single	accept	CRISPOR	rejected_side	reject	ATGGGAGGAAGGTGGGGCTGCGG	1.9
ref_multiple_v_single	accept	CRISPOR	rejected_side	reject	GCAGAAATGGGAGGAAGGTGGGG	1.9801
ref_multiple_v_single	accept	CRISPOR	rejected_side	reject	AGCAGAAATGGGAGGAAGGTGGG	2.3589
ref_multiple_v_single	accept	CRISPOR	rejected_side	reject	GAGCAGAAATGGGAGGAAGGTGG	3.2389
ref_multiple_v_single	accept	CRISPOR	rejected_side	reject	CAGGAGCAGAAATGGGAGGAAGG	3.0721
ref_multiple_v_single	accept	CRISPOR	rejected_side	reject	CTTCCTCCCATTTCTGCTCCTGG	2.3655
ref_multiple_v_single	accept	CRISPOR	rejected_side	reject	CTACCAGGAGCAGAAATGGGAGG	3.5536
ref_multiple_v_single	accept	CRISPOR	rejected_side	reject	GAGCTACCAGGAGCAGAAATGGG	1.4455
ref_multiple_v_single	accept	CRISPOR	rejected_side	reject	TGAGCTACCAGGAGCAGAAATGG	1.0
ref_multiple_v_single	accept	CRISPOR	rejected_side	reject	TTTCTGCTCCTGGTAGCTCAAGG	1.0
ref_multiple_v_single	accept	CRISPOR	rejected_side	reject	CTGTAGATCCTTGAGCTACCAGG	1.0
ref_multiple_v_single	accept	CRISPOR	rejected_side	reject	CTGGTAGCTCAAGGATCTACAGG	1.0
ref_multiple_v_single	accept	CRISPOR	rejected_side	reject	GGCCCGGCCCCTCCCCCGCCAGG	4.4558
ref_multiple_v_single	accept	CRISPOR	rejected_side	reject	GAGGGGCCGGGCCTGTGCACTGG	1.0
ref_multiple_v_single	accept	CRISPOR	rejected_side	reject	CCGGGCCTGTGCACTGGCAGTGG	1.0706
ref_multiple_v_single	accept	CRISPOR	rejected_side	reject	GGCCTGTGCACTGGCAGTGGTGG	2.0504
ref_multiple_v_single	accept	CRISPOR	rejected_side	reject	TGCCACCACTGCCAGTGCACAGG	1.725
ref_multiple_v_single	accept	CRISPOR	rejected_side	reject	CACTGGCAGTGGTGGCACCACGG	1.3846
ref_multiple_v_single	accept	CRISPOR	rejected_side	reject	ACTGGCAGTGGTGGCACCACGGG	1.0629
ref_multiple_v_single	accept	CRISPOR	rejected_side	reject	GTGGTGGCACCACGGGCCCTTGG	1.0
ref_multiple_v_single	accept	CRISPOR	rejected_side	reject	TGGTGGCACCACGGGCCCTTGGG	1.0
ref_multiple_v_single	accept	CRISPOR	rejected_side	reject	GGTGGCACCACGGGCCCTTGGGG	1.0
ref_multiple_v_single	accept	CRISPOR	rejected_side	reject	TTGGTGTCCCCAAGGGCCCGTGG	1.0
ref_multiple_v_single	accept	CRISPOR	rejected_side	reject	AGCTCACTTGGTGTCCCCAAGGG	1.0
ref_multiple_v_single	accept	CRISPOR	rejected_side	reject	GAGCTCACTTGGTGTCCCCAAGG	1.0
ref_multiple_v_single	accept	CRISPOR	rejected_side	reject	ACCAAGTGAGCTCTTTAAAGTGG	1.0
ref_multiple_v_single	accept	CRISPOR	rejected_side	reject	GCCACTTTAAAGAGCTCACTTGG	1.0
ref_multiple_v_single	accept	CRISPOR	rejected_side	reject	GCTCTTTAAAGTGGCTAAAGTGG	2.0796
ref_multiple_v_single	accept	CRISPOR	rejected_side	reject	TAGAATCTATACAAAACACAAGG	1.1661
ref_multiple_v_single	accept	CRISPOR	rejected_side	reject	AGATTCTACCAATTAAAAAAAGG	1.7143
ref_multiple_v_single	accept	CRISPOR	rejected_side	reject	CCAATTAAAAAAAGGAAATGTGG	2.45
ref_multiple_v_single	accept	CRISPOR	rejected_side	reject	CAATTAAAAAAAGGAAATGTGGG	3.4989
ref_multiple_v_single	accept	CRISPOR	rejected_side	reject	TAAAAAAAGGAAATGTGGGCCGG	9.1684
ref_multiple_v_single	accept	CRISPOR	rejected_side	reject	AAAAAAAGGAAATGTGGGCCGGG	12.7538
ref_multiple_v_single	accept	CRISPOR	rejected_side	reject	CATGCTCCTCAGCTTGCAGACGG	999.0253
ref_multiple_v_single	accept	CRISPOR	rejected_side	reject	AGGACGCTGGAGCATGGGTAAGG	1.6
ref_multiple_v_single	accept	CRISPOR	rejected_side	reject	GGTGAAGGACGCTGGAGCATGGG	2.0
ref_multiple_v_single	accept	CRISPOR	rejected_side	reject	AGACATACGATAAGACATACTGG	8.7753
ref_multiple_v_single	accept	CRISPOR	rejected_side	reject	CGAGTCCGAGAGAGGAGCCGCGG	1.0543
ref_multiple_v_single	accept	CRISPOR	rejected_side	reject	GAGTCCGAGAGAGGAGCCGCGGG	1.1167
ref_multiple_v_single	accept	CRISPOR	rejected_side	reject	GGCGCCCGCGGCTCCTCTCTCGG	1.1657
ref_multiple_v_single	accept	CRISPOR	rejected_side	reject	GAGAGGAGCCGCGGGCGCCGTGG	1.225
ref_multiple_v_single	accept	CRISPOR	rejected_side	reject	TGCTCTATCCACGGCGCCCGCGG	4.6696
ref_multiple_v_single	accept	CRISPOR	rejected_side	reject	GCGGGCGCCGTGGATAGAGCAGG	5.413
ref_multiple_v_single	accept	CRISPOR	rejected_side	reject	GTGCTCTCTTCCAAGGCTGTAGG	1.375
ref_multiple_v_single	accept	CRISPOR	rejected_side	reject	TTCCAAGGCTGTAGGAGTTCTGG	1.65
ref_multiple_v_single	accept	CRISPOR	rejected_side	reject	CTCCAGAACTCCTACAGCCTTGG	1.4744
ref_multiple_v_single	accept	CRISPOR	rejected_side	reject	TGTAGGAGTTCTGGAGCTGCTGG	1.8
ref_multiple_v_single	accept	CRISPOR	rejected_side	reject	GGTGGTGGTGGTGGCAGTGGCGG	247.1755
ref_multiple_v_single	accept	CRISPOR	rejected_side	reject	AATGACTGTAATGTGCATCCTGG	6.2146
ref_multiple_v_single	accept	CRISPOR	rejected_side	reject	GGACTTTCATTTCAGAGATTCGG	1.4615
ref_multiple_v_single	accept	CRISPOR	rejected_side	reject	AGTCAGAATCACCAGACTTTGGG	2.4743
ref_multiple_v_single	accept	CRISPOR	rejected_side	reject	GTCAGAATCACCAGACTTTGGGG	2.0
ref_multiple_v_single	accept	CRISPOR	rejected_side	reject	TATAGCTTGGCCCCAAAGTCTGG	1.9474
ref_multiple_v_single	accept	CRISPOR	rejected_side	reject	GGGCCAAGCTATAGACCTATTGG	1.8
ref_multiple_v_single	accept	CRISPOR	rejected_side	reject	TATTTCCTCTTCTGTAAAATGGG	555.8631
ref_multiple_v_single	accept	CRISPOR	rejected_side	reject	TTTTTTTTAAAAAAAAGGAGGGG	53.1754
ref_multiple_v_single	accept	CRISPOR	rejected_side	reject	CATCCCTCCCCAGGAAACCCAGG	2.0
ref_multiple_v_single	accept	CRISPOR	rejected_side	reject	GGGCCTGGGTTTCCTGGGGAGGG	3.2413
ref_multiple_v_single	accept	CRISPOR	rejected_side	reject	AGGGCCTGGGTTTCCTGGGGAGG	2.8674
ref_multiple_v_single	accept	CRISPOR	rejected_side	reject	CTCAGGGCCTGGGTTTCCTGGGG	1.7686
ref_multiple_v_single	accept	CRISPOR	rejected_side	reject	CAGGCACCCACTACCATGTCCGG	556.6151
ref_multiple_v_single	accept	CRISPOR	rejected_side	reject	CACTGCAACTGCCACTTCCTGGG	691.06
ref_multiple_v_single	accept	CRISPOR	rejected_side	reject	TCACTGCAACTGCCACTTCCTGG	604.5404
ref_multiple_v_single	accept	CRISPOR	rejected_side	reject	TGCAAGTGCCATCTGCAGTGTGG	1.1333
ref_multiple_v_single	accept	CRISPOR	rejected_side	reject	GCAAGTGCCATCTGCAGTGTGGG	1.0588
ref_multiple_v_single	accept	CRISPOR	rejected_side	reject	CAAGTGCCATCTGCAGTGTGGGG	1.1538
ref_multiple_v_single	accept	CRISPOR	rejected_side	reject	AAGTGCCATCTGCAGTGTGGGGG	1.05
ref_multiple_v_single	accept	CRISPOR	rejected_side	reject	TGGTTCCCCCACACTGCAGATGG	1.4286
ref_multiple_v_single	accept	CRISPOR	rejected_side	reject	AAAATACTAATACCAAATGCAGG	2.6452
ref_multiple_v_single	accept	CRISPOR	rejected_side	reject	ACCTTTCATTGATCCAATTACGG	1.2727
ref_multiple_v_single	accept	CRISPOR	rejected_side	reject	GCCGTAATTGGATCAATGAAAGG	1.5556
ref_multiple_v_single	accept	CRISPOR	rejected_side	reject	TTGTGTCAAAGAGCCGTAATTGG	2.0
ref_multiple_v_single	accept	CRISPOR	rejected_side	reject	AATGGTTTTTTTTTTTTTTCTGG	100.2553
ref_multiple_v_single	accept	CRISPOR	rejected_side	reject	AGAGATGACAACGAGTTGGCGGG	2.0239
ref_multiple_v_single	accept	CRISPOR	rejected_side	reject	GAGAGATGACAACGAGTTGGCGG	2.2105
ref_multiple_v_single	accept	CRISPOR	rejected_side	reject	TCTTGAACTCCTGGACTCGAGGG	822.1227
ref_multiple_v_single	accept	CRISPOR	rejected_side	reject	AGAACAAAGCTCCCACAACGTGG	206.6774
ref_multiple_v_single	accept	CRISPOR	rejected_side	reject	ATATACAAAAAAAATGAGCTGGG	512.5146
ref_multiple_v_single	accept	CRISPOR	rejected_side	reject	AATATACAAAAAAAATGAGCTGG	216.9475
ref_multiple_v_single	accept	CRISPOR	rejected_side	reject	ACACTGTTAAAAAAAAAAAAAGG	166.7186
ref_multiple_v_single	accept	CRISPOR	rejected_side	reject	TCTCTTTCTTTTTCAAGTAGAGG	2.3875
ref_multiple_v_single	accept	CRISPOR	rejected_side	reject	CTACTTGAAAAAGAAAGAGATGG	1.6923
ref_multiple_v_single	accept	CRISPOR	rejected_side	reject	AAAAAGAAAGAGATGGATTACGG	4.5556
ref_multiple_v_single	accept	CRISPOR	rejected_side	reject	AGAGATGGATTACGGTGCCGAGG	1.75
ref_multiple_v_single	accept	CRISPOR	rejected_side	reject	TCTGTTTATTCAGAGGCATGAGG	17.8023
ref_multiple_v_single	accept	GuideScan2	rejected_side	reject	TGTAATCCCAGCTGCCCAAGAGG	1994.9892
ref_multiple_v_single	accept	GuideScan2	rejected_side	reject	GGTAAAAGATGCCTCACTTCTGG	13.2667
ref_multiple_v_single	accept	GuideScan2	rejected_side	reject	GTAAAAGATGCCTCACTTCTGGG	13.4
ref_multiple_v_single	accept	GuideScan2	rejected_side	reject	TAAAAGATGCCTCACTTCTGGGG	11.4167
ref_multiple_v_single	accept	GuideScan2	accepted	accept	GGAGCTGTGACGAGAGCAAGAGG	2.0694
ref_multiple_v_single	accept	GuideScan2	accepted	accept	GTCAAATTTAAGAATGATGGAGG	2.7123
ref_multiple_v_single	accept	GuideScan2	accepted	accept	CTCAGCCGCCGCCGCCCGTCGGG	1.7604
ref_multiple_v_single	accept	GuideScan2	rejected_side	reject	CCGACGGGCGGCGGCGGCTGAGG	3.3338
ref_multiple_v_single	accept	GuideScan2	rejected_side	reject	ACGGGCGGCGGCGGCTGAGGTGG	1.9091
ref_multiple_v_single	accept	GuideScan2	rejected_side	reject	GGCGGCGGCGGCTGAGGTGGAGG	9.6505
ref_multiple_v_single	accept	GuideScan2	rejected_side	reject	TGATGGGGCTCTGGAGGCTGGGG	2.9619
ref_multiple_v_single	accept	GuideScan2	accepted	accept	GTGATGGGGCTCTGGAGGCTGGG	3.0224
ref_multiple_v_single	accept	GuideScan2	accepted	accept	GGTGATGGGGCTCTGGAGGCTGG	3.7691
ref_multiple_v_single	accept	GuideScan2	accepted	accept	CCTCCAGAGCCCCATCACCGTGG	1.6667
ref_multiple_v_single	accept	GuideScan2	accepted	accept	ACTCCACGGTGATGGGGCTCTGG	1.8571
ref_multiple_v_single	accept	GuideScan2	accepted	accept	AGAGCCCCATCACCGTGGAGTGG	2.7417
ref_multiple_v_single	accept	GuideScan2	accepted	accept	GCAGCAACGCCCCGGGGCCCCGG	2.3077
ref_multiple_v_single	accept	GuideScan2	accepted	accept	CGGCGCTTATTTGGCCTGGATGG	6.6367
ref_multiple_v_single	accept	GuideScan2	rejected_side	reject	CATCCAGGCCAAATAAGCGCCGG	5.4142
ref_multiple_v_single	accept	GuideScan2	rejected_side	reject	TAGCCGGCGCTTATTTGGCCTGG	6.0366
ref_multiple_v_single	accept	GuideScan2	accepted	accept	GGGCATAGCCGGCGCTTATTTGG	4.8385
ref_multiple_v_single	accept	GuideScan2	accepted	accept	CGCCGGCTATGCCCCTGTATTGG	3.8907
ref_multiple_v_single	accept	GuideScan2	rejected_side	reject	GAAAGGGAAAAAGGAAAGAAAGG	76.1953
ref_multiple_v_single	accept	GuideScan2	accepted	accept	ATATCGTACTTCTAGTTTACTGG	1.7143
ref_multiple_v_single	accept	GuideScan2	rejected_side	reject	TGTTTGAATCCAGGAGATGGAGG	1112.2799
ref_multiple_v_single	accept	GuideScan2	rejected_side	reject	AATTGTTTGAATCCAGGAGATGG	1077.3132
ref_multiple_v_single	accept	GuideScan2	accepted	accept	GATGAGCTTTCACTCAACCCCGG	2.0
ref_multiple_v_single	accept	GuideScan2	accepted	accept	CACTCAACCCCGGCAAGCAGAGG	2.4137
ref_multiple_v_single	accept	GuideScan2	rejected_side	reject	GGAGGAACAGTGGTAAGAAAAGG	1.0
ref_multiple_v_single	accept	GuideScan2	rejected_side	reject	GAGAACTACTTGAACTCTGGAGG	364.8348
ref_multiple_v_single	accept	GuideScan2	rejected_side	reject	AGGTGTGATGATGGAAGCAGAGG	46.3034
ref_multiple_v_single	accept	GuideScan2	rejected_side	reject	AGCGGCGAGCAGCAGCTGGACGG	6.625
ref_multiple_v_single	accept	GuideScan2	accepted	accept	AGCAGCTGGACGGTAACATCTGG	2.037
ref_multiple_v_single	accept	GuideScan2	accepted	accept	TGGACGGTAACATCTGGAAATGG	4.0857
ref_multiple_v_single	accept	GuideScan2	accepted	accept	ACAACTTGTATGTCTTCACAAGG	1.6429
ref_multiple_v_single	accept	GuideScan2	accepted	accept	CTTAAAGAAACCAGGGGTGCAGG	4.233
ref_multiple_v_single	accept	GuideScan2	accepted	accept	TTATTACCCCCATGGGATGGGGG	3.0
ref_multiple_v_single	accept	GuideScan2	accepted	accept	CTTATTACCCCCATGGGATGGGG	2.8462
ref_multiple_v_single	accept	GuideScan2	accepted	accept	TCTTATTACCCCCATGGGATGGG	2.0667
ref_multiple_v_single	accept	GuideScan2	accepted	accept	CTCTTATTACCCCCATGGGATGG	2.3333
ref_multiple_v_single	accept	GuideScan2	accepted	accept	ACTGCTCTTATTACCCCCATGGG	1.5455
ref_multiple_v_single	accept	GuideScan2	rejected_side	reject	TACAGGCACCCACCACGCCCGGG	52.4178
ref_multiple_v_single	accept	GuideScan2	rejected_side	reject	GGAGCCAGGAGCCAGGAGCCAGG	14.3858
ref_multiple_v_single	accept	GuideScan2	accepted	accept	TTCTCCTCCCCCAACACTGCAGG	5.2667
ref_multiple_v_single	accept	GuideScan2	accepted	accept	TCTCCTCCCCCAACACTGCAGGG	6.5276
ref_multiple_v_single	accept	GuideScan2	accepted	accept	CTCCTCCCCCAACACTGCAGGGG	6.0343
ref_multiple_v_single	accept	GuideScan2	accepted	accept	TCCTCCCCCAACACTGCAGGGGG	6.2286
ref_multiple_v_single	accept	GuideScan2	accepted	accept	TCCCCCTGCAGTGTTGGGGGAGG	2.6186
ref_multiple_v_single	accept	GuideScan2	accepted	accept	ATGGAGGTAACACTCAGGTCAGG	2.7647
ref_multiple_v_single	accept	GuideScan2	accepted	accept	ACCATGGTTGGAAACAATGAAGG	1.9333
ref_multiple_v_single	accept	GuideScan2	rejected_side	reject	ACAAAACAAAACAAAACTGTGGG	103.8832
ref_multiple_v_single	accept	GuideScan2	accepted	accept	TGGGAGCTGTCTGGGGTAGATGG	1.0
ref_multiple_v_single	accept	GuideScan2	accepted	accept	AGCATGGTGGGAGCTGTCTGGGG	1.0
ref_multiple_v_single	accept	GuideScan2	accepted	accept	GAGCATGGTGGGAGCTGTCTGGG	1.9923
ref_multiple_v_single	accept	GuideScan2	accepted	accept	TGAGCATGGTGGGAGCTGTCTGG	1.3143
ref_multiple_v_single	accept	GuideScan2	accepted	accept	AGACAGCTCCCACCATGCTCAGG	1.7292
ref_multiple_v_single	accept	GuideScan2	accepted	accept	GGGGGTGGCCTGAGCATGGTGGG	1.8
ref_multiple_v_single	accept	GuideScan2	accepted	accept	TGGGGGTGGCCTGAGCATGGTGG	1.0
ref_multiple_v_single	accept	GuideScan2	accepted	accept	ACCATGCTCAGGCCACCCCCAGG	1.1765
ref_multiple_v_single	accept	GuideScan2	accepted	accept	ACCTGGGGGTGGCCTGAGCATGG	1.1478
ref_multiple_v_single	accept	GuideScan2	accepted	accept	ATGCTCAGGCCACCCCCAGGTGG	1.0
ref_multiple_v_single	accept	GuideScan2	accepted	accept	GTTGTATCTCCACCTGGGGGTGG	1.0
ref_multiple_v_single	accept	GuideScan2	accepted	accept	CTTGTTGTATCTCCACCTGGGGG	1.0
ref_multiple_v_single	accept	GuideScan2	accepted	accept	GCTTGTTGTATCTCCACCTGGGG	1.64
ref_multiple_v_single	accept	GuideScan2	accepted	accept	GGCTTGTTGTATCTCCACCTGGG	1.0
ref_multiple_v_single	accept	GuideScan2	accepted	accept	CGGCTTGTTGTATCTCCACCTGG	1.0
ref_multiple_v_single	accept	GuideScan2	accepted	accept	AAATCAGGGGTAGGGGGTAGCGG	1.0
ref_multiple_v_single	accept	GuideScan2	accepted	accept	TGCGGCAAATCAGGGGTAGGGGG	1.0
ref_multiple_v_single	accept	GuideScan2	accepted	accept	CTGCGGCAAATCAGGGGTAGGGG	1.0
ref_multiple_v_single	accept	GuideScan2	accepted	accept	GCTGCGGCAAATCAGGGGTAGGG	1.0
ref_multiple_v_single	accept	GuideScan2	accepted	accept	GGCTGCGGCAAATCAGGGGTAGG	1.0
ref_multiple_v_single	accept	GuideScan2	accepted	accept	GTGGGGCTGCGGCAAATCAGGGG	1.0
ref_multiple_v_single	accept	GuideScan2	accepted	accept	GGTGGGGCTGCGGCAAATCAGGG	1.0
ref_multiple_v_single	accept	GuideScan2	accepted	accept	AGGTGGGGCTGCGGCAAATCAGG	1.0
ref_multiple_v_single	accept	GuideScan2	rejected_side	reject	ATGGGAGGAAGGTGGGGCTGCGG	1.9
ref_multiple_v_single	accept	GuideScan2	accepted	accept	GCAGAAATGGGAGGAAGGTGGGG	1.9801
ref_multiple_v_single	accept	GuideScan2	accepted	accept	AGCAGAAATGGGAGGAAGGTGGG	2.3589
ref_multiple_v_single	accept	GuideScan2	accepted	accept	GAGCAGAAATGGGAGGAAGGTGG	3.2389
ref_multiple_v_single	accept	GuideScan2	accepted	accept	CAGGAGCAGAAATGGGAGGAAGG	3.0721
ref_multiple_v_single	accept	GuideScan2	accepted	accept	CTTCCTCCCATTTCTGCTCCTGG	2.3655
ref_multiple_v_single	accept	GuideScan2	accepted	accept	CTACCAGGAGCAGAAATGGGAGG	3.5536
ref_multiple_v_single	accept	GuideScan2	accepted	accept	GAGCTACCAGGAGCAGAAATGGG	1.4455
ref_multiple_v_single	accept	GuideScan2	accepted	accept	TGAGCTACCAGGAGCAGAAATGG	1.0
ref_multiple_v_single	accept	GuideScan2	accepted	accept	TTTCTGCTCCTGGTAGCTCAAGG	1.0
ref_multiple_v_single	accept	GuideScan2	accepted	accept	CTGTAGATCCTTGAGCTACCAGG	1.0
ref_multiple_v_single	accept	GuideScan2	accepted	accept	CTGGTAGCTCAAGGATCTACAGG	1.0
ref_multiple_v_single	accept	GuideScan2	rejected_side	reject	GGCCCGGCCCCTCCCCCGCCAGG	4.4558
ref_multiple_v_single	accept	GuideScan2	accepted	accept	GAGGGGCCGGGCCTGTGCACTGG	1.0
ref_multiple_v_single	accept	GuideScan2	accepted	accept	CCGGGCCTGTGCACTGGCAGTGG	1.0706
ref_multiple_v_single	accept	GuideScan2	accepted	accept	GGCCTGTGCACTGGCAGTGGTGG	2.0504
ref_multiple_v_single	accept	GuideScan2	accepted	accept	TGCCACCACTGCCAGTGCACAGG	1.725
ref_multiple_v_single	accept	GuideScan2	accepted	accept	CACTGGCAGTGGTGGCACCACGG	1.3846
ref_multiple_v_single	accept	GuideScan2	accepted	accept	ACTGGCAGTGGTGGCACCACGGG	1.0629
ref_multiple_v_single	accept	GuideScan2	accepted	accept	GTGGTGGCACCACGGGCCCTTGG	1.0
ref_multiple_v_single	accept	GuideScan2	accepted	accept	TGGTGGCACCACGGGCCCTTGGG	1.0
ref_multiple_v_single	accept	GuideScan2	accepted	accept	GGTGGCACCACGGGCCCTTGGGG	1.0
ref_multiple_v_single	accept	GuideScan2	accepted	accept	TTGGTGTCCCCAAGGGCCCGTGG	1.0
ref_multiple_v_single	accept	GuideScan2	accepted	accept	AGCTCACTTGGTGTCCCCAAGGG	1.0
ref_multiple_v_single	accept	GuideScan2	accepted	accept	GAGCTCACTTGGTGTCCCCAAGG	1.0
ref_multiple_v_single	accept	GuideScan2	accepted	accept	ACCAAGTGAGCTCTTTAAAGTGG	1.0
ref_multiple_v_single	accept	GuideScan2	accepted	accept	GCCACTTTAAAGAGCTCACTTGG	1.0
ref_multiple_v_single	accept	GuideScan2	accepted	accept	GCTCTTTAAAGTGGCTAAAGTGG	2.0796
ref_multiple_v_single	accept	GuideScan2	accepted	accept	TAGAATCTATACAAAACACAAGG	1.1661
ref_multiple_v_single	accept	GuideScan2	accepted	accept	AGATTCTACCAATTAAAAAAAGG	1.7143
ref_multiple_v_single	accept	GuideScan2	accepted	accept	CCAATTAAAAAAAGGAAATGTGG	2.45
ref_multiple_v_single	accept	GuideScan2	accepted	accept	CAATTAAAAAAAGGAAATGTGGG	3.4989
ref_multiple_v_single	accept	GuideScan2	rejected_side	reject	TAAAAAAAGGAAATGTGGGCCGG	9.1684
ref_multiple_v_single	accept	GuideScan2	rejected_side	reject	AAAAAAAGGAAATGTGGGCCGGG	12.7538
ref_multiple_v_single	accept	GuideScan2	rejected_side	reject	CATGCTCCTCAGCTTGCAGACGG	999.0253
ref_multiple_v_single	accept	GuideScan2	accepted	accept	AGGACGCTGGAGCATGGGTAAGG	1.6
ref_multiple_v_single	accept	GuideScan2	accepted	accept	GGTGAAGGACGCTGGAGCATGGG	2.0
ref_multiple_v_single	accept	GuideScan2	rejected_side	reject	AGACATACGATAAGACATACTGG	8.7753
ref_multiple_v_single	accept	GuideScan2	accepted	accept	CGAGTCCGAGAGAGGAGCCGCGG	1.0543
ref_multiple_v_single	accept	GuideScan2	accepted	accept	GAGTCCGAGAGAGGAGCCGCGGG	1.1167
ref_multiple_v_single	accept	GuideScan2	accepted	accept	GGCGCCCGCGGCTCCTCTCTCGG	1.1657
ref_multiple_v_single	accept	GuideScan2	accepted	accept	GAGAGGAGCCGCGGGCGCCGTGG	1.225
ref_multiple_v_single	accept	GuideScan2	rejected_side	reject	TGCTCTATCCACGGCGCCCGCGG	4.6696
ref_multiple_v_single	accept	GuideScan2	accepted	accept	GCGGGCGCCGTGGATAGAGCAGG	5.413
ref_multiple_v_single	accept	GuideScan2	accepted	accept	GTGCTCTCTTCCAAGGCTGTAGG	1.375
ref_multiple_v_single	accept	GuideScan2	accepted	accept	TTCCAAGGCTGTAGGAGTTCTGG	1.65
ref_multiple_v_single	accept	GuideScan2	accepted	accept	CTCCAGAACTCCTACAGCCTTGG	1.4744
ref_multiple_v_single	accept	GuideScan2	accepted	accept	TGTAGGAGTTCTGGAGCTGCTGG	1.8
ref_multiple_v_single	accept	GuideScan2	rejected_side	reject	GGTGGTGGTGGTGGCAGTGGCGG	247.1755
ref_multiple_v_single	accept	GuideScan2	rejected_side	reject	AATGACTGTAATGTGCATCCTGG	6.2146
ref_multiple_v_single	accept	GuideScan2	accepted	accept	GGACTTTCATTTCAGAGATTCGG	1.4615
ref_multiple_v_single	accept	GuideScan2	accepted	accept	AGTCAGAATCACCAGACTTTGGG	2.4743
ref_multiple_v_single	accept	GuideScan2	accepted	accept	GTCAGAATCACCAGACTTTGGGG	2.0
ref_multiple_v_single	accept	GuideScan2	accepted	accept	TATAGCTTGGCCCCAAAGTCTGG	1.9474
ref_multiple_v_single	accept	GuideScan2	accepted	accept	GGGCCAAGCTATAGACCTATTGG	1.8
ref_multiple_v_single	accept	GuideScan2	rejected_side	reject	TATTTCCTCTTCTGTAAAATGGG	555.8631
ref_multiple_v_single	accept	GuideScan2	rejected_side	reject	TTTTTTTTAAAAAAAAGGAGGGG	53.1754
ref_multiple_v_single	accept	GuideScan2	accepted	accept	CATCCCTCCCCAGGAAACCCAGG	2.0
ref_multiple_v_single	accept	GuideScan2	accepted	accept	GGGCCTGGGTTTCCTGGGGAGGG	3.2413
ref_multiple_v_single	accept	GuideScan2	accepted	accept	AGGGCCTGGGTTTCCTGGGGAGG	2.8674
ref_multiple_v_single	accept	GuideScan2	accepted	accept	CTCAGGGCCTGGGTTTCCTGGGG	1.7686
ref_multiple_v_single	accept	GuideScan2	rejected_side	reject	CAGGCACCCACTACCATGTCCGG	556.6151
ref_multiple_v_single	accept	GuideScan2	rejected_side	reject	CACTGCAACTGCCACTTCCTGGG	691.06
ref_multiple_v_single	accept	GuideScan2	rejected_side	reject	TCACTGCAACTGCCACTTCCTGG	604.5404
ref_multiple_v_single	accept	GuideScan2	accepted	accept	TGCAAGTGCCATCTGCAGTGTGG	1.1333
ref_multiple_v_single	accept	GuideScan2	accepted	accept	GCAAGTGCCATCTGCAGTGTGGG	1.0588
ref_multiple_v_single	accept	GuideScan2	accepted	accept	CAAGTGCCATCTGCAGTGTGGGG	1.1538
ref_multiple_v_single	accept	GuideScan2	accepted	accept	AAGTGCCATCTGCAGTGTGGGGG	1.05
ref_multiple_v_single	accept	GuideScan2	accepted	accept	TGGTTCCCCCACACTGCAGATGG	1.4286
ref_multiple_v_single	accept	GuideScan2	rejected_side	reject	AAAATACTAATACCAAATGCAGG	2.6452
ref_multiple_v_single	accept	GuideScan2	accepted	accept	ACCTTTCATTGATCCAATTACGG	1.2727
ref_multiple_v_single	accept	GuideScan2	accepted	accept	GCCGTAATTGGATCAATGAAAGG	1.5556
ref_multiple_v_single	accept	GuideScan2	accepted	accept	TTGTGTCAAAGAGCCGTAATTGG	2.0
ref_multiple_v_single	accept	GuideScan2	rejected_side	reject	AATGGTTTTTTTTTTTTTTCTGG	100.2553
ref_multiple_v_single	accept	GuideScan2	accepted	accept	AGAGATGACAACGAGTTGGCGGG	2.0239
ref_multiple_v_single	accept	GuideScan2	accepted	accept	GAGAGATGACAACGAGTTGGCGG	2.2105
ref_multiple_v_single	accept	GuideScan2	rejected_side	reject	TCTTGAACTCCTGGACTCGAGGG	822.1227
ref_multiple_v_single	accept	GuideScan2	rejected_side	reject	AGAACAAAGCTCCCACAACGTGG	206.6774
ref_multiple_v_single	accept	GuideScan2	rejected_side	reject	ATATACAAAAAAAATGAGCTGGG	512.5146
ref_multiple_v_single	accept	GuideScan2	rejected_side	reject	AATATACAAAAAAAATGAGCTGG	216.9475
ref_multiple_v_single	accept	GuideScan2	rejected_side	reject	ACACTGTTAAAAAAAAAAAAAGG	166.7186
ref_multiple_v_single	accept	GuideScan2	accepted	accept	TCTCTTTCTTTTTCAAGTAGAGG	2.3875
ref_multiple_v_single	accept	GuideScan2	accepted	accept	CTACTTGAAAAAGAAAGAGATGG	1.6923
ref_multiple_v_single	accept	GuideScan2	accepted	accept	AAAAAGAAAGAGATGGATTACGG	4.5556
ref_multiple_v_single	accept	GuideScan2	accepted	accept	AGAGATGGATTACGGTGCCGAGG	1.75
ref_multiple_v_single	accept	GuideScan2	rejected_side	reject	TCTGTTTATTCAGAGGCATGAGG	17.8023
present_v_absent	accept	kRISP-meR	accepted	accept	ATGCATCACGTGCAGAAGCTGGG	1.0
present_v_absent	accept	kRISP-meR	accepted	accept	GATGCATCACGTGCAGAAGCTGG	1.0
present_v_absent	accept	kRISP-meR	rejected_side	reject	GAGATTCACCCTGAAAATGAAGG	1.3652
present_v_absent	accept	kRISP-meR	rejected_side	reject	AACAGTTGCCTTCATTTTCAGGG	1.5128
present_v_absent	accept	kRISP-meR	accepted	accept	AAACAGTTGCCTTCATTTTCAGG	1.0714
present_v_absent	accept	kRISP-meR	rejected_side	reject	TGAAAATGAAGGCAACTGTTTGG	3.3811
present_v_absent	accept	kRISP-meR	accepted	accept	GTAAAAAGGGGGTCATAGGATGG	1.0
present_v_absent	accept	kRISP-meR	accepted	accept	TAATGTAAAAAGGGGGTCATAGG	1.0
present_v_absent	accept	kRISP-meR	accepted	accept	GAAATATTAATGTAAAAAGGGGG	1.0
present_v_absent	accept	kRISP-meR	accepted	accept	GATAATGATCTTTCTTTAAGGGG	1.0
present_v_absent	accept	kRISP-meR	rejected_side	reject	TGATAATGATCTTTCTTTAAGGG	1.6763
present_v_absent	accept	kRISP-meR	accepted	accept	TTGATAATGATCTTTCTTTAAGG	1.0
present_v_absent	accept	kRISP-meR	accepted	accept	AGAAAACTAATCCTATAGTGTGG	1.3422
present_v_absent	accept	kRISP-meR	accepted	accept	AAAAATTCTCACCACACTATAGG	1.0
present_v_absent	accept	kRISP-meR	accepted	accept	TATAGTGTGGTGAGAATTTTTGG	1.0
present_v_absent	accept	kRISP-meR	accepted	accept	CATTGTTAAAAGTATGAGAGTGG	1.1455
present_v_absent	accept	kRISP-meR	accepted	accept	GCCCCAGCACCGATTCATCTCGG	1.0
present_v_absent	accept	kRISP-meR	accepted	accept	TCCGAGATGAATCGGTGCTGGGG	1.0
present_v_absent	accept	kRISP-meR	accepted	accept	ATCCGAGATGAATCGGTGCTGGG	1.0
present_v_absent	accept	kRISP-meR	accepted	accept	TATCCGAGATGAATCGGTGCTGG	1.0
present_v_absent	accept	kRISP-meR	accepted	accept	TCTCTTTATCCGAGATGAATCGG	1.0
present_v_absent	accept	kRISP-meR	rejected_side	not_generated	ATAAAGAGAAGAAAATCCCTAGG	17.4573
present_v_absent	accept	kRISP-meR	rejected_side	reject	AAGAGAAGAAAATCCCTAGGAGG	3.396
present_v_absent	accept	kRISP-meR	accepted	accept	AAATCCCTAGGAGGACATGTTGG	1.0
present_v_absent	accept	kRISP-meR	accepted	accept	TCTACCAACATGTCCTCCTAGGG	1.0
present_v_absent	accept	kRISP-meR	accepted	accept	TTCTACCAACATGTCCTCCTAGG	1.1304
present_v_absent	accept	kRISP-meR	accepted	accept	ACATGTTGGTAGAATCATTCTGG	1.0
present_v_absent	accept	kRISP-meR	accepted	accept	TAGAATAGGTGTCAATGACATGG	1.0
present_v_absent	accept	kRISP-meR	accepted	accept	ATGTCATTGACACCTATTCTAGG	1.0
present_v_absent	accept	kRISP-meR	accepted	accept	GGGGAATAAAATCCTAGAATAGG	1.0
present_v_absent	accept	kRISP-meR	accepted	accept	GAAACAGTGGAGGAAGGACTGGG	1.0
present_v_absent	accept	kRISP-meR	accepted	accept	TGAAACAGTGGAGGAAGGACTGG	1.0
present_v_absent	accept	kRISP-meR	accepted	accept	CATCGTGAAACAGTGGAGGAAGG	1.0
present_v_absent	accept	kRISP-meR	accepted	accept	CTTCCTCCACTGTTTCACGATGG	1.0
present_v_absent	accept	kRISP-meR	accepted	accept	TGGCCATCGTGAAACAGTGGAGG	1.0
present_v_absent	accept	kRISP-meR	accepted	accept	TGCTGGCCATCGTGAAACAGTGG	1.0
present_v_absent	accept	kRISP-meR	accepted	accept	CTGCAGGTTGAAGGCGGTGCTGG	1.0
present_v_absent	accept	kRISP-meR	accepted	accept	CAGCACCGCCTTCAACCTGCAGG	1.0
present_v_absent	accept	kRISP-meR	accepted	accept	CACCGCCTTCAACCTGCAGGTGG	1.0
present_v_absent	accept	kRISP-meR	accepted	accept	GGCCACCTGCAGGTTGAAGGCGG	1.0
present_v_absent	accept	kRISP-meR	accepted	accept	GGTGGCCACCTGCAGGTTGAAGG	1.0
present_v_absent	accept	kRISP-meR	accepted	accept	AACCTGCAGGTGGCCACCCCTGG	1.0173
present_v_absent	accept	kRISP-meR	accepted	accept	ACCTGCAGGTGGCCACCCCTGGG	1.0487
present_v_absent	accept	kRISP-meR	accepted	accept	CCTGCAGGTGGCCACCCCTGGGG	1.1469
present_v_absent	accept	kRISP-meR	accepted	accept	GGGGAAAGCCATGGAATTTGTGG	1.0
present_v_absent	accept	kRISP-meR	accepted	accept	AGTCACATCCACAAATTCCATGG	1.0
present_v_absent	accept	kRISP-meR	rejected_side	reject	TGACTGAGAGCAATGCACGCTGG	1.0
present_v_absent	accept	kRISP-meR	rejected_side	reject	GACTGAGAGCAATGCACGCTGGG	1.0
present_v_absent	accept	kRISP-meR	rejected_side	reject	CCTAGGCCTCCTCTCCCTGCTGG	1.6875
present_v_absent	accept	kRISP-meR	rejected_side	reject	CATCTGCCAGCAGGGAGAGGAGG	2.173
present_v_absent	accept	kRISP-meR	accepted	accept	CTCCTCTCCCTGCTGGCAGATGG	1.4286
present_v_absent	accept	kRISP-meR	rejected_side	reject	TCCTCTCCCTGCTGGCAGATGGG	1.8571
present_v_absent	accept	kRISP-meR	rejected_side	reject	TCCCATCTGCCAGCAGGGAGAGG	2.4789
present_v_absent	accept	kRISP-meR	accepted	accept	CCCTGCTGGCAGATGGGAACAGG	1.0714
present_v_absent	accept	kRISP-meR	accepted	accept	ACCTGTTCCCATCTGCCAGCAGG	1.4693
present_v_absent	accept	kRISP-meR	accepted	accept	ATGGGAACAGGTTCTTCTTGAGG	1.4779
present_v_absent	accept	kRISP-meR	rejected_side	reject	GGTTCTTCTTGAGGAAACTGAGG	2.3797
present_v_absent	accept	kRISP-meR	rejected_side	not_generated	TTGAGGAAACTGAGGCAAAGAGG	133.6571
present_v_absent	accept	kRISP-meR	rejected_side	reject	AGGAAACTGAGGCAAAGAGGAGG	34.2534
present_v_absent	accept	kRISP-meR	rejected_side	reject	GGAAACTGAGGCAAAGAGGAGGG	19.4781
present_v_absent	accept	kRISP-meR	rejected_side	reject	ACTGAGGCAAAGAGGAGGGCAGG	2.4362
present_v_absent	accept	kRISP-meR	rejected_side	reject	CAAAGAGGAGGGCAGGTCTGAGG	1.5266
present_v_absent	accept	kRISP-meR	accepted	accept	AAAGAGGAGGGCAGGTCTGAGGG	1.3676
present_v_absent	accept	kRISP-meR	accepted	accept	CAGGTCTGAGGGACCCCGCTTGG	1.0
present_v_absent	accept	kRISP-meR	accepted	accept	AGGTCTGAGGGACCCCGCTTGGG	1.0
present_v_absent	accept	kRISP-meR	accepted	accept	CTGAGGGACCCCGCTTGGGCTGG	1.0
present_v_absent	accept	kRISP-meR	rejected_side	reject	GGGTGAGGCCAGCCCAAGCGGGG	1.7647
present_v_absent	accept	kRISP-meR	accepted	accept	CGGGTGAGGCCAGCCCAAGCGGG	1.0
present_v_absent	accept	kRISP-meR	accepted	accept	GCGGGTGAGGCCAGCCCAAGCGG	1.0
present_v_absent	accept	kRISP-meR	accepted	accept	GGCTGGCCTCACCCGCACACTGG	1.0
present_v_absent	accept	kRISP-meR	accepted	accept	GCTGGCCTCACCCGCACACTGGG	1.0
present_v_absent	accept	kRISP-meR	rejected_side	reject	GGCCTCACCCGCACACTGGGAGG	1.6923
present_v_absent	accept	kRISP-meR	accepted	accept	GCCTCACCCGCACACTGGGAGGG	1.175
present_v_absent	accept	kRISP-meR	accepted	accept	GCCCTCCCAGTGTGCGGGTGAGG	1.0
present_v_absent	accept	kRISP-meR	accepted	accept	TGGCTGCCCTCCCAGTGTGCGGG	1.0
present_v_absent	accept	kRISP-meR	accepted	accept	CTGGCTGCCCTCCCAGTGTGCGG	1.0
present_v_absent	accept	kRISP-meR	accepted	accept	CGCACACTGGGAGGGCAGCCAGG	1.3246
present_v_absent	accept	kRISP-meR	accepted	accept	ACACTGGGAGGGCAGCCAGGTGG	1.1222
present_v_absent	accept	kRISP-meR	accepted	accept	CACTGGGAGGGCAGCCAGGTGGG	1.0
present_v_absent	accept	kRISP-meR	rejected_side	reject	ACTGGGAGGGCAGCCAGGTGGGG	3.5668
present_v_absent	accept	kRISP-meR	accepted	accept	GCCAGGTGGGGACTCTGACCTGG	1.0
present_v_absent	accept	kRISP-meR	accepted	accept	GAATTGGGGAAGTGTGCCACAGG	1.0
present_v_absent	accept	kRISP-meR	rejected_side	reject	TCCCCAATTCCCTCATCTGTAGG	1.776
present_v_absent	accept	kRISP-meR	rejected_side	reject	TCCTACAGATGAGGGAATTGGGG	2.1433
present_v_absent	accept	kRISP-meR	rejected_side	reject	ATCCTACAGATGAGGGAATTGGG	2.8197
present_v_absent	accept	kRISP-meR	accepted	accept	AATCCTACAGATGAGGGAATTGG	1.2294
present_v_absent	accept	kRISP-meR	rejected_side	reject	ATTCCCTCATCTGTAGGATTTGG	1.6878
present_v_absent	accept	kRISP-meR	accepted	accept	TTCCCTCATCTGTAGGATTTGGG	1.0824
present_v_absent	accept	kRISP-meR	accepted	accept	AGCCCAAATCCTACAGATGAGGG	1.1654
present_v_absent	accept	kRISP-meR	accepted	accept	CAGCCCAAATCCTACAGATGAGG	1.0
present_v_absent	accept	kRISP-meR	accepted	accept	TGTAGGATTTGGGCTGCCCCAGG	1.0
present_v_absent	accept	kRISP-meR	rejected_side	reject	GGGCTGCCCCAGGCCCACCCAGG	3.3667
present_v_absent	accept	kRISP-meR	rejected_side	reject	GGCTGCCCCAGGCCCACCCAGGG	2.5779
present_v_absent	accept	kRISP-meR	rejected_side	reject	GCTGCCCCAGGCCCACCCAGGGG	1.4737
present_v_absent	accept	kRISP-meR	rejected_side	reject	CTGCCCCAGGCCCACCCAGGGGG	1.9752
present_v_absent	accept	kRISP-meR	rejected_side	reject	GAGCCCCCTGGGTGGGCCTGGGG	1.9296
present_v_absent	accept	kRISP-meR	rejected_side	reject	AGAGCCCCCTGGGTGGGCCTGGG	2.4599
present_v_absent	accept	kRISP-meR	rejected_side	reject	CAGAGCCCCCTGGGTGGGCCTGG	2.2273
present_v_absent	accept	kRISP-meR	rejected_side	reject	ACATTCAGAGCCCCCTGGGTGGG	1.8667
present_v_absent	accept	kRISP-meR	rejected_side	reject	TACATTCAGAGCCCCCTGGGTGG	1.8421
present_v_absent	accept	kRISP-meR	accepted	accept	AAATACATTCAGAGCCCCCTGGG	1.0
present_v_absent	accept	kRISP-meR	accepted	accept	AAAATACATTCAGAGCCCCCTGG	1.0
present_v_absent	accept	kRISP-meR	accepted	accept	GTACCGTGTTTCTTTCCCCCAGG	1.1034
present_v_absent	accept	kRISP-meR	accepted	accept	TCTCCTGGGGGAAAGAAACACGG	1.0
present_v_absent	accept	kRISP-meR	rejected_side	reject	AAGACTAAAAATTCTCCTGGGGG	2.1607
present_v_absent	accept	kRISP-meR	rejected_side	reject	GAAGACTAAAAATTCTCCTGGGG	1.8
present_v_absent	accept	kRISP-meR	rejected_side	reject	AGAAGACTAAAAATTCTCCTGGG	2.3661
present_v_absent	accept	kRISP-meR	rejected_side	reject	AAGAAGACTAAAAATTCTCCTGG	2.4737
present_v_absent	accept	kRISP-meR	rejected_side	reject	AGTCTTCTTTCATGAAGCAGTGG	2.6667
present_v_absent	accept	kRISP-meR	accepted	accept	CTTCTTTCATGAAGCAGTGGAGG	1.4615
present_v_absent	accept	kRISP-meR	accepted	accept	TTCTTTCATGAAGCAGTGGAGGG	1.3185
present_v_absent	accept	kRISP-meR	accepted	accept	TCTTTCATGAAGCAGTGGAGGGG	1.1404
present_v_absent	accept	kRISP-meR	accepted	accept	TGAAAAGCTGCCACTCTATATGG	1.0
present_v_absent	accept	kRISP-meR	accepted	accept	GCTGCCACTCTATATGGTGTTGG	1.0
present_v_absent	accept	kRISP-meR	accepted	accept	GCCACTCTATATGGTGTTGGAGG	1.0
present_v_absent	accept	kRISP-meR	accepted	accept	TCCTCCAACACCATATAGAGTGG	1.0
present_v_absent	accept	kRISP-meR	accepted	accept	CTATATGGTGTTGGAGGATGTGG	1.0
present_v_absent	accept	kRISP-meR	accepted	accept	GGTGTTGGAGGATGTGGCCCAGG	1.0727
present_v_absent	accept	kRISP-meR	accepted	accept	GTGTTGGAGGATGTGGCCCAGGG	1.0
present_v_absent	accept	kRISP-meR	accepted	accept	TGTTGGAGGATGTGGCCCAGGGG	1.0
present_v_absent	accept	kRISP-meR	accepted	accept	GTTGGAGGATGTGGCCCAGGGGG	1.0
present_v_absent	accept	kRISP-meR	accepted	accept	GCTTTCTCTGGACCTGTCGGCGG	1.0
present_v_absent	accept	kRISP-meR	accepted	accept	CTTTCTCTGGACCTGTCGGCGGG	1.0
present_v_absent	accept	kRISP-meR	rejected_side	reject	TTGAAGGTCTTCATGGGAGATGG	3.0
present_v_absent	accept	kRISP-meR	rejected_side	reject	TTGTCTTTGAAGGTCTTCATGGG	2.2286
present_v_absent	accept	kRISP-meR	rejected_side	reject	GTTGTCTTTGAAGGTCTTCATGG	2.0
present_v_absent	accept	kRISP-meR	rejected_side	reject	AGACGGCAAGTTGTCTTTGAAGG	1.6471
present_v_absent	accept	kRISP-meR	rejected_side	reject	TCAAAGACAACTTGCCGTCTTGG	1.7987
present_v_absent	accept	kRISP-meR	rejected_side	reject	TTTCATTGCTTTGTCCAAGACGG	2.0
present_v_absent	accept	kRISP-meR	rejected_side	reject	CAAAGCAATGAAAGCAAAAGTGG	2.5868
present_v_absent	accept	kRISP-meR	accepted	accept	AGCAAAAGTGGCCACATACCTGG	1.0
present_v_absent	accept	kRISP-meR	accepted	accept	GCAAAAGTGGCCACATACCTGGG	1.0
present_v_absent	accept	kRISP-meR	accepted	accept	AAAGTGGCCACATACCTGGGTGG	1.0
present_v_absent	accept	kRISP-meR	accepted	accept	TGGAAGGCCACCCAGGTATGTGG	1.0
present_v_absent	accept	kRISP-meR	rejected_side	reject	TTCACTGGTGTGGCACTGAATGG	2.0
present_v_absent	accept	kRISP-meR	rejected_side	reject	ATAAAAGGCATTCACTGGTGTGG	2.0
present_v_absent	accept	kRISP-meR	rejected_side	reject	CCAGTGAATGCCTTTTATAATGG	2.0
present_v_absent	accept	kRISP-meR	rejected_side	reject	TGCCTTTTATAATGGCTGCATGG	2.6964
present_v_absent	accept	kRISP-meR	rejected_side	reject	TTCCATGCAGCCATTATAAAAGG	2.1832
present_v_absent	accept	kRISP-meR	rejected_side	reject	TTGGTTAGTATCTGTGTTTCCGG	1.7333
present_v_absent	accept	kRISP-meR	rejected_side	reject	GTTAGTATCTGTGTTTCCGGTGG	1.72
present_v_absent	accept	kRISP-meR	rejected_side	reject	TTAGTATCTGTGTTTCCGGTGGG	1.625
present_v_absent	accept	kRISP-meR	rejected_side	reject	GTGTTTCCGGTGGGTGTAATAGG	2.0
present_v_absent	accept	kRISP-meR	rejected_side	reject	TGTTTCCGGTGGGTGTAATAGGG	2.0
present_v_absent	accept	kRISP-meR	rejected_side	reject	GTTTCCGGTGGGTGTAATAGGGG	2.0
present_v_absent	accept	kRISP-meR	rejected_side	reject	TAATCCCCTATTACACCCACCGG	2.0
present_v_absent	accept	kRISP-meR	rejected_side	reject	AATAGGGGATTAGCCCCAGAAGG	2.0
present_v_absent	accept	kRISP-meR	rejected_side	reject	ATAGGGGATTAGCCCCAGAAGGG	2.0
present_v_absent	accept	kRISP-meR	rejected_side	reject	GTTTAGCTCAGTCCCTTCTGGGG	2.0
present_v_absent	accept	kRISP-meR	rejected_side	reject	TGTTTAGCTCAGTCCCTTCTGGG	2.0
present_v_absent	accept	kRISP-meR	rejected_side	reject	CTGTTTAGCTCAGTCCCTTCTGG	2.7143
present_v_absent	accept	kRISP-meR	rejected_side	reject	TGAGCTAAACAGTGTTATTATGG	2.5143
present_v_absent	accept	kRISP-meR	rejected_side	reject	GAGCTAAACAGTGTTATTATGGG	2.2824
present_v_absent	accept	kRISP-meR	rejected_side	reject	AAACAGTGTTATTATGGGAAAGG	2.0
present_v_absent	accept	kRISP-meR	rejected_side	reject	TGTTATTATGGGAAAGGAAATGG	2.0
present_v_absent	accept	kRISP-meR	rejected_side	reject	GAATGGATTGCATTAGTCGCTGG	2.0
present_v_absent	accept	kRISP-meR	rejected_side	reject	TACTATAAACAAGAGAGGAATGG	2.8462
present_v_absent	accept	kRISP-meR	rejected_side	reject	GCTAAGAGAAAAGAAGATTCTGG	2.1607
present_v_absent	accept	kRISP-meR	rejected_side	reject	CTAAGAGAAAAGAAGATTCTGGG	2.4473
present_v_absent	accept	kRISP-meR	rejected_side	reject	AGATCAAACTTTTGCTTCATTGG	1.0
present_v_absent	accept	kRISP-meR	accepted	accept	CTTTCATTCACCCACACATCAGG	1.0
present_v_absent	accept	kRISP-meR	rejected_side	reject	TGACATCTATGTTTCCCAGCTGG	1.5833
present_v_absent	accept	kRISP-meR	rejected_side	reject	ATACATTCATATCTGTGTAAAGG	1.838
present_v_absent	accept	kRISP-meR	accepted	accept	TGCAAGAGAAGTTCTTCAAGAGG	1.0
present_v_absent	accept	kRISP-meR	accepted	accept	AAGAGGAAACCCAAAGTCCTTGG	1.2667
present_v_absent	accept	kRISP-meR	accepted	accept	AGAGGAAACCCAAAGTCCTTGGG	1.0
present_v_absent	accept	kRISP-meR	accepted	accept	GAGGAAACCCAAAGTCCTTGGGG	1.0
present_v_absent	accept	kRISP-meR	rejected_side	reject	TGCCTTGATGAGCCTTAGCATGG	1.6364
present_v_absent	accept	kRISP-meR	rejected_side	reject	GCCTTGATGAGCCTTAGCATGGG	1.8
present_v_absent	accept	kRISP-meR	rejected_side	reject	TCCCATGCTAAGGCTCATCAAGG	2.0
present_v_absent	accept	kRISP-meR	rejected_side	reject	TCATTATTATTCCCATGCTAAGG	2.2105
present_v_absent	accept	kRISP-meR	rejected_side	reject	ACTTTCACATAAGGAAACTGAGG	24.4894
present_v_absent	accept	kRISP-meR	accepted	accept	TTTCCTTATGTGAAAGTTGCTGG	1.0
present_v_absent	accept	kRISP-meR	accepted	accept	GTTCCAGCAACTTTCACATAAGG	1.0
present_v_absent	accept	kRISP-meR	rejected_side	reject	GAAAGTTGCTGGAACCAAAATGG	4.724
present_v_absent	accept	kRISP-meR	rejected_side	reject	TATGCCAAACTCTAATAAAATGG	2.8196
present_v_absent	accept	kRISP-meR	rejected_side	reject	GACTCCATTTTATTAGAGTTTGG	4.8044
present_v_absent	accept	kRISP-meR	rejected_side	reject	AAACTCTAATAAAATGGAGTCGG	5.2139
present_v_absent	accept	kRISP-meR	accepted	accept	AACTCTAATAAAATGGAGTCGGG	1.4068
present_v_absent	accept	kRISP-meR	rejected_side	reject	ACTCTAATAAAATGGAGTCGGGG	1.5517
present_v_absent	accept	kRISP-meR	rejected_side	reject	CTCTAATAAAATGGAGTCGGGGG	1.8571
present_v_absent	accept	kRISP-meR	rejected_side	reject	TCTAATAAAATGGAGTCGGGGGG	2.4118
present_v_absent	accept	kRISP-meR	rejected_side	reject	TGTGTGTGAGGGCTTCTATGTGG	2.1551
present_v_absent	accept	kRISP-meR	accepted	accept	TTACGGGCATGTGTGTGTGAGGG	1.0
present_v_absent	accept	kRISP-meR	accepted	accept	GTTACGGGCATGTGTGTGTGAGG	1.0
present_v_absent	accept	kRISP-meR	accepted	accept	CACACACACATGCCCGTAACAGG	1.1212
present_v_absent	accept	kRISP-meR	rejected_side	reject	CTTGTGATAAATCCTGTTACGGG	2.8571
present_v_absent	accept	kRISP-meR	rejected_side	reject	TCTTGTGATAAATCCTGTTACGG	2.7905
present_v_absent	accept	kRISP-meR	accepted	accept	GGGAAGGGTAGAAAACTTCAAGG	1.0
present_v_absent	accept	kRISP-meR	accepted	accept	AAATAAACAATCAGCTGAAGAGG	1.4727
present_v_absent	accept	kRISP-meR	accepted	accept	TTTCTATGAATTCCTACACATGG	1.0
present_v_absent	accept	kRISP-meR	accepted	accept	AGGGGGGAATAACCATGTGTAGG	1.0
present_v_absent	accept	kRISP-meR	accepted	accept	TTAGATTATCTCAAGTAGGGGGG	1.0
present_v_absent	accept	kRISP-meR	accepted	accept	TTTAGATTATCTCAAGTAGGGGG	1.0
present_v_absent	accept	kRISP-meR	accepted	accept	ATTTAGATTATCTCAAGTAGGGG	1.0
present_v_absent	accept	kRISP-meR	accepted	accept	TATTTAGATTATCTCAAGTAGGG	1.0
present_v_absent	accept	kRISP-meR	accepted	accept	ATATTTAGATTATCTCAAGTAGG	1.0
present_v_absent	accept	kRISP-meR	accepted	accept	ATGATGGTCTCATTGGGAACAGG	1.4605
present_v_absent	accept	kRISP-meR	accepted	accept	AGCACTATGATGGTCTCATTGGG	1.0
present_v_absent	accept	kRISP-meR	accepted	accept	GAGCACTATGATGGTCTCATTGG	1.0606
present_v_absent	accept	kRISP-meR	rejected_side	reject	ATTTGATGGGAGCACTATGATGG	1.5527
present_v_absent	accept	kRISP-meR	rejected_side	reject	AGAAGTTGATGACATTTGATGGG	2.0
present_v_absent	accept	kRISP-meR	rejected_side	reject	GAGAAGTTGATGACATTTGATGG	2.0
present_v_absent	accept	kRISP-meR	rejected_side	reject	GGGTTCGGGTTTCTCTGCTTGGG	2.0
present_v_absent	accept	kRISP-meR	rejected_side	reject	TGGGTTCGGGTTTCTCTGCTTGG	2.0
present_v_absent	accept	kRISP-meR	rejected_side	reject	GAAACCCGAACCCACCAACCAGG	2.0
present_v_absent	accept	kRISP-meR	rejected_side	reject	AAACCCGAACCCACCAACCAGGG	2.0
present_v_absent	accept	kRISP-meR	rejected_side	reject	AACCCGAACCCACCAACCAGGGG	2.0
present_v_absent	accept	kRISP-meR	rejected_side	reject	TGCCCCTGGTTGGTGGGTTCGGG	2.0
present_v_absent	accept	kRISP-meR	rejected_side	reject	CTGCCCCTGGTTGGTGGGTTCGG	2.0
present_v_absent	accept	kRISP-meR	rejected_side	reject	CGAACCCACCAACCAGGGGCAGG	2.0
present_v_absent	accept	kRISP-meR	rejected_side	reject	CTATCCTGCCCCTGGTTGGTGGG	3.4764
present_v_absent	accept	kRISP-meR	rejected_side	reject	GCTATCCTGCCCCTGGTTGGTGG	2.1756
present_v_absent	accept	kRISP-meR	rejected_side	reject	CAGGCTATCCTGCCCCTGGTTGG	2.0
present_v_absent	accept	kRISP-meR	rejected_side	reject	TCTTCAGGCTATCCTGCCCCTGG	2.0
present_v_absent	accept	kRISP-meR	accepted	accept	CTGCGTGTAGATGTTTCTTCAGG	1.0
present_v_absent	accept	kRISP-meR	accepted	accept	CACGCAGAAATCAAAGTTATTGG	1.0
present_v_absent	accept	kRISP-meR	accepted	accept	ACGCAGAAATCAAAGTTATTGGG	1.0
present_v_absent	accept	kRISP-meR	accepted	accept	AAATCGGATCTAGATCCAGCTGG	1.0
present_v_absent	accept	kRISP-meR	accepted	accept	ATCTAGATCCAGCTGGCCACAGG	1.0
present_v_absent	accept	kRISP-meR	accepted	accept	ATTGAGGACCTGTGGCCAGCTGG	1.0235
present_v_absent	accept	kRISP-meR	accepted	accept	TGGCAGCGTGCTTTATTCACTGG	1.0
present_v_absent	accept	kRISP-meR	accepted	accept	AGTGAATAAAGCACGCTGCCAGG	1.0
present_v_absent	accept	kRISP-meR	accepted	accept	GTGAATAAAGCACGCTGCCAGGG	1.0
present_v_absent	accept	kRISP-meR	rejected_side	reject	CAGTCACTCAGGAAAGGCCCTGG	1.5
present_v_absent	accept	kRISP-meR	rejected_side	reject	CAGCATCAGTCACTCAGGAAAGG	1.1412
present_v_absent	accept	kRISP-meR	rejected_side	reject	CCTGAGTGACTGATGCTGTGAGG	1.7143
present_v_absent	accept	kRISP-meR	rejected_side	reject	ATGCTGTGAGGATGAGCATGTGG	1.0
present_v_absent	accept	kRISP-meR	rejected_side	reject	TGAGCATGTGGTGTTTGCATTGG	1.2188
present_v_absent	accept	kRISP-meR	accepted	accept	GCATGTGGTGTTTGCATTGGAGG	1.0
present_v_absent	accept	kRISP-meR	accepted	accept	CATGTGGTGTTTGCATTGGAGGG	1.0
present_v_absent	accept	kRISP-meR	rejected_side	reject	CATGTGGAGAGACGATGTAAAGG	2.4762
present_v_absent	accept	kRISP-meR	rejected_side	reject	CTTTACATCGTCTCTCCACATGG	2.4933
present_v_absent	accept	kRISP-meR	rejected_side	reject	TGTGAGAAGTTCAAGCCATGTGG	4.0608
present_v_absent	accept	kRISP-meR	rejected_side	reject	ACTTCTCACAGCATGCCTGCTGG	2.7
present_v_absent	accept	kRISP-meR	rejected_side	reject	GCCTGCTGGATTCGAAGAGATGG	2.0
present_v_absent	accept	kRISP-meR	rejected_side	reject	GCCATCTCTTCGAATCCAGCAGG	2.0
present_v_absent	accept	kRISP-meR	rejected_side	reject	TAGACGCTGGCACCTGGTGAGGG	1.7857
present_v_absent	accept	kRISP-meR	accepted	accept	CTAGACGCTGGCACCTGGTGAGG	1.4959
present_v_absent	accept	kRISP-meR	accepted	accept	AATGTCTAGACGCTGGCACCTGG	1.325
present_v_absent	accept	kRISP-meR	accepted	accept	AGGTGCCAGCGTCTAGACATTGG	1.0
present_v_absent	accept	kRISP-meR	accepted	accept	AAAATCCAATGTCTAGACGCTGG	1.0
present_v_absent	accept	kRISP-meR	accepted	accept	GCTGTCTCTGCACAGGCGGGTGG	1.0
present_v_absent	accept	kRISP-meR	accepted	accept	AGAGCTGTCTCTGCACAGGCGGG	1.0
present_v_absent	accept	kRISP-meR	accepted	accept	GAGAGCTGTCTCTGCACAGGCGG	1.0
present_v_absent	accept	kRISP-meR	accepted	accept	GGCGAGAGCTGTCTCTGCACAGG	1.0
present_v_absent	accept	kRISP-meR	accepted	accept	GTGCAGAGACAGCTCTCGCCTGG	1.0
present_v_absent	accept	kRISP-meR	accepted	accept	GAGGGGAGACACAAGGGGCCAGG	1.1793
present_v_absent	accept	kRISP-meR	rejected_side	reject	GAGGGGAGGGGAGACACAAGGGG	2.7632
present_v_absent	accept	kRISP-meR	rejected_side	reject	GGAGGGGAGGGGAGACACAAGGG	2.6889
present_v_absent	accept	kRISP-meR	rejected_side	reject	TGGAGGGGAGGGGAGACACAAGG	3.2439
present_v_absent	accept	kRISP-meR	rejected_side	reject	GACGCAAGGCTGGAGGGGAGGGG	1.7619
present_v_absent	accept	kRISP-meR	accepted	accept	GGACGCAAGGCTGGAGGGGAGGG	1.2647
present_v_absent	accept	kRISP-meR	rejected_side	reject	AGGACGCAAGGCTGGAGGGGAGG	1.7857
present_v_absent	accept	kRISP-meR	accepted	accept	CTCAGGACGCAAGGCTGGAGGGG	1.0
present_v_absent	accept	kRISP-meR	rejected_side	reject	ACTCAGGACGCAAGGCTGGAGGG	1.5385
present_v_absent	accept	kRISP-meR	accepted	accept	GACTCAGGACGCAAGGCTGGAGG	1.0
present_v_absent	accept	kRISP-meR	accepted	accept	AAAGACTCAGGACGCAAGGCTGG	1.0
present_v_absent	accept	kRISP-meR	accepted	accept	AGCCTTGCGTCCTGAGTCTTTGG	1.0
present_v_absent	accept	kRISP-meR	accepted	accept	CTCCAAAGACTCAGGACGCAAGG	1.4
present_v_absent	accept	kRISP-meR	accepted	accept	CCTGAGTCTTTGGAGTCTTCAGG	1.0
present_v_absent	accept	kRISP-meR	accepted	accept	CTGAGTCTTTGGAGTCTTCAGGG	1.0
present_v_absent	accept	kRISP-meR	accepted	accept	TCTTTGGAGTCTTCAGGGTCAGG	1.0
present_v_absent	accept	kRISP-meR	accepted	accept	GAGACTGAACAGCTTCAAAATGG	1.0
present_v_absent	accept	kRISP-meR	accepted	accept	AACAGCTTCAAAATGGTGCAAGG	1.0
present_v_absent	accept	kRISP-meR	accepted	accept	TTTCTTAGGCGTCTAGAGATGGG	1.0
present_v_absent	accept	kRISP-meR	accepted	accept	CTTTCTTAGGCGTCTAGAGATGG	1.0
present_v_absent	accept	kRISP-meR	accepted	accept	CTCTAGACGCCTAAGAAAGCTGG	1.0
present_v_absent	accept	kRISP-meR	accepted	accept	AGACGCCTAAGAAAGCTGGATGG	1.0
present_v_absent	accept	kRISP-meR	accepted	accept	GACGCCTAAGAAAGCTGGATGGG	1.0
present_v_absent	accept	kRISP-meR	accepted	accept	TTTACCCATCCAGCTTTCTTAGG	1.0
present_v_absent	accept	kRISP-meR	accepted	accept	CCACTTTACAACAGACGCTGAGG	1.0
present_v_absent	accept	kRISP-meR	accepted	accept	AAATAATTGGGTATTTTTCTTGG	1.1281
present_v_absent	accept	kRISP-meR	accepted	accept	TGCTTTATTTGGAAATAATTGGG	1.3333
present_v_absent	accept	kRISP-meR	rejected_side	reject	TTGCTTTATTTGGAAATAATTGG	2.294
present_v_absent	accept	kRISP-meR	accepted	accept	TTTCCAAATAAAGCAAAAATTGG	1.1765
present_v_absent	accept	kRISP-meR	rejected_side	reject	GTTCCAATTTTTGCTTTATTTGG	1.5031
present_v_absent	accept	kRISP-meR	rejected_side	reject	CGTATCCGTGAGTATTTTTATGG	1.0
present_v_absent	accept	kRISP-meR	rejected_side	reject	GGAATCCATAAAAATACTCACGG	1.0
present_v_absent	accept	kRISP-meR	rejected_side	reject	GAGTATTTTTATGGATTCCGAGG	1.0
present_v_absent	accept	kRISP-meR	accepted	accept	CATGGGGATAGAAACAGCCTCGG	1.0
present_v_absent	accept	kRISP-meR	accepted	accept	AATTTGACATTGAAGGCATGGGG	1.0
present_v_absent	accept	kRISP-meR	accepted	accept	AAATTTGACATTGAAGGCATGGG	1.0
present_v_absent	accept	kRISP-meR	accepted	accept	AAAATTTGACATTGAAGGCATGG	1.0
present_v_absent	accept	kRISP-meR	accepted	accept	ATCTGAAAATTTGACATTGAAGG	1.0
present_v_absent	accept	kRISP-meR	accepted	accept	GATGTGAAAATCTACAAAGTTGG	1.0
present_v_absent	accept	kRISP-meR	accepted	accept	ATGTGAAAATCTACAAAGTTGGG	1.1795
present_v_absent	accept	kRISP-meR	accepted	accept	TGTGAAAATCTACAAAGTTGGGG	1.0
present_v_absent	accept	kRISP-meR	accepted	accept	AAACAGGAGTCTGGGATGGTGGG	1.0
present_v_absent	accept	kRISP-meR	accepted	accept	TAAACAGGAGTCTGGGATGGTGG	1.0
present_v_absent	accept	kRISP-meR	accepted	accept	AGGTAAACAGGAGTCTGGGATGG	1.0
present_v_absent	accept	kRISP-meR	accepted	accept	CCCAGACTCCTGTTTACCTTTGG	1.0
present_v_absent	accept	kRISP-meR	accepted	accept	CCAGACTCCTGTTTACCTTTGGG	1.0
present_v_absent	accept	kRISP-meR	rejected_side	reject	GAACGAGTGGGTGACTTGAGAGG	1.9927
present_v_absent	accept	kRISP-meR	accepted	accept	AGTCACCCACTCGTTCCTCCAGG	1.2523
present_v_absent	accept	kRISP-meR	rejected_side	reject	GTCACCCACTCGTTCCTCCAGGG	1.545
present_v_absent	accept	kRISP-meR	accepted	accept	TCACCCACTCGTTCCTCCAGGGG	1.0
present_v_absent	accept	kRISP-meR	accepted	accept	TGACCCCTGGAGGAACGAGTGGG	1.0
present_v_absent	accept	kRISP-meR	accepted	accept	ATGACCCCTGGAGGAACGAGTGG	1.0
present_v_absent	accept	kRISP-meR	accepted	accept	CTCGTTCCTCCAGGGGTCATTGG	1.0
present_v_absent	accept	kRISP-meR	accepted	accept	AACTCTCCAATGACCCCTGGAGG	1.0
present_v_absent	accept	kRISP-meR	accepted	accept	AATAACTCTCCAATGACCCCTGG	1.0
present_v_absent	accept	kRISP-meR	accepted	accept	TTATTTTAAGTCTAGTTCCCAGG	1.0
present_v_absent	accept	kRISP-meR	accepted	accept	CTGCATTGGAAGTCATACCTGGG	1.0
present_v_absent	accept	kRISP-meR	accepted	accept	ACTGCATTGGAAGTCATACCTGG	1.0
present_v_absent	accept	kRISP-meR	accepted	accept	AGTAGAAGCTTTCACTGCATTGG	1.1832
present_v_absent	accept	kRISP-meR	accepted	accept	ACTTACCACCAGCTGCCTTCCGG	1.0
present_v_absent	accept	kRISP-meR	accepted	accept	TGTTTCCGGAAGGCAGCTGGTGG	1.0769
present_v_absent	accept	kRISP-meR	accepted	accept	ACTTGTTTCCGGAAGGCAGCTGG	1.0
present_v_absent	accept	kRISP-meR	accepted	accept	TTTTTTCACTTGTTTCCGGAAGG	1.0
present_v_absent	accept	kRISP-meR	accepted	accept	TGTCTTTTTTCACTTGTTTCCGG	1.0
present_v_absent	accept	kRISP-meR	accepted	accept	ACAAGAGACACCACAAACAATGG	1.3714
present_v_absent	accept	kRISP-meR	accepted	accept	TCTTGACTCACCATTGTTTGTGG	1.0
present_v_absent	accept	kRISP-meR	accepted	accept	AAACAATGGTGAGTCAAGACTGG	1.0
present_v_absent	accept	kRISP-meR	accepted	accept	CCCAAAGCTCCAGCTGAAGATGG	1.4083
present_v_absent	accept	kRISP-meR	accepted	accept	GCCATCTTCAGCTGGAGCTTTGG	1.0
present_v_absent	accept	kRISP-meR	accepted	accept	GTAGGAGAGCCATCTTCAGCTGG	1.0
present_v_absent	accept	kRISP-meR	accepted	accept	CTCCTACATCAGACTGATCTAGG	1.0
present_v_absent	accept	kRISP-meR	rejected_side	reject	CCGGAACAGCGCGCTCGCAGCGG	1.0
present_v_absent	accept	kRISP-meR	rejected_side	reject	CGGAACAGCGCGCTCGCAGCGGG	1.0
present_v_absent	accept	kRISP-meR	rejected_side	reject	AACAGCGCGCTCGCAGCGGGAGG	1.0
present_v_absent	accept	kRISP-meR	rejected_side	reject	CAGCGGGAGGTCGCGAAGCCTGG	1.0
present_v_absent	accept	kRISP-meR	rejected_side	reject	AGCGGGAGGTCGCGAAGCCTGGG	1.0
present_v_absent	accept	kRISP-meR	accepted	accept	TGGGCGACAGACACAGTCCCAGG	1.0
present_v_absent	accept	kRISP-meR	accepted	accept	GGGACTGTGTCTGTCGCCCATGG	1.0
present_v_absent	accept	kRISP-meR	accepted	accept	GCGAGCAGCGCGGCGGCCATGGG	1.0
present_v_absent	accept	kRISP-meR	accepted	accept	GGCGAGCAGCGCGGCGGCCATGG	1.0
present_v_absent	accept	kRISP-meR	accepted	accept	TGGCCGCCGCGCTGCTCGCCCGG	1.0
present_v_absent	accept	kRISP-meR	accepted	accept	GGCCGCCGCGCTGCTCGCCCGGG	1.0
present_v_absent	accept	kRISP-meR	accepted	accept	GGCCCGGGCGAGCAGCGCGGCGG	1.0
present_v_absent	accept	kRISP-meR	accepted	accept	CGAGGCCCGGGCGAGCAGCGCGG	1.3267
present_v_absent	accept	kRISP-meR	accepted	accept	CGCGCTGCTCGCCCGGGCCTCGG	1.0
present_v_absent	accept	kRISP-meR	accepted	accept	GCGCTGCTCGCCCGGGCCTCGGG	1.0
present_v_absent	accept	kRISP-meR	rejected_side	reject	GCGGGCAGGGCCCGAGGCCCGGG	1.9583
present_v_absent	accept	kRISP-meR	accepted	accept	TGCGGGCAGGGCCCGAGGCCCGG	1.0
present_v_absent	accept	kRISP-meR	accepted	accept	CTCTCTGTCCTAGGGCCTGGCGG	1.0
present_v_absent	accept	kRISP-meR	accepted	accept	TGTAACTGCCGCCAGGCCCTAGG	1.0
present_v_absent	accept	kRISP-meR	rejected_side	reject	GATGGTGTGTAACTGCCGCCAGG	1.0
present_v_absent	accept	kRISP-meR	accepted	accept	TATGGTGCCCACTCCCCAGTTGG	1.0
present_v_absent	accept	kRISP-meR	accepted	accept	ATAGATACCAACTGGGGAGTGGG	1.0
present_v_absent	accept	kRISP-meR	accepted	accept	CATAGATACCAACTGGGGAGTGG	1.0
present_v_absent	accept	kRISP-meR	rejected_side	reject	AACAGCATAGATACCAACTGGGG	1.0
present_v_absent	accept	kRISP-meR	rejected_side	reject	GAACAGCATAGATACCAACTGGG	1.0
present_v_absent	accept	kRISP-meR	rejected_side	reject	GGAACAGCATAGATACCAACTGG	1.3611
present_v_absent	accept	kRISP-meR	accepted	accept	GGTGGATGGTGGGGCTCTCAGGG	1.0
present_v_absent	accept	kRISP-meR	accepted	accept	AGGTGGATGGTGGGGCTCTCAGG	1.0
present_v_absent	accept	kRISP-meR	rejected_side	reject	AGGAGAGAAGGTGGATGGTGGGG	23.443
present_v_absent	accept	kRISP-meR	rejected_side	reject	AAGGAGAGAAGGTGGATGGTGGG	17.5094
present_v_absent	accept	kRISP-meR	accepted	accept	AAAGGAGAGAAGGTGGATGGTGG	1.0
present_v_absent	accept	kRISP-meR	accepted	accept	CTAAAAGGAGAGAAGGTGGATGG	1.0962
present_v_absent	accept	kRISP-meR	accepted	accept	TCCACCTTCTCTCCTTTTAGAGG	1.0
present_v_absent	accept	kRISP-meR	accepted	accept	ACCTCTAAAAGGAGAGAAGGTGG	1.0
present_v_absent	accept	kRISP-meR	accepted	accept	GGCACCTCTAAAAGGAGAGAAGG	1.4
present_v_absent	accept	kRISP-meR	rejected_side	reject	TCTCCTTTTAGAGGTGCCTCTGG	1.739
present_v_absent	accept	kRISP-meR	rejected_side	reject	GCTCCAGAGGCACCTCTAAAAGG	1.5206
present_v_absent	accept	kRISP-meR	accepted	accept	TTAGAGGTGCCTCTGGAGCTAGG	1.0
present_v_absent	accept	kRISP-meR	rejected_side	reject	GTGCCTCTGGAGCTAGGCTGTGG	1.9412
present_v_absent	accept	kRISP-meR	rejected_side	reject	TGTCCACAGCCTAGCTCCAGAGG	1.5973
present_v_absent	accept	kRISP-meR	rejected_side	reject	CAGTGTCTGGGCAGGGGAGCAGG	1.5673
present_v_absent	accept	kRISP-meR	accepted	accept	GCTCCCCTGCCCAGACACTGTGG	1.2029
present_v_absent	accept	kRISP-meR	rejected_side	reject	CTCCCCTGCCCAGACACTGTGGG	1.9393
present_v_absent	accept	kRISP-meR	accepted	accept	TCCCCTGCCCAGACACTGTGGGG	1.3846
present_v_absent	accept	kRISP-meR	rejected_side	reject	TTGAGATCACTCACTACATTTGG	6.1319
present_v_absent	accept	kRISP-meR	rejected_side	reject	AGGGGGAAAACAGTAGAACAAGG	11.7904
present_v_absent	accept	kRISP-meR	accepted	accept	TCACATCTCCCAGCTCGATCCGG	1.0
present_v_absent	accept	kRISP-meR	rejected_side	reject	TTCAACTGTTTAATATTGTGTGG	2.0
present_v_absent	accept	kRISP-meR	rejected_side	reject	ACAGTTGAAAAGATTGAATCAGG	1.7733
present_v_absent	accept	kRISP-meR	accepted	accept	AACTTGTCATTGTAGCTGACTGG	1.1623
present_v_absent	accept	kRISP-meR	accepted	accept	CTACAATGACAAGTTCTACAAGG	1.3429
present_v_absent	accept	kRISP-meR	accepted	accept	CAAGTTCTACAAGGATGTGCTGG	1.1948
present_v_absent	accept	kRISP-meR	accepted	accept	AAAAACCTCAAAGTTCCTTCTGG	1.0522
present_v_absent	accept	kRISP-meR	accepted	accept	TCTGACCAGAAGGAACTTTGAGG	1.0
present_v_absent	accept	kRISP-meR	rejected_side	reject	GAGAGAGTGTGCAGTGCCCATGG	1.8125
present_v_absent	accept	kRISP-meR	accepted	accept	ATGGGCACTGCACACTCTCTCGG	1.0
present_v_absent	accept	kRISP-meR	accepted	accept	AGGAAAAGGGGTTCAACTTGGGG	1.0
present_v_absent	accept	kRISP-meR	accepted	accept	GAGGAAAAGGGGTTCAACTTGGG	1.0
present_v_absent	accept	kRISP-meR	accepted	accept	TGAGGAAAAGGGGTTCAACTTGG	1.1345
present_v_absent	accept	kRISP-meR	accepted	accept	GGATGTTGGGTGAGGAAAAGGGG	1.0
present_v_absent	accept	kRISP-meR	accepted	accept	AGGATGTTGGGTGAGGAAAAGGG	1.0
present_v_absent	accept	kRISP-meR	accepted	accept	GAGGATGTTGGGTGAGGAAAAGG	1.0
present_v_absent	accept	kRISP-meR	rejected_side	reject	GAAATGGAGGATGTTGGGTGAGG	2.0
present_v_absent	accept	kRISP-meR	accepted	accept	TTGTTGAAATGGAGGATGTTGGG	1.4
present_v_absent	accept	kRISP-meR	accepted	accept	TTTGTTGAAATGGAGGATGTTGG	1.0
present_v_absent	accept	kRISP-meR	rejected_side	reject	ACATCCTCCATTTCAACAAATGG	1.6713
present_v_absent	accept	kRISP-meR	accepted	accept	GCTGCCATTTGTTGAAATGGAGG	1.0
present_v_absent	accept	kRISP-meR	accepted	accept	AACGCTGCCATTTGTTGAAATGG	1.0
present_v_absent	accept	kRISP-meR	accepted	accept	TTCAACAAATGGCAGCGTTGTGG	1.0
present_v_absent	accept	kRISP-meR	accepted	accept	TCAACAAATGGCAGCGTTGTGGG	1.0
present_v_absent	accept	kRISP-meR	accepted	accept	GATGTCAATGTCTCTGAAGGAGG	1.3636
present_v_absent	accept	kRISP-meR	accepted	accept	GAGGATGTCAATGTCTCTGAAGG	1.0
present_v_absent	accept	kRISP-meR	accepted	accept	GACATCCTCATCCCTGACTTCGG	1.0
present_v_absent	accept	kRISP-meR	accepted	accept	CGTTCTGTACCTCGGTCTGTGGG	1.0
present_v_absent	accept	kRISP-meR	accepted	accept	TCGTTCTGTACCTCGGTCTGTGG	1.0
present_v_absent	accept	kRISP-meR	accepted	accept	TTGTCTCTCGTTCTGTACCTCGG	1.0
present_v_absent	accept	kRISP-meR	rejected_side	not_generated	ACCTCTGCCCCCCCAGCAGCTGG	44.9251
present_v_absent	accept	kRISP-meR	rejected_side	reject	GCCAGCTGCTGGGGGGGCAGAGG	3.1853
present_v_absent	accept	kRISP-meR	accepted	accept	AAGCTGGCCAGCTGCTGGGGGGG	1.0
present_v_absent	accept	kRISP-meR	accepted	accept	AAAGCTGGCCAGCTGCTGGGGGG	1.1786
present_v_absent	accept	kRISP-meR	accepted	accept	CAAAGCTGGCCAGCTGCTGGGGG	1.2353
present_v_absent	accept	kRISP-meR	accepted	accept	GCAAAGCTGGCCAGCTGCTGGGG	1.4762
present_v_absent	accept	kRISP-meR	accepted	accept	TGCAAAGCTGGCCAGCTGCTGGG	1.0
present_v_absent	accept	kRISP-meR	accepted	accept	CTGCAAAGCTGGCCAGCTGCTGG	1.0917
present_v_absent	accept	kRISP-meR	accepted	accept	CAAGACTGGGGCTGCAAAGCTGG	1.4889
present_v_absent	accept	kRISP-meR	accepted	accept	TAGTTGGGGGCTCAAGACTGGGG	1.0
present_v_absent	accept	kRISP-meR	accepted	accept	GTAGTTGGGGGCTCAAGACTGGG	1.0
present_v_absent	accept	kRISP-meR	accepted	accept	GGTAGTTGGGGGCTCAAGACTGG	1.0
present_v_absent	accept	kRISP-meR	rejected_side	reject	GGTGGGGGGAGGGTAGTTGGGGG	4.8988
present_v_absent	accept	kRISP-meR	rejected_side	reject	GGGTGGGGGGAGGGTAGTTGGGG	4.139
present_v_absent	accept	kRISP-meR	rejected_side	reject	TGGGTGGGGGGAGGGTAGTTGGG	2.7796
present_v_absent	accept	kRISP-meR	rejected_side	reject	GTGGGTGGGGGGAGGGTAGTTGG	3.5523
present_v_absent	accept	kRISP-meR	rejected_side	not_generated	GATGGGGGTGGGTGGGGGGAGGG	38.0175
present_v_absent	accept	kRISP-meR	rejected_side	not_generated	GGATGGGGGTGGGTGGGGGGAGG	25.9209
present_v_absent	accept	kRISP-meR	rejected_side	not_generated	AGGGGATGGGGGTGGGTGGGGGG	20.233
present_v_absent	accept	kRISP-meR	rejected_side	reject	AAGGGGATGGGGGTGGGTGGGGG	8.7863
present_v_absent	accept	kRISP-meR	rejected_side	reject	GAAGGGGATGGGGGTGGGTGGGG	7.7826
present_v_absent	accept	kRISP-meR	rejected_side	reject	GGAAGGGGATGGGGGTGGGTGGG	7.5473
present_v_absent	accept	kRISP-meR	rejected_side	reject	GGGAAGGGGATGGGGGTGGGTGG	6.8067
present_v_absent	accept	kRISP-meR	rejected_side	reject	ATTGGGAAGGGGATGGGGGTGGG	4.0089
present_v_absent	accept	kRISP-meR	rejected_side	reject	AATTGGGAAGGGGATGGGGGTGG	1.8314
present_v_absent	accept	kRISP-meR	accepted	accept	TTCAATTGGGAAGGGGATGGGGG	1.0
present_v_absent	accept	kRISP-meR	accepted	accept	CTTCAATTGGGAAGGGGATGGGG	1.0
present_v_absent	accept	kRISP-meR	accepted	accept	CCCATCCCCTTCCCAATTGAAGG	1.0
present_v_absent	accept	kRISP-meR	accepted	accept	TCCTTCAATTGGGAAGGGGATGG	1.0
present_v_absent	accept	kRISP-meR	rejected_side	reject	CCCCTTCCCAATTGAAGGAGCGG	1.7143
present_v_absent	accept	kRISP-meR	accepted	accept	TCCGCTCCTTCAATTGGGAAGGG	1.0
present_v_absent	accept	kRISP-meR	accepted	accept	TTCCGCTCCTTCAATTGGGAAGG	1.0
present_v_absent	accept	kRISP-meR	accepted	accept	CTCTTTCCGCTCCTTCAATTGGG	1.0
present_v_absent	accept	kRISP-meR	accepted	accept	TCTCTTTCCGCTCCTTCAATTGG	1.0
present_v_absent	accept	kRISP-meR	rejected_side	reject	AACCAGGACTCCAGCACCTCTGG	1.5385
present_v_absent	accept	kRISP-meR	rejected_side	reject	GACCAGAGGTGCTGGAGTCCTGG	1.8125
present_v_absent	accept	kRISP-meR	accepted	accept	GAGGGCGGGACCAGAGGTGCTGG	1.0
present_v_absent	accept	kRISP-meR	accepted	accept	CCTCTGGTCCCGCCCTCACCCGG	1.0
present_v_absent	accept	kRISP-meR	rejected_side	reject	CCCGCCCTCACCCGGACCCCTGG	1.375
present_v_absent	accept	kRISP-meR	rejected_side	reject	GCCAGGGGTCCGGGTGAGGGCGG	1.9333
present_v_absent	accept	kRISP-meR	accepted	accept	AGGGCCAGGGGTCCGGGTGAGGG	1.1684
present_v_absent	accept	kRISP-meR	accepted	accept	GAGGGCCAGGGGTCCGGGTGAGG	1.0
present_v_absent	accept	kRISP-meR	accepted	accept	GACGTGAGGGCCAGGGGTCCGGG	1.0
present_v_absent	accept	kRISP-meR	accepted	accept	AGACGTGAGGGCCAGGGGTCCGG	1.0
present_v_absent	accept	kRISP-meR	rejected_side	reject	GGAGGAGACGTGAGGGCCAGGGG	2.0362
present_v_absent	accept	kRISP-meR	accepted	accept	TGGAGGAGACGTGAGGGCCAGGG	1.0
present_v_absent	accept	kRISP-meR	accepted	accept	CTGGAGGAGACGTGAGGGCCAGG	1.0
present_v_absent	accept	kRISP-meR	accepted	accept	CTGGCCCTCACGTCTCCTCCAGG	1.0
present_v_absent	accept	kRISP-meR	accepted	accept	TGGCCCTCACGTCTCCTCCAGGG	1.1091
present_v_absent	accept	kRISP-meR	accepted	accept	CATCCCTGGAGGAGACGTGAGGG	1.1493
present_v_absent	accept	kRISP-meR	accepted	accept	CCTCACGTCTCCTCCAGGGATGG	1.0
present_v_absent	accept	kRISP-meR	rejected_side	reject	GTCTCCTCCAGGGATGGCGCTGG	1.8571
present_v_absent	accept	kRISP-meR	accepted	accept	TCCTCCAGGGATGGCGCTGGCGG	1.0
present_v_absent	accept	kRISP-meR	rejected_side	reject	GCCGCCAGCGCCATCCCTGGAGG	1.2074
present_v_absent	accept	kRISP-meR	accepted	accept	AAAGCCGCCAGCGCCATCCCTGG	1.0
present_v_absent	accept	kRISP-meR	rejected_side	reject	GCGGCTTTGATGATCGCCCTCGG	1.0
present_v_absent	accept	kRISP-meR	rejected_side	reject	ATGATCGCCCTCGGCAGCCTCGG	1.0
present_v_absent	accept	kRISP-meR	rejected_side	reject	GTGGAGGCCGAGGCTGCCGAGGG	1.9091
present_v_absent	accept	kRISP-meR	rejected_side	reject	TGTGGAGGCCGAGGCTGCCGAGG	1.7243
present_v_absent	accept	kRISP-meR	rejected_side	reject	GCAGCCTCGGCCTCCACACCTGG	1.7768
present_v_absent	accept	kRISP-meR	rejected_side	reject	CCTCGGCCTCCACACCTGGCAGG	1.8
present_v_absent	accept	kRISP-meR	rejected_side	reject	AAGGTAGTGAGTTCTCTCAATGG	10.7911
present_v_absent	accept	kRISP-meR	rejected_side	reject	AAGGAGGAAAGAGTAGAACAAGG	34.4029
present_v_absent	accept	kRISP-meR	rejected_side	reject	GAGTACAGTAGTGAAAAAGGAGG	1.5765
present_v_absent	accept	kRISP-meR	rejected_side	reject	GTTGAGTACAGTAGTGAAAAAGG	3.2324
present_v_absent	accept	kRISP-meR	accepted	accept	CTCAAATCCTAGGCTCTCATTGG	1.1793
present_v_absent	accept	kRISP-meR	accepted	accept	TATAAGGCCAATGAGAGCCTAGG	1.0
present_v_absent	accept	kRISP-meR	accepted	accept	TCATTGGCCTTATAAGTGATTGG	1.0
present_v_absent	accept	kRISP-meR	accepted	accept	CATTGGCCTTATAAGTGATTGGG	1.0
present_v_absent	accept	kRISP-meR	accepted	accept	TTTCTTCCCAATCACTTATAAGG	1.1346
present_v_absent	accept	kRISP-meR	rejected_side	reject	AATAAAATAAACTCACATATAGG	4.1185
present_v_absent	accept	kRISP-meR	accepted	accept	AAACTCACATATAGGAGATATGG	1.0
present_v_absent	accept	kRISP-meR	rejected_side	reject	ATGCCCAAAGAGAGAAAATTAGG	2.4545
present_v_absent	accept	kRISP-meR	rejected_side	reject	ACTCCTAATTTTCTCTCTTTGGG	2.2737
present_v_absent	accept	kRISP-meR	accepted	accept	AACTCCTAATTTTCTCTCTTTGG	1.0
present_v_absent	accept	kRISP-meR	accepted	accept	ATCAGTGAAAGAGCAGCAAGTGG	1.0
present_v_absent	accept	kRISP-meR	accepted	accept	GCTCTTTCACTGATCAGCGTTGG	1.0
present_v_absent	accept	kRISP-meR	accepted	accept	TTGCTGGCTCCCCACCCACTAGG	1.0
present_v_absent	accept	kRISP-meR	accepted	accept	GACGAGAATGAGAGACTGGGAGG	1.0
present_v_absent	accept	kRISP-meR	accepted	accept	AAGGACGAGAATGAGAGACTGGG	1.094
present_v_absent	accept	kRISP-meR	rejected_side	reject	CAAGGACGAGAATGAGAGACTGG	1.6661
present_v_absent	accept	kRISP-meR	accepted	accept	CAGTCTCTCATTCTCGTCCTTGG	1.0
present_v_absent	accept	kRISP-meR	accepted	accept	GAGAGGATAAATTTTTAAATCGG	1.0
present_v_absent	accept	kRISP-meR	accepted	accept	AGGATGAATTTGCTAAGGAGAGG	1.0431
present_v_absent	accept	kRISP-meR	rejected_side	reject	AGGAGAGGATGAATTTGCTAAGG	1.5238
present_v_absent	accept	kRISP-meR	accepted	accept	ATTCATCCTCTCCTTATATTAGG	1.0
present_v_absent	accept	kRISP-meR	accepted	accept	TTCATCCTCTCCTTATATTAGGG	1.0
present_v_absent	accept	kRISP-meR	accepted	accept	CTTTTCCCTAATATAAGGAGAGG	1.0
present_v_absent	accept	kRISP-meR	accepted	accept	AAGTACTTTTCCCTAATATAAGG	1.0
present_v_absent	accept	kRISP-meR	rejected_side	reject	AAAAGTACTTCTTAGCTATAAGG	1.5641
present_v_absent	accept	kRISP-meR	rejected_side	reject	GCAACCTTCTGAATATAATTTGG	6.4104
present_v_absent	accept	kRISP-meR	rejected_side	reject	GAAACCAAATTATATTCAGAAGG	3.7672
present_v_absent	accept	kRISP-meR	rejected_side	reject	GTGGCATACACAGAGGGAGAAGG	1.8725
present_v_absent	accept	kRISP-meR	rejected_side	reject	TGGCATACACAGAGGGAGAAGGG	1.6633
present_v_absent	accept	kRISP-meR	accepted	accept	GGCATACACAGAGGGAGAAGGGG	1.0
present_v_absent	accept	kRISP-meR	accepted	accept	ATACACAGAGGGAGAAGGGGAGG	1.2567
present_v_absent	accept	kRISP-meR	accepted	accept	TACACAGAGGGAGAAGGGGAGGG	1.7692
present_v_absent	accept	kRISP-meR	rejected_side	reject	GAGGGAGAAGGGGAGGGAACAGG	9.7052
present_v_absent	accept	kRISP-meR	rejected_side	reject	AGAAGGGGAGGGAACAGGTGTGG	2.0727
present_v_absent	accept	kRISP-meR	rejected_side	not_generated	GGGAGGGAACAGGTGTGGAGAGG	3.1562
present_v_absent	accept	kRISP-meR	accepted	accept	ACAGGTGTGGAGAGGAGCTGCGG	1.0
present_v_absent	accept	kRISP-meR	accepted	accept	AAATCTCAAGTCAGAGATTCAGG	1.2674
present_v_absent	accept	kRISP-meR	accepted	accept	AATCTCAAGTCAGAGATTCAGGG	1.0
present_v_absent	accept	kRISP-meR	accepted	accept	GTCAGAGATTCAGGGACACTTGG	1.0
present_v_absent	accept	kRISP-meR	accepted	accept	TCAGGGACACTTGGTCCCCGTGG	1.0
present_v_absent	accept	kRISP-meR	accepted	accept	TTGGTCCCCGTGGCGAGCCATGG	1.0
present_v_absent	accept	kRISP-meR	accepted	accept	TGCTTCCATGGCTCGCCACGGGG	1.0
present_v_absent	accept	kRISP-meR	accepted	accept	CTGCTTCCATGGCTCGCCACGGG	1.0
present_v_absent	accept	kRISP-meR	accepted	accept	TCTGCTTCCATGGCTCGCCACGG	1.0
present_v_absent	accept	kRISP-meR	accepted	accept	GGCGAGCCATGGAAGCAGAAAGG	1.0
present_v_absent	accept	kRISP-meR	rejected_side	reject	GAGCCATGGAAGCAGAAAGGAGG	3.209
present_v_absent	accept	kRISP-meR	accepted	accept	GCGCCTCCTTTCTGCTTCCATGG	1.0
present_v_absent	accept	kRISP-meR	rejected_side	reject	GGAAGCAGAAAGGAGGCGCCAGG	2.3853
present_v_absent	accept	kRISP-meR	accepted	accept	AGGGTGGGGTGTGGGCACCATGG	1.0
present_v_absent	accept	kRISP-meR	rejected_side	reject	GGTGTGGGCACCATGGCATGAGG	2.9231
present_v_absent	accept	kRISP-meR	rejected_side	reject	CTTGTTTCTTCCTCATGCCATGG	2.2586
present_v_absent	accept	kRISP-meR	rejected_side	reject	CATGGCATGAGGAAGAAACAAGG	2.3929
present_v_absent	accept	kRISP-meR	accepted	accept	AAGAAACAAGGTCCCTGAGCAGG	1.0
present_v_absent	accept	kRISP-meR	accepted	accept	TCAGGACTTGTGCCTGCTCAGGG	1.0
present_v_absent	accept	kRISP-meR	accepted	accept	GTCAGGACTTGTGCCTGCTCAGG	1.0
present_v_absent	accept	kRISP-meR	accepted	accept	GGCACAAGTCCTGACAGTCAAGG	1.0
present_v_absent	accept	kRISP-meR	accepted	accept	GCACAAGTCCTGACAGTCAAGGG	1.0
present_v_absent	accept	kRISP-meR	accepted	accept	AAAGCAGTCCCTTGACTGTCAGG	1.0
present_v_absent	accept	kRISP-meR	accepted	accept	TGACAGTCAAGGGACTGCTTTGG	1.0
present_v_absent	accept	kRISP-meR	accepted	accept	AAGGGACTGCTTTGGCATCCAGG	1.0
present_v_absent	accept	kRISP-meR	accepted	accept	AGGGACTGCTTTGGCATCCAGGG	1.0
present_v_absent	accept	kRISP-meR	rejected_side	reject	AGTGAGGTGACTGGAGGCCCTGG	1.5
present_v_absent	accept	kRISP-meR	accepted	accept	TATGGCAGTGAGGTGACTGGAGG	1.0
present_v_absent	accept	kRISP-meR	accepted	accept	ATGTATGGCAGTGAGGTGACTGG	1.1591
present_v_absent	accept	kRISP-meR	rejected_side	reject	ATTTCTAATGTATGGCAGTGAGG	2.0
present_v_absent	accept	kRISP-meR	accepted	accept	ATTGTCTCATTTCTAATGTATGG	1.0
present_v_absent	accept	kRISP-meR	rejected_side	reject	ATGGCTCTGGGGCACTTTGCTGG	1.5
present_v_absent	accept	kRISP-meR	accepted	accept	TGGCTCTGGGGCACTTTGCTGGG	1.0
present_v_absent	accept	kRISP-meR	accepted	accept	CAGGGAGGGGTCAACTTTTCTGG	2.0972
present_v_absent	accept	kRISP-meR	accepted	accept	CAGTGCTGGTTTGCAGGGAGGGG	2.4231
present_v_absent	accept	kRISP-meR	accepted	accept	GCAGTGCTGGTTTGCAGGGAGGG	2.0321
present_v_absent	accept	kRISP-meR	accepted	accept	GGCAGTGCTGGTTTGCAGGGAGG	2.0
present_v_absent	accept	kRISP-meR	rejected_side	reject	CTGGGCAGTGCTGGTTTGCAGGG	3.5633
present_v_absent	accept	kRISP-meR	rejected_side	reject	GCTGGGCAGTGCTGGTTTGCAGG	3.7738
present_v_absent	accept	kRISP-meR	accepted	accept	ACAAGAATGCTGGGCAGTGCTGG	2.3214
present_v_absent	accept	kRISP-meR	accepted	accept	CTTGGCGGGACAAGAATGCTGGG	2.0
present_v_absent	accept	kRISP-meR	accepted	accept	GCTTGGCGGGACAAGAATGCTGG	2.0
present_v_absent	accept	kRISP-meR	rejected_side	reject	AGCTCACAGTCAGGCTTGGCGGG	2.0
present_v_absent	accept	kRISP-meR	rejected_side	reject	CAGCTCACAGTCAGGCTTGGCGG	2.0
present_v_absent	accept	kRISP-meR	rejected_side	reject	CAACAGCTCACAGTCAGGCTTGG	2.1697
present_v_absent	accept	kRISP-meR	accepted	accept	CGTCACAACAGCTCACAGTCAGG	1.2588
present_v_absent	accept	kRISP-meR	accepted	accept	TGTGACGTTGCCACTTTGCTCGG	1.0
present_v_absent	accept	kRISP-meR	rejected_side	reject	CGTTGCCACTTTGCTCGGAAAGG	1.5333
present_v_absent	accept	kRISP-meR	rejected_side	reject	GGGGTCCTTTCCGAGCAAAGTGG	1.6522
present_v_absent	accept	kRISP-meR	rejected_side	reject	GTAATAACAATCCAAACTTGTGG	1.7895
present_v_absent	accept	kRISP-meR	accepted	accept	ACTCTATTCAGCCACAAGTTTGG	1.0
present_v_absent	accept	kRISP-meR	accepted	accept	CTTCACACTGAATTTTCTCTTGG	1.4075
present_v_absent	accept	kRISP-meR	rejected_side	reject	AAAATTCAGTGTGAAGATGATGG	1.5806
present_v_absent	accept	kRISP-meR	accepted	accept	TGATGGAGTGACACAATAGAAGG	1.0556
present_v_absent	accept	kRISP-meR	rejected_side	reject	AAGTGATGATTCAGTGATTCAGG	1.6927
present_v_absent	accept	kRISP-meR	accepted	accept	TGAATCACTGAATCATCACTTGG	1.0
present_v_absent	accept	kRISP-meR	accepted	accept	GACTTGACTGGGGAAAGCGCAGG	1.0
present_v_absent	accept	kRISP-meR	rejected_side	reject	AGAGAAGGCAGACTTGACTGGGG	1.2872
present_v_absent	accept	kRISP-meR	accepted	accept	GAGAGAAGGCAGACTTGACTGGG	1.12
present_v_absent	accept	kRISP-meR	accepted	accept	GGAGAGAAGGCAGACTTGACTGG	1.2381
present_v_absent	accept	kRISP-meR	accepted	accept	TGCCTTCTCTCCGCAGAACGTGG	1.0
present_v_absent	accept	kRISP-meR	accepted	accept	GTCCACGTTCTGCGGAGAGAAGG	1.0
present_v_absent	accept	kRISP-meR	accepted	accept	GTTTTAGCGTCCACGTTCTGCGG	1.0
present_v_absent	accept	kRISP-meR	accepted	accept	AAGCTTAAAATGGTAAGTCAGGG	1.0
present_v_absent	accept	kRISP-meR	accepted	accept	AAAGCTTAAAATGGTAAGTCAGG	1.0
present_v_absent	accept	kRISP-meR	accepted	accept	ACCATTTTAAGCTTTAGAAGAGG	1.0
present_v_absent	accept	kRISP-meR	accepted	accept	GTGTCTCAACCCTTGACAAGAGG	1.0
present_v_absent	accept	kRISP-meR	accepted	accept	GCACTTGGTCCTCTTGTCAAGGG	1.2411
present_v_absent	accept	kRISP-meR	accepted	accept	GGCACTTGGTCCTCTTGTCAAGG	1.0
present_v_absent	accept	kRISP-meR	accepted	accept	AAACAGCAAGTGTGGAATACAGG	1.0
present_v_absent	accept	kRISP-meR	accepted	accept	TGTATTCCACACTTGCTGTTTGG	1.3429
present_v_absent	accept	kRISP-meR	accepted	accept	TTCCACACTTGCTGTTTGGTTGG	1.0
present_v_absent	accept	kRISP-meR	accepted	accept	ATCCAACCAAACAGCAAGTGTGG	1.0
present_v_absent	accept	kRISP-meR	accepted	accept	TCTGCAATTCCTTCCTAATAAGG	1.0
present_v_absent	accept	kRISP-meR	accepted	accept	TTTATGACTCCTTATTAGGAAGG	1.25
present_v_absent	accept	kRISP-meR	rejected_side	reject	CATTTTTATGACTCCTTATTAGG	2.1607
present_v_absent	accept	kRISP-meR	accepted	accept	AAATGCCTAAGCAGTAAGTATGG	1.0
present_v_absent	accept	kRISP-meR	rejected_side	reject	ATTCTCCATACTTACTGCTTAGG	1.6475
present_v_absent	accept	kRISP-meR	accepted	accept	TGGTTTTCTTTCACAACGAAAGG	1.0
present_v_absent	accept	kRISP-meR	accepted	accept	GTCTTGACTCTTGAAGTTCTTGG	1.0
present_v_absent	accept	kRISP-meR	accepted	accept	ACTTCAAGAGTCAAGACAGAAGG	1.0278
present_v_absent	accept	kRISP-meR	rejected_side	reject	GTCAAGACAGAAGGAAGCCAAGG	1.5556
present_v_absent	accept	kRISP-meR	accepted	accept	TCAAGACAGAAGGAAGCCAAGGG	1.0336
present_v_absent	accept	kRISP-meR	rejected_side	reject	AAGCCAAGGGAGCAGTGCAATGG	1.5556
present_v_absent	accept	kRISP-meR	accepted	accept	AATCCATTGCACTGCTCCCTTGG	1.0
present_v_absent	accept	kRISP-meR	rejected_side	reject	TGCAATGGATTTCTCAGTAAAGG	1.5867
present_v_absent	accept	kRISP-meR	rejected_side	reject	AGTAAAGGTAGACATAGAGAAGG	2.127
present_v_absent	accept	kRISP-meR	rejected_side	reject	AAAGGTAGACATAGAGAAGGAGG	1.8294
present_v_absent	accept	kRISP-meR	rejected_side	reject	GGTGACCTGCCCCATCTGCCTGG	7.6177
present_v_absent	accept	kRISP-meR	rejected_side	reject	GAGCTCCAGGCAGATGGGGCAGG	5.0772
present_v_absent	accept	kRISP-meR	rejected_side	reject	TCAGGAGCTCCAGGCAGATGGGG	3.4503
present_v_absent	accept	kRISP-meR	rejected_side	reject	GTCAGGAGCTCCAGGCAGATGGG	2.7116
present_v_absent	accept	kRISP-meR	rejected_side	reject	TGTCAGGAGCTCCAGGCAGATGG	2.5165
present_v_absent	accept	kRISP-meR	rejected_side	reject	GAGGTTCTGTCAGGAGCTCCAGG	1.5641
present_v_absent	accept	kRISP-meR	accepted	accept	CTAGGCTCAGAGGTTCTGTCAGG	1.0
present_v_absent	accept	kRISP-meR	accepted	accept	GAACCTCTGAGCCTAGATTGTGG	1.0
present_v_absent	accept	kRISP-meR	accepted	accept	TGGCCACAATCTAGGCTCAGAGG	1.0
present_v_absent	accept	kRISP-meR	rejected_side	reject	TAAAACAACACAGAATCCACTGG	2.745
present_v_absent	accept	kRISP-meR	rejected_side	reject	AAGGTTGTGGAGAGTTGTAATGG	1.9231
present_v_absent	accept	kRISP-meR	accepted	accept	CTTGATGTAATAAAAGGTTGTGG	1.0
present_v_absent	accept	kRISP-meR	accepted	accept	AACCTTTTATTACATCAAGAAGG	1.0
present_v_absent	accept	kRISP-meR	accepted	accept	CTCCTTCTTGATGTAATAAAAGG	1.0
present_v_absent	accept	kRISP-meR	rejected_side	reject	ACATCAAGAAGGAGCTAAAATGG	1.5
present_v_absent	accept	kRISP-meR	accepted	accept	AAAATGGCAGTGCGTTTAGCTGG	1.0
present_v_absent	accept	kRISP-meR	accepted	accept	ATGGCAGTGCGTTTAGCTGGTGG	1.0
present_v_absent	accept	kRISP-meR	accepted	accept	TGGCAGTGCGTTTAGCTGGTGGG	1.0
present_v_absent	accept	kRISP-meR	accepted	accept	AGCTGGTGGGCTGCAGAAAATGG	1.0714
present_v_absent	accept	kRISP-meR	accepted	accept	AACATTTGTTTTGTTGAGCAAGG	1.4286
present_v_absent	accept	kRISP-meR	accepted	accept	TAGGAATAATGTAGAATGCAAGG	1.0
present_v_absent	accept	kRISP-meR	accepted	accept	GCAAGGCAGTAATTTCCTTTTGG	1.0
present_v_absent	accept	kRISP-meR	accepted	accept	GCAGTAATTTCCTTTTGGAAAGG	1.4167
present_v_absent	accept	kRISP-meR	rejected_side	reject	CCTTTTGGAAAGGACTCTGAAGG	1.7059
present_v_absent	accept	kRISP-meR	rejected_side	reject	GACTCTGAAGGCAGAAAAGAAGG	1.8
present_v_absent	accept	kRISP-meR	rejected_side	reject	ACTCTGAAGGCAGAAAAGAAGGG	2.8256
present_v_absent	accept	kRISP-meR	accepted	accept	AAAGAAGGGAGAGAACCTCATGG	1.1588
present_v_absent	accept	kRISP-meR	accepted	accept	AAGAAGGGAGAGAACCTCATGGG	1.0
present_v_absent	accept	kRISP-meR	accepted	accept	TTTATAATATTCTGCCCATGAGG	1.4667
present_v_absent	accept	kRISP-meR	accepted	accept	TCATATTCCAGCATTTGAATTGG	1.0
present_v_absent	accept	kRISP-meR	accepted	accept	TCTCTTTCCAATTCAAATGCTGG	1.2
present_v_absent	accept	kRISP-meR	rejected_side	reject	TTTTCAATTTCTAAATTTGCAGG	2.75
present_v_absent	accept	kRISP-meR	rejected_side	reject	TTTCAATTTCTAAATTTGCAGGG	2.1607
present_v_absent	accept	kRISP-meR	accepted	accept	TTCAATTTCTAAATTTGCAGGGG	1.0
present_v_absent	accept	kRISP-meR	accepted	accept	GCAGGGGATACTGAAAAATACGG	1.0
present_v_absent	accept	kRISP-meR	accepted	accept	GGGATACTGAAAAATACGGCAGG	1.0
present_v_absent	accept	kRISP-meR	rejected_side	reject	ATACTGAAAAATACGGCAGGTGG	1.9091
present_v_absent	accept	kRISP-meR	accepted	accept	AAAATACGGCAGGTGGCCTAAGG	1.0
present_v_absent	accept	kRISP-meR	accepted	accept	CTCAACTTTACAGCAGCCTTAGG	1.0
present_v_absent	accept	kRISP-meR	accepted	accept	CTAAGGCTGCTGTAAAGTTGAGG	1.0
present_v_absent	accept	kRISP-meR	accepted	accept	TAAGGCTGCTGTAAAGTTGAGGG	1.0333
present_v_absent	accept	kRISP-meR	accepted	accept	AAGGCTGCTGTAAAGTTGAGGGG	1.0
present_v_absent	accept	kRISP-meR	rejected_side	reject	TGCTGTAAAGTTGAGGGGAGAGG	1.5417
present_v_absent	accept	kRISP-meR	rejected_side	reject	CTTAGTGCTGTAGCTGCTGCAGG	2.0807
present_v_absent	accept	kRISP-meR	accepted	accept	TTCTAGAGGGTTTTTCTCAGGGG	1.0
present_v_absent	accept	kRISP-meR	rejected_side	reject	TTTCTAGAGGGTTTTTCTCAGGG	1.6364
present_v_absent	accept	kRISP-meR	rejected_side	reject	TTTTCTAGAGGGTTTTTCTCAGG	1.6952
present_v_absent	accept	kRISP-meR	accepted	accept	GGAACAGCTGTTTTTCTAGAGGG	1.0
present_v_absent	accept	kRISP-meR	accepted	accept	AGGAACAGCTGTTTTTCTAGAGG	1.0
present_v_absent	accept	kRISP-meR	rejected_side	reject	AAAACAGCTGTTCCTCTGTGTGG	1.8333
present_v_absent	accept	kRISP-meR	rejected_side	reject	GAAAAAAACAAACCACACAGAGG	1.7397
present_v_absent	accept	kRISP-meR	rejected_side	reject	TGTGTGGTTTGTTTTTTTCCTGG	3.7716
present_v_absent	accept	kRISP-meR	accepted	accept	TGGCATGCACACTTGGAACCAGG	1.0
present_v_absent	accept	kRISP-meR	rejected_side	reject	CTGGGGCTGGCATGCACACTTGG	1.7143
present_v_absent	accept	kRISP-meR	rejected_side	reject	AAGGTGAGTGGAGCTGGGGCTGG	1.9662
present_v_absent	accept	kRISP-meR	accepted	accept	GAAAAAGGTGAGTGGAGCTGGGG	1.0
present_v_absent	accept	kRISP-meR	rejected_side	reject	GGAAAAAGGTGAGTGGAGCTGGG	2.1145
present_v_absent	accept	kRISP-meR	accepted	accept	TGGAAAAAGGTGAGTGGAGCTGG	1.1442
present_v_absent	accept	kRISP-meR	rejected_side	reject	AAAAGCTGGAAAAAGGTGAGTGG	1.9954
present_v_absent	accept	kRISP-meR	rejected_side	reject	ACTCACCTTTTTCCAGCTTTTGG	2.1505
present_v_absent	accept	kRISP-meR	rejected_side	reject	AGAGGCCAAAAGCTGGAAAAAGG	1.54
present_v_absent	accept	kRISP-meR	rejected_side	reject	TTGTGGGGGACTGGGGAGCTGGG	2.7405
present_v_absent	accept	kRISP-meR	rejected_side	reject	GTTGTGGGGGACTGGGGAGCTGG	1.9091
present_v_absent	accept	kRISP-meR	accepted	accept	GGCTGGGTTGTGGGGGACTGGGG	1.0
present_v_absent	accept	kRISP-meR	accepted	accept	GGGCTGGGTTGTGGGGGACTGGG	1.0
present_v_absent	accept	kRISP-meR	accepted	accept	TGGGCTGGGTTGTGGGGGACTGG	1.3667
present_v_absent	accept	kRISP-meR	accepted	accept	GGTTCTGGGCTGGGTTGTGGGGG	1.125
present_v_absent	accept	kRISP-meR	accepted	accept	AGGTTCTGGGCTGGGTTGTGGGG	1.4142
present_v_absent	accept	kRISP-meR	rejected_side	reject	TAGGTTCTGGGCTGGGTTGTGGG	1.6667
present_v_absent	accept	kRISP-meR	accepted	accept	GTAGGTTCTGGGCTGGGTTGTGG	1.0
present_v_absent	accept	kRISP-meR	accepted	accept	CTCTTTGTAGGTTCTGGGCTGGG	1.2625
present_v_absent	accept	kRISP-meR	accepted	accept	GCTCTTTGTAGGTTCTGGGCTGG	1.0
present_v_absent	accept	kRISP-meR	rejected_side	reject	TTCAGCTCTTTGTAGGTTCTGGG	1.5644
present_v_absent	accept	kRISP-meR	rejected_side	reject	CTTCAGCTCTTTGTAGGTTCTGG	2.2132
present_v_absent	accept	kRISP-meR	accepted	accept	GAACCTACAAAGAGCTGAAGAGG	1.0
present_v_absent	accept	kRISP-meR	accepted	accept	GGGCCTCTTCAGCTCTTTGTAGG	1.0
present_v_absent	accept	kRISP-meR	accepted	accept	ACAAAGAGCTGAAGAGGCCCTGG	1.0
present_v_absent	accept	kRISP-meR	accepted	accept	CAAAGAGCTGAAGAGGCCCTGGG	1.0
present_v_absent	accept	kRISP-meR	accepted	accept	GAGAGACGTCTCAGTACCCAGGG	1.0
present_v_absent	accept	kRISP-meR	accepted	accept	GGAGAGACGTCTCAGTACCCAGG	1.0
present_v_absent	accept	kRISP-meR	rejected_side	reject	ATTTTTCTGACTGTGAAGTAAGG	1.9792
present_v_absent	accept	kRISP-meR	accepted	accept	TTACTTCACAGTCAGAAAAATGG	1.0167
present_v_absent	accept	kRISP-meR	accepted	accept	CAGAAAAATGGACCCAGCGATGG	1.0
present_v_absent	accept	kRISP-meR	accepted	accept	CGATGAGTTCAGGACGGCAGCGG	1.0
present_v_absent	accept	kRISP-meR	accepted	accept	TGAGTTCAGGACGGCAGCGGTGG	1.0
present_v_absent	accept	kRISP-meR	accepted	accept	TTCAGGACGGCAGCGGTGGAAGG	1.1531
present_v_absent	accept	kRISP-meR	accepted	accept	GGAAGGCCCTTTTGTCACCTTGG	1.0
present_v_absent	accept	kRISP-meR	accepted	accept	CCCTTTTGTCACCTTGGACATGG	1.32
present_v_absent	accept	kRISP-meR	accepted	accept	TCCATGTCCAAGGTGACAAAAGG	1.0
present_v_absent	accept	kRISP-meR	accepted	accept	ACCTTGGACATGGAAGACTGTGG	1.0
present_v_absent	accept	kRISP-meR	accepted	accept	GCCACAGTCTTCCATGTCCAAGG	1.0
present_v_absent	accept	kRISP-meR	accepted	accept	AGGGTTGACTCATCTGTCTGTGG	1.0
present_v_absent	accept	kRISP-meR	accepted	accept	GACATAGGCTATGGTCATGAGGG	1.0
present_v_absent	accept	kRISP-meR	accepted	accept	TGACATAGGCTATGGTCATGAGG	1.0
present_v_absent	accept	kRISP-meR	accepted	accept	CATGACCATAGCCTATGTCATGG	1.3782
present_v_absent	accept	kRISP-meR	accepted	accept	GGCAGCCATGACATAGGCTATGG	1.0
present_v_absent	accept	kRISP-meR	accepted	accept	GCCTGGTCCCCACAGCCCACAGG	1.2591
present_v_absent	accept	kRISP-meR	accepted	accept	TCCTGTGGGCTGTGGGGACCAGG	1.1629
present_v_absent	accept	kRISP-meR	rejected_side	reject	GGTCCCCACAGCCCACAGGATGG	1.6654
present_v_absent	accept	kRISP-meR	rejected_side	reject	GGTCCATCCTGTGGGCTGTGGGG	2.9117
present_v_absent	accept	kRISP-meR	rejected_side	reject	TGGTCCATCCTGTGGGCTGTGGG	1.8403
present_v_absent	accept	kRISP-meR	accepted	accept	TTGGTCCATCCTGTGGGCTGTGG	1.0
present_v_absent	accept	kRISP-meR	accepted	accept	CAGCCCACAGGATGGACCAAAGG	1.0
present_v_absent	accept	kRISP-meR	accepted	accept	AGCCCACAGGATGGACCAAAGGG	1.0
present_v_absent	accept	kRISP-meR	accepted	accept	GCCCACAGGATGGACCAAAGGGG	1.0
present_v_absent	accept	kRISP-meR	accepted	accept	CCCACAGGATGGACCAAAGGGGG	1.0
present_v_absent	accept	kRISP-meR	accepted	accept	GCCCCCTTTGGTCCATCCTGTGG	1.0
present_v_absent	accept	kRISP-meR	rejected_side	reject	CAGGATGGACCAAAGGGGGCAGG	1.4473
present_v_absent	accept	kRISP-meR	accepted	accept	TCTGTCTGGAAGCCAGCGGGAGG	1.1357
present_v_absent	accept	kRISP-meR	accepted	accept	AGGTCTGTCTGGAAGCCAGCGGG	1.0
present_v_absent	accept	kRISP-meR	accepted	accept	CAGGTCTGTCTGGAAGCCAGCGG	1.0
present_v_absent	accept	kRISP-meR	accepted	accept	CGCTGGCTTCCAGACAGACCTGG	1.0
present_v_absent	accept	kRISP-meR	accepted	accept	GCTGGCTTCCAGACAGACCTGGG	1.0
present_v_absent	accept	kRISP-meR	accepted	accept	TTCCAGACAGACCTGGGACTTGG	1.0
present_v_absent	accept	kRISP-meR	accepted	accept	TGCCAAGTCCCAGGTCTGTCTGG	1.0
present_v_absent	accept	kRISP-meR	accepted	accept	CGGCATGACTGCCAAGTCCCAGG	1.0
present_v_absent	accept	kRISP-meR	accepted	accept	CTGGGACTTGGCAGTCATGCCGG	1.0
present_v_absent	accept	kRISP-meR	accepted	accept	TGGGACTTGGCAGTCATGCCGGG	1.0
present_v_absent	accept	kRISP-meR	accepted	accept	TTGGCAGTCATGCCGGGTGATGG	1.0
present_v_absent	accept	kRISP-meR	accepted	accept	GCCGGGTGATGGTGTTCCTGCGG	1.0
present_v_absent	accept	kRISP-meR	accepted	accept	TCCGCAGGAACACCATCACCCGG	1.0
present_v_absent	accept	kRISP-meR	accepted	accept	GGACAACTGAGGGTCTCCGCAGG	1.0
present_v_absent	accept	kRISP-meR	accepted	accept	GTAATATTTATAGAAACACTGGG	1.0
present_v_absent	accept	kRISP-meR	accepted	accept	GGTAATATTTATAGAAACACTGG	1.3025
present_v_absent	accept	kRISP-meR	accepted	accept	ATATTACCTTTCCTTATCTTTGG	1.0
present_v_absent	accept	kRISP-meR	accepted	accept	ATATCTCCAAAGATAAGGAAAGG	1.0
present_v_absent	accept	kRISP-meR	rejected_side	reject	TTTTAATATCTCCAAAGATAAGG	3.9077
present_v_absent	accept	kRISP-meR	rejected_side	reject	GATATTAAAAATAATTTTGTTGG	7.4994
present_v_absent	accept	kRISP-meR	accepted	accept	AAATGTCTTCAAAAAATGACAGG	1.0
present_v_absent	accept	kRISP-meR	accepted	accept	AGACATTTTCTGATGTAATTTGG	1.1846
present_v_absent	accept	kRISP-meR	accepted	accept	GACATTTTCTGATGTAATTTGGG	1.0
present_v_absent	accept	CRISPOR	accepted	accept	ATGCATCACGTGCAGAAGCTGGG	1.0
present_v_absent	accept	CRISPOR	accepted	accept	GATGCATCACGTGCAGAAGCTGG	1.0
present_v_absent	accept	CRISPOR	accepted	accept	GAGATTCACCCTGAAAATGAAGG	1.3652
present_v_absent	accept	CRISPOR	rejected_side	reject	AACAGTTGCCTTCATTTTCAGGG	1.5128
present_v_absent	accept	CRISPOR	accepted	accept	AAACAGTTGCCTTCATTTTCAGG	1.0714
present_v_absent	accept	CRISPOR	accepted	accept	TGAAAATGAAGGCAACTGTTTGG	3.3811
present_v_absent	accept	CRISPOR	accepted	accept	GTAAAAAGGGGGTCATAGGATGG	1.0
present_v_absent	accept	CRISPOR	accepted	accept	TAATGTAAAAAGGGGGTCATAGG	1.0
present_v_absent	accept	CRISPOR	rejected_side	reject	GAAATATTAATGTAAAAAGGGGG	1.0
present_v_absent	accept	CRISPOR	accepted	accept	GATAATGATCTTTCTTTAAGGGG	1.0
present_v_absent	accept	CRISPOR	rejected_side	reject	TGATAATGATCTTTCTTTAAGGG	1.6763
present_v_absent	accept	CRISPOR	accepted	accept	TTGATAATGATCTTTCTTTAAGG	1.0
present_v_absent	accept	CRISPOR	accepted	accept	AGAAAACTAATCCTATAGTGTGG	1.3422
present_v_absent	accept	CRISPOR	accepted	accept	AAAAATTCTCACCACACTATAGG	1.0
present_v_absent	accept	CRISPOR	accepted	accept	TATAGTGTGGTGAGAATTTTTGG	1.0
present_v_absent	accept	CRISPOR	accepted	accept	CATTGTTAAAAGTATGAGAGTGG	1.1455
present_v_absent	accept	CRISPOR	accepted	accept	GCCCCAGCACCGATTCATCTCGG	1.0
present_v_absent	accept	CRISPOR	accepted	accept	TCCGAGATGAATCGGTGCTGGGG	1.0
present_v_absent	accept	CRISPOR	accepted	accept	ATCCGAGATGAATCGGTGCTGGG	1.0
present_v_absent	accept	CRISPOR	accepted	accept	TATCCGAGATGAATCGGTGCTGG	1.0
present_v_absent	accept	CRISPOR	accepted	accept	TCTCTTTATCCGAGATGAATCGG	1.0
present_v_absent	accept	CRISPOR	rejected_side	reject	ATAAAGAGAAGAAAATCCCTAGG	17.4573
present_v_absent	accept	CRISPOR	accepted	accept	AAGAGAAGAAAATCCCTAGGAGG	3.396
present_v_absent	accept	CRISPOR	accepted	accept	AAATCCCTAGGAGGACATGTTGG	1.0
present_v_absent	accept	CRISPOR	accepted	accept	TCTACCAACATGTCCTCCTAGGG	1.0
present_v_absent	accept	CRISPOR	accepted	accept	TTCTACCAACATGTCCTCCTAGG	1.1304
present_v_absent	accept	CRISPOR	accepted	accept	ACATGTTGGTAGAATCATTCTGG	1.0
present_v_absent	accept	CRISPOR	accepted	accept	TAGAATAGGTGTCAATGACATGG	1.0
present_v_absent	accept	CRISPOR	accepted	accept	ATGTCATTGACACCTATTCTAGG	1.0
present_v_absent	accept	CRISPOR	accepted	accept	GGGGAATAAAATCCTAGAATAGG	1.0
present_v_absent	accept	CRISPOR	accepted	accept	GAAACAGTGGAGGAAGGACTGGG	1.0
present_v_absent	accept	CRISPOR	accepted	accept	TGAAACAGTGGAGGAAGGACTGG	1.0
present_v_absent	accept	CRISPOR	accepted	accept	CATCGTGAAACAGTGGAGGAAGG	1.0
present_v_absent	accept	CRISPOR	accepted	accept	CTTCCTCCACTGTTTCACGATGG	1.0
present_v_absent	accept	CRISPOR	accepted	accept	TGGCCATCGTGAAACAGTGGAGG	1.0
present_v_absent	accept	CRISPOR	accepted	accept	TGCTGGCCATCGTGAAACAGTGG	1.0
present_v_absent	accept	CRISPOR	accepted	accept	CTGCAGGTTGAAGGCGGTGCTGG	1.0
present_v_absent	accept	CRISPOR	accepted	accept	CAGCACCGCCTTCAACCTGCAGG	1.0
present_v_absent	accept	CRISPOR	accepted	accept	CACCGCCTTCAACCTGCAGGTGG	1.0
present_v_absent	accept	CRISPOR	accepted	accept	GGCCACCTGCAGGTTGAAGGCGG	1.0
present_v_absent	accept	CRISPOR	accepted	accept	GGTGGCCACCTGCAGGTTGAAGG	1.0
present_v_absent	accept	CRISPOR	accepted	accept	AACCTGCAGGTGGCCACCCCTGG	1.0173
present_v_absent	accept	CRISPOR	accepted	accept	ACCTGCAGGTGGCCACCCCTGGG	1.0487
present_v_absent	accept	CRISPOR	accepted	accept	CCTGCAGGTGGCCACCCCTGGGG	1.1469
present_v_absent	accept	CRISPOR	accepted	accept	GGGGAAAGCCATGGAATTTGTGG	1.0
present_v_absent	accept	CRISPOR	rejected_side	reject	AGTCACATCCACAAATTCCATGG	1.0
present_v_absent	accept	CRISPOR	accepted	accept	TGACTGAGAGCAATGCACGCTGG	1.0
present_v_absent	accept	CRISPOR	accepted	accept	GACTGAGAGCAATGCACGCTGGG	1.0
present_v_absent	accept	CRISPOR	rejected_side	reject	CCTAGGCCTCCTCTCCCTGCTGG	1.6875
present_v_absent	accept	CRISPOR	rejected_side	reject	CATCTGCCAGCAGGGAGAGGAGG	2.173
present_v_absent	accept	CRISPOR	rejected_side	reject	CTCCTCTCCCTGCTGGCAGATGG	1.4286
present_v_absent	accept	CRISPOR	accepted	accept	TCCTCTCCCTGCTGGCAGATGGG	1.8571
present_v_absent	accept	CRISPOR	rejected_side	reject	TCCCATCTGCCAGCAGGGAGAGG	2.4789
present_v_absent	accept	CRISPOR	accepted	accept	CCCTGCTGGCAGATGGGAACAGG	1.0714
present_v_absent	accept	CRISPOR	accepted	accept	ACCTGTTCCCATCTGCCAGCAGG	1.4693
present_v_absent	accept	CRISPOR	accepted	accept	ATGGGAACAGGTTCTTCTTGAGG	1.4779
present_v_absent	accept	CRISPOR	rejected_side	reject	GGTTCTTCTTGAGGAAACTGAGG	2.3797
present_v_absent	accept	CRISPOR	rejected_side	reject	TTGAGGAAACTGAGGCAAAGAGG	133.6571
present_v_absent	accept	CRISPOR	rejected_side	reject	AGGAAACTGAGGCAAAGAGGAGG	34.2534
present_v_absent	accept	CRISPOR	rejected_side	reject	GGAAACTGAGGCAAAGAGGAGGG	19.4781
present_v_absent	accept	CRISPOR	rejected_side	reject	ACTGAGGCAAAGAGGAGGGCAGG	2.4362
present_v_absent	accept	CRISPOR	accepted	accept	CAAAGAGGAGGGCAGGTCTGAGG	1.5266
present_v_absent	accept	CRISPOR	accepted	accept	AAAGAGGAGGGCAGGTCTGAGGG	1.3676
present_v_absent	accept	CRISPOR	accepted	accept	CAGGTCTGAGGGACCCCGCTTGG	1.0
present_v_absent	accept	CRISPOR	accepted	accept	AGGTCTGAGGGACCCCGCTTGGG	1.0
present_v_absent	accept	CRISPOR	accepted	accept	CTGAGGGACCCCGCTTGGGCTGG	1.0
present_v_absent	accept	CRISPOR	accepted	accept	GGGTGAGGCCAGCCCAAGCGGGG	1.7647
present_v_absent	accept	CRISPOR	accepted	accept	CGGGTGAGGCCAGCCCAAGCGGG	1.0
present_v_absent	accept	CRISPOR	accepted	accept	GCGGGTGAGGCCAGCCCAAGCGG	1.0
present_v_absent	accept	CRISPOR	accepted	accept	GGCTGGCCTCACCCGCACACTGG	1.0
present_v_absent	accept	CRISPOR	accepted	accept	GCTGGCCTCACCCGCACACTGGG	1.0
present_v_absent	accept	CRISPOR	accepted	accept	GGCCTCACCCGCACACTGGGAGG	1.6923
present_v_absent	accept	CRISPOR	accepted	accept	GCCTCACCCGCACACTGGGAGGG	1.175
present_v_absent	accept	CRISPOR	accepted	accept	GCCCTCCCAGTGTGCGGGTGAGG	1.0
present_v_absent	accept	CRISPOR	accepted	accept	TGGCTGCCCTCCCAGTGTGCGGG	1.0
present_v_absent	accept	CRISPOR	accepted	accept	CTGGCTGCCCTCCCAGTGTGCGG	1.0
present_v_absent	accept	CRISPOR	accepted	accept	CGCACACTGGGAGGGCAGCCAGG	1.3246
present_v_absent	accept	CRISPOR	rejected_side	reject	ACACTGGGAGGGCAGCCAGGTGG	1.1222
present_v_absent	accept	CRISPOR	rejected_side	reject	CACTGGGAGGGCAGCCAGGTGGG	1.0
present_v_absent	accept	CRISPOR	rejected_side	reject	ACTGGGAGGGCAGCCAGGTGGGG	3.5668
present_v_absent	accept	CRISPOR	accepted	accept	GCCAGGTGGGGACTCTGACCTGG	1.0
present_v_absent	accept	CRISPOR	accepted	accept	GAATTGGGGAAGTGTGCCACAGG	1.0
present_v_absent	accept	CRISPOR	rejected_side	reject	TCCCCAATTCCCTCATCTGTAGG	1.776
present_v_absent	accept	CRISPOR	rejected_side	reject	TCCTACAGATGAGGGAATTGGGG	2.1433
present_v_absent	accept	CRISPOR	rejected_side	reject	ATCCTACAGATGAGGGAATTGGG	2.8197
present_v_absent	accept	CRISPOR	rejected_side	reject	AATCCTACAGATGAGGGAATTGG	1.2294
present_v_absent	accept	CRISPOR	rejected_side	reject	ATTCCCTCATCTGTAGGATTTGG	1.6878
present_v_absent	accept	CRISPOR	accepted	accept	TTCCCTCATCTGTAGGATTTGGG	1.0824
present_v_absent	accept	CRISPOR	accepted	accept	AGCCCAAATCCTACAGATGAGGG	1.1654
present_v_absent	accept	CRISPOR	accepted	accept	CAGCCCAAATCCTACAGATGAGG	1.0
present_v_absent	accept	CRISPOR	accepted	accept	TGTAGGATTTGGGCTGCCCCAGG	1.0
present_v_absent	accept	CRISPOR	rejected_side	reject	GGGCTGCCCCAGGCCCACCCAGG	3.3667
present_v_absent	accept	CRISPOR	rejected_side	reject	GGCTGCCCCAGGCCCACCCAGGG	2.5779
present_v_absent	accept	CRISPOR	rejected_side	reject	GCTGCCCCAGGCCCACCCAGGGG	1.4737
present_v_absent	accept	CRISPOR	rejected_side	reject	CTGCCCCAGGCCCACCCAGGGGG	1.9752
present_v_absent	accept	CRISPOR	rejected_side	reject	GAGCCCCCTGGGTGGGCCTGGGG	1.9296
present_v_absent	accept	CRISPOR	accepted	accept	AGAGCCCCCTGGGTGGGCCTGGG	2.4599
present_v_absent	accept	CRISPOR	rejected_side	reject	CAGAGCCCCCTGGGTGGGCCTGG	2.2273
present_v_absent	accept	CRISPOR	rejected_side	reject	ACATTCAGAGCCCCCTGGGTGGG	1.8667
present_v_absent	accept	CRISPOR	accepted	accept	TACATTCAGAGCCCCCTGGGTGG	1.8421
present_v_absent	accept	CRISPOR	accepted	accept	AAATACATTCAGAGCCCCCTGGG	1.0
present_v_absent	accept	CRISPOR	accepted	accept	AAAATACATTCAGAGCCCCCTGG	1.0
present_v_absent	accept	CRISPOR	accepted	accept	GTACCGTGTTTCTTTCCCCCAGG	1.1034
present_v_absent	accept	CRISPOR	accepted	accept	TCTCCTGGGGGAAAGAAACACGG	1.0
present_v_absent	accept	CRISPOR	accepted	accept	AAGACTAAAAATTCTCCTGGGGG	2.1607
present_v_absent	accept	CRISPOR	accepted	accept	GAAGACTAAAAATTCTCCTGGGG	1.8
present_v_absent	accept	CRISPOR	accepted	accept	AGAAGACTAAAAATTCTCCTGGG	2.3661
present_v_absent	accept	CRISPOR	rejected_side	reject	AAGAAGACTAAAAATTCTCCTGG	2.4737
present_v_absent	accept	CRISPOR	accepted	accept	AGTCTTCTTTCATGAAGCAGTGG	2.6667
present_v_absent	accept	CRISPOR	accepted	accept	CTTCTTTCATGAAGCAGTGGAGG	1.4615
present_v_absent	accept	CRISPOR	accepted	accept	TTCTTTCATGAAGCAGTGGAGGG	1.3185
present_v_absent	accept	CRISPOR	accepted	accept	TCTTTCATGAAGCAGTGGAGGGG	1.1404
present_v_absent	accept	CRISPOR	accepted	accept	TGAAAAGCTGCCACTCTATATGG	1.0
present_v_absent	accept	CRISPOR	accepted	accept	GCTGCCACTCTATATGGTGTTGG	1.0
present_v_absent	accept	CRISPOR	accepted	accept	GCCACTCTATATGGTGTTGGAGG	1.0
present_v_absent	accept	CRISPOR	accepted	accept	TCCTCCAACACCATATAGAGTGG	1.0
present_v_absent	accept	CRISPOR	accepted	accept	CTATATGGTGTTGGAGGATGTGG	1.0
present_v_absent	accept	CRISPOR	accepted	accept	GGTGTTGGAGGATGTGGCCCAGG	1.0727
present_v_absent	accept	CRISPOR	accepted	accept	GTGTTGGAGGATGTGGCCCAGGG	1.0
present_v_absent	accept	CRISPOR	accepted	accept	TGTTGGAGGATGTGGCCCAGGGG	1.0
present_v_absent	accept	CRISPOR	accepted	accept	GTTGGAGGATGTGGCCCAGGGGG	1.0
present_v_absent	accept	CRISPOR	accepted	accept	GCTTTCTCTGGACCTGTCGGCGG	1.0
present_v_absent	accept	CRISPOR	accepted	accept	CTTTCTCTGGACCTGTCGGCGGG	1.0
present_v_absent	accept	CRISPOR	rejected_side	reject	TTGAAGGTCTTCATGGGAGATGG	3.0
present_v_absent	accept	CRISPOR	accepted	accept	TTGTCTTTGAAGGTCTTCATGGG	2.2286
present_v_absent	accept	CRISPOR	accepted	accept	GTTGTCTTTGAAGGTCTTCATGG	2.0
present_v_absent	accept	CRISPOR	accepted	accept	AGACGGCAAGTTGTCTTTGAAGG	1.6471
present_v_absent	accept	CRISPOR	accepted	accept	TCAAAGACAACTTGCCGTCTTGG	1.7987
present_v_absent	accept	CRISPOR	accepted	accept	TTTCATTGCTTTGTCCAAGACGG	2.0
present_v_absent	accept	CRISPOR	rejected_side	reject	CAAAGCAATGAAAGCAAAAGTGG	2.5868
present_v_absent	accept	CRISPOR	accepted	accept	AGCAAAAGTGGCCACATACCTGG	1.0
present_v_absent	accept	CRISPOR	accepted	accept	GCAAAAGTGGCCACATACCTGGG	1.0
present_v_absent	accept	CRISPOR	accepted	accept	AAAGTGGCCACATACCTGGGTGG	1.0
present_v_absent	accept	CRISPOR	accepted	accept	TGGAAGGCCACCCAGGTATGTGG	1.0
present_v_absent	accept	CRISPOR	accepted	accept	TTCACTGGTGTGGCACTGAATGG	2.0
present_v_absent	accept	CRISPOR	accepted	accept	ATAAAAGGCATTCACTGGTGTGG	2.0
present_v_absent	accept	CRISPOR	accepted	accept	CCAGTGAATGCCTTTTATAATGG	2.0
present_v_absent	accept	CRISPOR	accepted	accept	TGCCTTTTATAATGGCTGCATGG	2.6964
present_v_absent	accept	CRISPOR	rejected_side	reject	TTCCATGCAGCCATTATAAAAGG	2.1832
present_v_absent	accept	CRISPOR	accepted	accept	TTGGTTAGTATCTGTGTTTCCGG	1.7333
present_v_absent	accept	CRISPOR	accepted	accept	GTTAGTATCTGTGTTTCCGGTGG	1.72
present_v_absent	accept	CRISPOR	accepted	accept	TTAGTATCTGTGTTTCCGGTGGG	1.625
present_v_absent	accept	CRISPOR	accepted	accept	GTGTTTCCGGTGGGTGTAATAGG	2.0
present_v_absent	accept	CRISPOR	accepted	accept	TGTTTCCGGTGGGTGTAATAGGG	2.0
present_v_absent	accept	CRISPOR	accepted	accept	GTTTCCGGTGGGTGTAATAGGGG	2.0
present_v_absent	accept	CRISPOR	accepted	accept	TAATCCCCTATTACACCCACCGG	2.0
present_v_absent	accept	CRISPOR	accepted	accept	AATAGGGGATTAGCCCCAGAAGG	2.0
present_v_absent	accept	CRISPOR	accepted	accept	ATAGGGGATTAGCCCCAGAAGGG	2.0
present_v_absent	accept	CRISPOR	accepted	accept	GTTTAGCTCAGTCCCTTCTGGGG	2.0
present_v_absent	accept	CRISPOR	accepted	accept	TGTTTAGCTCAGTCCCTTCTGGG	2.0
present_v_absent	accept	CRISPOR	accepted	accept	CTGTTTAGCTCAGTCCCTTCTGG	2.7143
present_v_absent	accept	CRISPOR	accepted	accept	TGAGCTAAACAGTGTTATTATGG	2.5143
present_v_absent	accept	CRISPOR	accepted	accept	GAGCTAAACAGTGTTATTATGGG	2.2824
present_v_absent	accept	CRISPOR	accepted	accept	AAACAGTGTTATTATGGGAAAGG	2.0
present_v_absent	accept	CRISPOR	rejected_side	reject	TGTTATTATGGGAAAGGAAATGG	2.0
present_v_absent	accept	CRISPOR	accepted	accept	GAATGGATTGCATTAGTCGCTGG	2.0
present_v_absent	accept	CRISPOR	rejected_side	reject	TACTATAAACAAGAGAGGAATGG	2.8462
present_v_absent	accept	CRISPOR	rejected_side	reject	GCTAAGAGAAAAGAAGATTCTGG	2.1607
present_v_absent	accept	CRISPOR	rejected_side	reject	CTAAGAGAAAAGAAGATTCTGGG	2.4473
present_v_absent	accept	CRISPOR	accepted	accept	AGATCAAACTTTTGCTTCATTGG	1.0
present_v_absent	accept	CRISPOR	accepted	accept	CTTTCATTCACCCACACATCAGG	1.0
present_v_absent	accept	CRISPOR	accepted	accept	TGACATCTATGTTTCCCAGCTGG	1.5833
present_v_absent	accept	CRISPOR	accepted	accept	ATACATTCATATCTGTGTAAAGG	1.838
present_v_absent	accept	CRISPOR	accepted	accept	TGCAAGAGAAGTTCTTCAAGAGG	1.0
present_v_absent	accept	CRISPOR	accepted	accept	AAGAGGAAACCCAAAGTCCTTGG	1.2667
present_v_absent	accept	CRISPOR	accepted	accept	AGAGGAAACCCAAAGTCCTTGGG	1.0
present_v_absent	accept	CRISPOR	accepted	accept	GAGGAAACCCAAAGTCCTTGGGG	1.0
present_v_absent	accept	CRISPOR	accepted	accept	TGCCTTGATGAGCCTTAGCATGG	1.6364
present_v_absent	accept	CRISPOR	accepted	accept	GCCTTGATGAGCCTTAGCATGGG	1.8
present_v_absent	accept	CRISPOR	accepted	accept	TCCCATGCTAAGGCTCATCAAGG	2.0
present_v_absent	accept	CRISPOR	accepted	accept	TCATTATTATTCCCATGCTAAGG	2.2105
present_v_absent	accept	CRISPOR	rejected_side	reject	ACTTTCACATAAGGAAACTGAGG	24.4894
present_v_absent	accept	CRISPOR	accepted	accept	TTTCCTTATGTGAAAGTTGCTGG	1.0
present_v_absent	accept	CRISPOR	accepted	accept	GTTCCAGCAACTTTCACATAAGG	1.0
present_v_absent	accept	CRISPOR	rejected_side	reject	GAAAGTTGCTGGAACCAAAATGG	4.724
present_v_absent	accept	CRISPOR	accepted	accept	TATGCCAAACTCTAATAAAATGG	2.8196
present_v_absent	accept	CRISPOR	accepted	accept	GACTCCATTTTATTAGAGTTTGG	4.8044
present_v_absent	accept	CRISPOR	rejected_side	reject	AAACTCTAATAAAATGGAGTCGG	5.2139
present_v_absent	accept	CRISPOR	rejected_side	reject	AACTCTAATAAAATGGAGTCGGG	1.4068
present_v_absent	accept	CRISPOR	accepted	accept	ACTCTAATAAAATGGAGTCGGGG	1.5517
present_v_absent	accept	CRISPOR	accepted	accept	CTCTAATAAAATGGAGTCGGGGG	1.8571
present_v_absent	accept	CRISPOR	accepted	accept	TCTAATAAAATGGAGTCGGGGGG	2.4118
present_v_absent	accept	CRISPOR	accepted	accept	TGTGTGTGAGGGCTTCTATGTGG	2.1551
present_v_absent	accept	CRISPOR	rejected_side	reject	TTACGGGCATGTGTGTGTGAGGG	1.0
present_v_absent	accept	CRISPOR	rejected_side	reject	GTTACGGGCATGTGTGTGTGAGG	1.0
present_v_absent	accept	CRISPOR	accepted	accept	CACACACACATGCCCGTAACAGG	1.1212
present_v_absent	accept	CRISPOR	rejected_side	reject	CTTGTGATAAATCCTGTTACGGG	2.8571
present_v_absent	accept	CRISPOR	accepted	accept	TCTTGTGATAAATCCTGTTACGG	2.7905
present_v_absent	accept	CRISPOR	accepted	accept	GGGAAGGGTAGAAAACTTCAAGG	1.0
present_v_absent	accept	CRISPOR	accepted	accept	AAATAAACAATCAGCTGAAGAGG	1.4727
present_v_absent	accept	CRISPOR	accepted	accept	TTTCTATGAATTCCTACACATGG	1.0
present_v_absent	accept	CRISPOR	accepted	accept	AGGGGGGAATAACCATGTGTAGG	1.0
present_v_absent	accept	CRISPOR	accepted	accept	TTAGATTATCTCAAGTAGGGGGG	1.0
present_v_absent	accept	CRISPOR	accepted	accept	TTTAGATTATCTCAAGTAGGGGG	1.0
present_v_absent	accept	CRISPOR	accepted	accept	ATTTAGATTATCTCAAGTAGGGG	1.0
present_v_absent	accept	CRISPOR	accepted	accept	TATTTAGATTATCTCAAGTAGGG	1.0
present_v_absent	accept	CRISPOR	accepted	accept	ATATTTAGATTATCTCAAGTAGG	1.0
present_v_absent	accept	CRISPOR	rejected_side	reject	ATGATGGTCTCATTGGGAACAGG	1.4605
present_v_absent	accept	CRISPOR	accepted	accept	AGCACTATGATGGTCTCATTGGG	1.0
present_v_absent	accept	CRISPOR	accepted	accept	GAGCACTATGATGGTCTCATTGG	1.0606
present_v_absent	accept	CRISPOR	accepted	accept	ATTTGATGGGAGCACTATGATGG	1.5527
present_v_absent	accept	CRISPOR	accepted	accept	AGAAGTTGATGACATTTGATGGG	2.0
present_v_absent	accept	CRISPOR	accepted	accept	GAGAAGTTGATGACATTTGATGG	2.0
present_v_absent	accept	CRISPOR	accepted	accept	GGGTTCGGGTTTCTCTGCTTGGG	2.0
present_v_absent	accept	CRISPOR	accepted	accept	TGGGTTCGGGTTTCTCTGCTTGG	2.0
present_v_absent	accept	CRISPOR	accepted	accept	GAAACCCGAACCCACCAACCAGG	2.0
present_v_absent	accept	CRISPOR	accepted	accept	AAACCCGAACCCACCAACCAGGG	2.0
present_v_absent	accept	CRISPOR	accepted	accept	AACCCGAACCCACCAACCAGGGG	2.0
present_v_absent	accept	CRISPOR	accepted	accept	TGCCCCTGGTTGGTGGGTTCGGG	2.0
present_v_absent	accept	CRISPOR	accepted	accept	CTGCCCCTGGTTGGTGGGTTCGG	2.0
present_v_absent	accept	CRISPOR	accepted	accept	CGAACCCACCAACCAGGGGCAGG	2.0
present_v_absent	accept	CRISPOR	accepted	accept	CTATCCTGCCCCTGGTTGGTGGG	3.4764
present_v_absent	accept	CRISPOR	accepted	accept	GCTATCCTGCCCCTGGTTGGTGG	2.1756
present_v_absent	accept	CRISPOR	accepted	accept	CAGGCTATCCTGCCCCTGGTTGG	2.0
present_v_absent	accept	CRISPOR	accepted	accept	TCTTCAGGCTATCCTGCCCCTGG	2.0
present_v_absent	accept	CRISPOR	accepted	accept	CTGCGTGTAGATGTTTCTTCAGG	1.0
present_v_absent	accept	CRISPOR	accepted	accept	CACGCAGAAATCAAAGTTATTGG	1.0
present_v_absent	accept	CRISPOR	accepted	accept	ACGCAGAAATCAAAGTTATTGGG	1.0
present_v_absent	accept	CRISPOR	accepted	accept	AAATCGGATCTAGATCCAGCTGG	1.0
present_v_absent	accept	CRISPOR	accepted	accept	ATCTAGATCCAGCTGGCCACAGG	1.0
present_v_absent	accept	CRISPOR	accepted	accept	ATTGAGGACCTGTGGCCAGCTGG	1.0235
present_v_absent	accept	CRISPOR	accepted	accept	TGGCAGCGTGCTTTATTCACTGG	1.0
present_v_absent	accept	CRISPOR	accepted	accept	AGTGAATAAAGCACGCTGCCAGG	1.0
present_v_absent	accept	CRISPOR	accepted	accept	GTGAATAAAGCACGCTGCCAGGG	1.0
present_v_absent	accept	CRISPOR	accepted	accept	CAGTCACTCAGGAAAGGCCCTGG	1.5
present_v_absent	accept	CRISPOR	accepted	accept	CAGCATCAGTCACTCAGGAAAGG	1.1412
present_v_absent	accept	CRISPOR	accepted	accept	CCTGAGTGACTGATGCTGTGAGG	1.7143
present_v_absent	accept	CRISPOR	accepted	accept	ATGCTGTGAGGATGAGCATGTGG	1.0
present_v_absent	accept	CRISPOR	accepted	accept	TGAGCATGTGGTGTTTGCATTGG	1.2188
present_v_absent	accept	CRISPOR	accepted	accept	GCATGTGGTGTTTGCATTGGAGG	1.0
present_v_absent	accept	CRISPOR	accepted	accept	CATGTGGTGTTTGCATTGGAGGG	1.0
present_v_absent	accept	CRISPOR	accepted	accept	CATGTGGAGAGACGATGTAAAGG	2.4762
present_v_absent	accept	CRISPOR	accepted	accept	CTTTACATCGTCTCTCCACATGG	2.4933
present_v_absent	accept	CRISPOR	accepted	accept	TGTGAGAAGTTCAAGCCATGTGG	4.0608
present_v_absent	accept	CRISPOR	accepted	accept	ACTTCTCACAGCATGCCTGCTGG	2.7
present_v_absent	accept	CRISPOR	accepted	accept	GCCTGCTGGATTCGAAGAGATGG	2.0
present_v_absent	accept	CRISPOR	accepted	accept	GCCATCTCTTCGAATCCAGCAGG	2.0
present_v_absent	accept	CRISPOR	accepted	accept	TAGACGCTGGCACCTGGTGAGGG	1.7857
present_v_absent	accept	CRISPOR	accepted	accept	CTAGACGCTGGCACCTGGTGAGG	1.4959
present_v_absent	accept	CRISPOR	accepted	accept	AATGTCTAGACGCTGGCACCTGG	1.325
present_v_absent	accept	CRISPOR	accepted	accept	AGGTGCCAGCGTCTAGACATTGG	1.0
present_v_absent	accept	CRISPOR	accepted	accept	AAAATCCAATGTCTAGACGCTGG	1.0
present_v_absent	accept	CRISPOR	accepted	accept	GCTGTCTCTGCACAGGCGGGTGG	1.0
present_v_absent	accept	CRISPOR	accepted	accept	AGAGCTGTCTCTGCACAGGCGGG	1.0
present_v_absent	accept	CRISPOR	accepted	accept	GAGAGCTGTCTCTGCACAGGCGG	1.0
present_v_absent	accept	CRISPOR	accepted	accept	GGCGAGAGCTGTCTCTGCACAGG	1.0
present_v_absent	accept	CRISPOR	accepted	accept	GTGCAGAGACAGCTCTCGCCTGG	1.0
present_v_absent	accept	CRISPOR	accepted	accept	GAGGGGAGACACAAGGGGCCAGG	1.1793
present_v_absent	accept	CRISPOR	rejected_side	reject	GAGGGGAGGGGAGACACAAGGGG	2.7632
present_v_absent	accept	CRISPOR	rejected_side	reject	GGAGGGGAGGGGAGACACAAGGG	2.6889
present_v_absent	accept	CRISPOR	rejected_side	reject	TGGAGGGGAGGGGAGACACAAGG	3.2439
present_v_absent	accept	CRISPOR	rejected_side	reject	GACGCAAGGCTGGAGGGGAGGGG	1.7619
present_v_absent	accept	CRISPOR	rejected_side	reject	GGACGCAAGGCTGGAGGGGAGGG	1.2647
present_v_absent	accept	CRISPOR	rejected_side	reject	AGGACGCAAGGCTGGAGGGGAGG	1.7857
present_v_absent	accept	CRISPOR	rejected_side	reject	CTCAGGACGCAAGGCTGGAGGGG	1.0
present_v_absent	accept	CRISPOR	accepted	accept	ACTCAGGACGCAAGGCTGGAGGG	1.5385
present_v_absent	accept	CRISPOR	accepted	accept	GACTCAGGACGCAAGGCTGGAGG	1.0
present_v_absent	accept	CRISPOR	accepted	accept	AAAGACTCAGGACGCAAGGCTGG	1.0
present_v_absent	accept	CRISPOR	accepted	accept	AGCCTTGCGTCCTGAGTCTTTGG	1.0
present_v_absent	accept	CRISPOR	accepted	accept	CTCCAAAGACTCAGGACGCAAGG	1.4
present_v_absent	accept	CRISPOR	accepted	accept	CCTGAGTCTTTGGAGTCTTCAGG	1.0
present_v_absent	accept	CRISPOR	accepted	accept	CTGAGTCTTTGGAGTCTTCAGGG	1.0
present_v_absent	accept	CRISPOR	accepted	accept	TCTTTGGAGTCTTCAGGGTCAGG	1.0
present_v_absent	accept	CRISPOR	accepted	accept	GAGACTGAACAGCTTCAAAATGG	1.0
present_v_absent	accept	CRISPOR	accepted	accept	AACAGCTTCAAAATGGTGCAAGG	1.0
present_v_absent	accept	CRISPOR	accepted	accept	TTTCTTAGGCGTCTAGAGATGGG	1.0
present_v_absent	accept	CRISPOR	accepted	accept	CTTTCTTAGGCGTCTAGAGATGG	1.0
present_v_absent	accept	CRISPOR	accepted	accept	CTCTAGACGCCTAAGAAAGCTGG	1.0
present_v_absent	accept	CRISPOR	accepted	accept	AGACGCCTAAGAAAGCTGGATGG	1.0
present_v_absent	accept	CRISPOR	accepted	accept	GACGCCTAAGAAAGCTGGATGGG	1.0
present_v_absent	accept	CRISPOR	accepted	accept	TTTACCCATCCAGCTTTCTTAGG	1.0
present_v_absent	accept	CRISPOR	accepted	accept	CCACTTTACAACAGACGCTGAGG	1.0
present_v_absent	accept	CRISPOR	rejected_side	reject	AAATAATTGGGTATTTTTCTTGG	1.1281
present_v_absent	accept	CRISPOR	rejected_side	reject	TGCTTTATTTGGAAATAATTGGG	1.3333
present_v_absent	accept	CRISPOR	rejected_side	reject	TTGCTTTATTTGGAAATAATTGG	2.294
present_v_absent	accept	CRISPOR	rejected_side	reject	TTTCCAAATAAAGCAAAAATTGG	1.1765
present_v_absent	accept	CRISPOR	accepted	accept	GTTCCAATTTTTGCTTTATTTGG	1.5031
present_v_absent	accept	CRISPOR	accepted	accept	CGTATCCGTGAGTATTTTTATGG	1.0
present_v_absent	accept	CRISPOR	accepted	accept	GGAATCCATAAAAATACTCACGG	1.0
present_v_absent	accept	CRISPOR	accepted	accept	GAGTATTTTTATGGATTCCGAGG	1.0
present_v_absent	accept	CRISPOR	accepted	accept	CATGGGGATAGAAACAGCCTCGG	1.0
present_v_absent	accept	CRISPOR	accepted	accept	AATTTGACATTGAAGGCATGGGG	1.0
present_v_absent	accept	CRISPOR	accepted	accept	AAATTTGACATTGAAGGCATGGG	1.0
present_v_absent	accept	CRISPOR	accepted	accept	AAAATTTGACATTGAAGGCATGG	1.0
present_v_absent	accept	CRISPOR	accepted	accept	ATCTGAAAATTTGACATTGAAGG	1.0
present_v_absent	accept	CRISPOR	accepted	accept	GATGTGAAAATCTACAAAGTTGG	1.0
present_v_absent	accept	CRISPOR	accepted	accept	ATGTGAAAATCTACAAAGTTGGG	1.1795
present_v_absent	accept	CRISPOR	accepted	accept	TGTGAAAATCTACAAAGTTGGGG	1.0
present_v_absent	accept	CRISPOR	accepted	accept	AAACAGGAGTCTGGGATGGTGGG	1.0
present_v_absent	accept	CRISPOR	rejected_side	reject	TAAACAGGAGTCTGGGATGGTGG	1.0
present_v_absent	accept	CRISPOR	accepted	accept	AGGTAAACAGGAGTCTGGGATGG	1.0
present_v_absent	accept	CRISPOR	accepted	accept	CCCAGACTCCTGTTTACCTTTGG	1.0
present_v_absent	accept	CRISPOR	accepted	accept	CCAGACTCCTGTTTACCTTTGGG	1.0
present_v_absent	accept	CRISPOR	accepted	accept	GAACGAGTGGGTGACTTGAGAGG	1.9927
present_v_absent	accept	CRISPOR	accepted	accept	AGTCACCCACTCGTTCCTCCAGG	1.2523
present_v_absent	accept	CRISPOR	accepted	accept	GTCACCCACTCGTTCCTCCAGGG	1.545
present_v_absent	accept	CRISPOR	accepted	accept	TCACCCACTCGTTCCTCCAGGGG	1.0
present_v_absent	accept	CRISPOR	accepted	accept	TGACCCCTGGAGGAACGAGTGGG	1.0
present_v_absent	accept	CRISPOR	accepted	accept	ATGACCCCTGGAGGAACGAGTGG	1.0
present_v_absent	accept	CRISPOR	accepted	accept	CTCGTTCCTCCAGGGGTCATTGG	1.0
present_v_absent	accept	CRISPOR	accepted	accept	AACTCTCCAATGACCCCTGGAGG	1.0
present_v_absent	accept	CRISPOR	accepted	accept	AATAACTCTCCAATGACCCCTGG	1.0
present_v_absent	accept	CRISPOR	accepted	accept	TTATTTTAAGTCTAGTTCCCAGG	1.0
present_v_absent	accept	CRISPOR	accepted	accept	CTGCATTGGAAGTCATACCTGGG	1.0
present_v_absent	accept	CRISPOR	accepted	accept	ACTGCATTGGAAGTCATACCTGG	1.0
present_v_absent	accept	CRISPOR	rejected_side	reject	AGTAGAAGCTTTCACTGCATTGG	1.1832
present_v_absent	accept	CRISPOR	accepted	accept	ACTTACCACCAGCTGCCTTCCGG	1.0
present_v_absent	accept	CRISPOR	accepted	accept	TGTTTCCGGAAGGCAGCTGGTGG	1.0769
present_v_absent	accept	CRISPOR	accepted	accept	ACTTGTTTCCGGAAGGCAGCTGG	1.0
present_v_absent	accept	CRISPOR	accepted	accept	TTTTTTCACTTGTTTCCGGAAGG	1.0
present_v_absent	accept	CRISPOR	rejected_side	reject	TGTCTTTTTTCACTTGTTTCCGG	1.0
present_v_absent	accept	CRISPOR	accepted	accept	ACAAGAGACACCACAAACAATGG	1.3714
present_v_absent	accept	CRISPOR	accepted	accept	TCTTGACTCACCATTGTTTGTGG	1.0
present_v_absent	accept	CRISPOR	accepted	accept	AAACAATGGTGAGTCAAGACTGG	1.0
present_v_absent	accept	CRISPOR	accepted	accept	CCCAAAGCTCCAGCTGAAGATGG	1.4083
present_v_absent	accept	CRISPOR	accepted	accept	GCCATCTTCAGCTGGAGCTTTGG	1.0
present_v_absent	accept	CRISPOR	accepted	accept	GTAGGAGAGCCATCTTCAGCTGG	1.0
present_v_absent	accept	CRISPOR	accepted	accept	CTCCTACATCAGACTGATCTAGG	1.0
present_v_absent	accept	CRISPOR	accepted	accept	CCGGAACAGCGCGCTCGCAGCGG	1.0
present_v_absent	accept	CRISPOR	accepted	accept	CGGAACAGCGCGCTCGCAGCGGG	1.0
present_v_absent	accept	CRISPOR	accepted	accept	AACAGCGCGCTCGCAGCGGGAGG	1.0
present_v_absent	accept	CRISPOR	accepted	accept	CAGCGGGAGGTCGCGAAGCCTGG	1.0
present_v_absent	accept	CRISPOR	accepted	accept	AGCGGGAGGTCGCGAAGCCTGGG	1.0
present_v_absent	accept	CRISPOR	accepted	accept	TGGGCGACAGACACAGTCCCAGG	1.0
present_v_absent	accept	CRISPOR	accepted	accept	GGGACTGTGTCTGTCGCCCATGG	1.0
present_v_absent	accept	CRISPOR	accepted	accept	GCGAGCAGCGCGGCGGCCATGGG	1.0
present_v_absent	accept	CRISPOR	accepted	accept	GGCGAGCAGCGCGGCGGCCATGG	1.0
present_v_absent	accept	CRISPOR	accepted	accept	TGGCCGCCGCGCTGCTCGCCCGG	1.0
present_v_absent	accept	CRISPOR	accepted	accept	GGCCGCCGCGCTGCTCGCCCGGG	1.0
present_v_absent	accept	CRISPOR	accepted	accept	GGCCCGGGCGAGCAGCGCGGCGG	1.0
present_v_absent	accept	CRISPOR	accepted	accept	CGAGGCCCGGGCGAGCAGCGCGG	1.3267
present_v_absent	accept	CRISPOR	accepted	accept	CGCGCTGCTCGCCCGGGCCTCGG	1.0
present_v_absent	accept	CRISPOR	accepted	accept	GCGCTGCTCGCCCGGGCCTCGGG	1.0
present_v_absent	accept	CRISPOR	rejected_side	reject	GCGGGCAGGGCCCGAGGCCCGGG	1.9583
present_v_absent	accept	CRISPOR	rejected_side	reject	TGCGGGCAGGGCCCGAGGCCCGG	1.0
present_v_absent	accept	CRISPOR	accepted	accept	CTCTCTGTCCTAGGGCCTGGCGG	1.0
present_v_absent	accept	CRISPOR	accepted	accept	TGTAACTGCCGCCAGGCCCTAGG	1.0
present_v_absent	accept	CRISPOR	accepted	accept	GATGGTGTGTAACTGCCGCCAGG	1.0
present_v_absent	accept	CRISPOR	accepted	accept	TATGGTGCCCACTCCCCAGTTGG	1.0
present_v_absent	accept	CRISPOR	accepted	accept	ATAGATACCAACTGGGGAGTGGG	1.0
present_v_absent	accept	CRISPOR	accepted	accept	CATAGATACCAACTGGGGAGTGG	1.0
present_v_absent	accept	CRISPOR	accepted	accept	AACAGCATAGATACCAACTGGGG	1.0
present_v_absent	accept	CRISPOR	accepted	accept	GAACAGCATAGATACCAACTGGG	1.0
present_v_absent	accept	CRISPOR	accepted	accept	GGAACAGCATAGATACCAACTGG	1.3611
present_v_absent	accept	CRISPOR	accepted	accept	GGTGGATGGTGGGGCTCTCAGGG	1.0
present_v_absent	accept	CRISPOR	accepted	accept	AGGTGGATGGTGGGGCTCTCAGG	1.0
present_v_absent	accept	CRISPOR	rejected_side	reject	AGGAGAGAAGGTGGATGGTGGGG	23.443
present_v_absent	accept	CRISPOR	rejected_side	reject	AAGGAGAGAAGGTGGATGGTGGG	17.5094
present_v_absent	accept	CRISPOR	rejected_side	reject	AAAGGAGAGAAGGTGGATGGTGG	1.0
present_v_absent	accept	CRISPOR	rejected_side	reject	CTAAAAGGAGAGAAGGTGGATGG	1.0962
present_v_absent	accept	CRISPOR	accepted	accept	TCCACCTTCTCTCCTTTTAGAGG	1.0
present_v_absent	accept	CRISPOR	accepted	accept	ACCTCTAAAAGGAGAGAAGGTGG	1.0
present_v_absent	accept	CRISPOR	accepted	accept	GGCACCTCTAAAAGGAGAGAAGG	1.4
present_v_absent	accept	CRISPOR	accepted	accept	TCTCCTTTTAGAGGTGCCTCTGG	1.739
present_v_absent	accept	CRISPOR	accepted	accept	GCTCCAGAGGCACCTCTAAAAGG	1.5206
present_v_absent	accept	CRISPOR	accepted	accept	TTAGAGGTGCCTCTGGAGCTAGG	1.0
present_v_absent	accept	CRISPOR	accepted	accept	GTGCCTCTGGAGCTAGGCTGTGG	1.9412
present_v_absent	accept	CRISPOR	accepted	accept	TGTCCACAGCCTAGCTCCAGAGG	1.5973
present_v_absent	accept	CRISPOR	rejected_side	reject	CAGTGTCTGGGCAGGGGAGCAGG	1.5673
present_v_absent	accept	CRISPOR	rejected_side	reject	GCTCCCCTGCCCAGACACTGTGG	1.2029
present_v_absent	accept	CRISPOR	rejected_side	reject	CTCCCCTGCCCAGACACTGTGGG	1.9393
present_v_absent	accept	CRISPOR	accepted	accept	TCCCCTGCCCAGACACTGTGGGG	1.3846
present_v_absent	accept	CRISPOR	rejected_side	reject	TTGAGATCACTCACTACATTTGG	6.1319
present_v_absent	accept	CRISPOR	rejected_side	reject	AGGGGGAAAACAGTAGAACAAGG	11.7904
present_v_absent	accept	CRISPOR	accepted	accept	TCACATCTCCCAGCTCGATCCGG	1.0
present_v_absent	accept	CRISPOR	accepted	accept	TTCAACTGTTTAATATTGTGTGG	2.0
present_v_absent	accept	CRISPOR	accepted	accept	ACAGTTGAAAAGATTGAATCAGG	1.7733
present_v_absent	accept	CRISPOR	accepted	accept	AACTTGTCATTGTAGCTGACTGG	1.1623
present_v_absent	accept	CRISPOR	accepted	accept	CTACAATGACAAGTTCTACAAGG	1.3429
present_v_absent	accept	CRISPOR	accepted	accept	CAAGTTCTACAAGGATGTGCTGG	1.1948
present_v_absent	accept	CRISPOR	accepted	accept	AAAAACCTCAAAGTTCCTTCTGG	1.0522
present_v_absent	accept	CRISPOR	accepted	accept	TCTGACCAGAAGGAACTTTGAGG	1.0
present_v_absent	accept	CRISPOR	accepted	accept	GAGAGAGTGTGCAGTGCCCATGG	1.8125
present_v_absent	accept	CRISPOR	accepted	accept	ATGGGCACTGCACACTCTCTCGG	1.0
present_v_absent	accept	CRISPOR	accepted	accept	AGGAAAAGGGGTTCAACTTGGGG	1.0
present_v_absent	accept	CRISPOR	accepted	accept	GAGGAAAAGGGGTTCAACTTGGG	1.0
present_v_absent	accept	CRISPOR	accepted	accept	TGAGGAAAAGGGGTTCAACTTGG	1.1345
present_v_absent	accept	CRISPOR	accepted	accept	GGATGTTGGGTGAGGAAAAGGGG	1.0
present_v_absent	accept	CRISPOR	rejected_side	reject	AGGATGTTGGGTGAGGAAAAGGG	1.0
present_v_absent	accept	CRISPOR	rejected_side	reject	GAGGATGTTGGGTGAGGAAAAGG	1.0
present_v_absent	accept	CRISPOR	rejected_side	reject	GAAATGGAGGATGTTGGGTGAGG	2.0
present_v_absent	accept	CRISPOR	accepted	accept	TTGTTGAAATGGAGGATGTTGGG	1.4
present_v_absent	accept	CRISPOR	accepted	accept	TTTGTTGAAATGGAGGATGTTGG	1.0
present_v_absent	accept	CRISPOR	accepted	accept	ACATCCTCCATTTCAACAAATGG	1.6713
present_v_absent	accept	CRISPOR	accepted	accept	GCTGCCATTTGTTGAAATGGAGG	1.0
present_v_absent	accept	CRISPOR	accepted	accept	AACGCTGCCATTTGTTGAAATGG	1.0
present_v_absent	accept	CRISPOR	accepted	accept	TTCAACAAATGGCAGCGTTGTGG	1.0
present_v_absent	accept	CRISPOR	accepted	accept	TCAACAAATGGCAGCGTTGTGGG	1.0
present_v_absent	accept	CRISPOR	accepted	accept	GATGTCAATGTCTCTGAAGGAGG	1.3636
present_v_absent	accept	CRISPOR	accepted	accept	GAGGATGTCAATGTCTCTGAAGG	1.0
present_v_absent	accept	CRISPOR	accepted	accept	GACATCCTCATCCCTGACTTCGG	1.0
present_v_absent	accept	CRISPOR	accepted	accept	CGTTCTGTACCTCGGTCTGTGGG	1.0
present_v_absent	accept	CRISPOR	accepted	accept	TCGTTCTGTACCTCGGTCTGTGG	1.0
present_v_absent	accept	CRISPOR	accepted	accept	TTGTCTCTCGTTCTGTACCTCGG	1.0
present_v_absent	accept	CRISPOR	rejected_side	reject	ACCTCTGCCCCCCCAGCAGCTGG	44.9251
present_v_absent	accept	CRISPOR	rejected_side	reject	GCCAGCTGCTGGGGGGGCAGAGG	3.1853
present_v_absent	accept	CRISPOR	rejected_side	reject	AAGCTGGCCAGCTGCTGGGGGGG	1.0
present_v_absent	accept	CRISPOR	accepted	accept	AAAGCTGGCCAGCTGCTGGGGGG	1.1786
present_v_absent	accept	CRISPOR	accepted	accept	CAAAGCTGGCCAGCTGCTGGGGG	1.2353
present_v_absent	accept	CRISPOR	rejected_side	reject	GCAAAGCTGGCCAGCTGCTGGGG	1.4762
present_v_absent	accept	CRISPOR	rejected_side	reject	TGCAAAGCTGGCCAGCTGCTGGG	1.0
present_v_absent	accept	CRISPOR	accepted	accept	CTGCAAAGCTGGCCAGCTGCTGG	1.0917
present_v_absent	accept	CRISPOR	accepted	accept	CAAGACTGGGGCTGCAAAGCTGG	1.4889
present_v_absent	accept	CRISPOR	accepted	accept	TAGTTGGGGGCTCAAGACTGGGG	1.0
present_v_absent	accept	CRISPOR	accepted	accept	GTAGTTGGGGGCTCAAGACTGGG	1.0
present_v_absent	accept	CRISPOR	accepted	accept	GGTAGTTGGGGGCTCAAGACTGG	1.0
present_v_absent	accept	CRISPOR	rejected_side	reject	GGTGGGGGGAGGGTAGTTGGGGG	4.8988
present_v_absent	accept	CRISPOR	rejected_side	reject	GGGTGGGGGGAGGGTAGTTGGGG	4.139
present_v_absent	accept	CRISPOR	rejected_side	reject	TGGGTGGGGGGAGGGTAGTTGGG	2.7796
present_v_absent	accept	CRISPOR	rejected_side	reject	GTGGGTGGGGGGAGGGTAGTTGG	3.5523
present_v_absent	accept	CRISPOR	rejected_side	reject	GATGGGGGTGGGTGGGGGGAGGG	38.0175
present_v_absent	accept	CRISPOR	rejected_side	reject	GGATGGGGGTGGGTGGGGGGAGG	25.9209
present_v_absent	accept	CRISPOR	rejected_side	reject	AGGGGATGGGGGTGGGTGGGGGG	20.233
present_v_absent	accept	CRISPOR	rejected_side	reject	AAGGGGATGGGGGTGGGTGGGGG	8.7863
present_v_absent	accept	CRISPOR	rejected_side	reject	GAAGGGGATGGGGGTGGGTGGGG	7.7826
present_v_absent	accept	CRISPOR	rejected_side	reject	GGAAGGGGATGGGGGTGGGTGGG	7.5473
present_v_absent	accept	CRISPOR	rejected_side	reject	GGGAAGGGGATGGGGGTGGGTGG	6.8067
present_v_absent	accept	CRISPOR	rejected_side	reject	ATTGGGAAGGGGATGGGGGTGGG	4.0089
present_v_absent	accept	CRISPOR	rejected_side	reject	AATTGGGAAGGGGATGGGGGTGG	1.8314
present_v_absent	accept	CRISPOR	accepted	accept	TTCAATTGGGAAGGGGATGGGGG	1.0
present_v_absent	accept	CRISPOR	accepted	accept	CTTCAATTGGGAAGGGGATGGGG	1.0
present_v_absent	accept	CRISPOR	accepted	accept	CCCATCCCCTTCCCAATTGAAGG	1.0
present_v_absent	accept	CRISPOR	accepted	accept	TCCTTCAATTGGGAAGGGGATGG	1.0
present_v_absent	accept	CRISPOR	accepted	accept	CCCCTTCCCAATTGAAGGAGCGG	1.7143
present_v_absent	accept	CRISPOR	accepted	accept	TCCGCTCCTTCAATTGGGAAGGG	1.0
present_v_absent	accept	CRISPOR	accepted	accept	TTCCGCTCCTTCAATTGGGAAGG	1.0
present_v_absent	accept	CRISPOR	accepted	accept	CTCTTTCCGCTCCTTCAATTGGG	1.0
present_v_absent	accept	CRISPOR	accepted	accept	TCTCTTTCCGCTCCTTCAATTGG	1.0
present_v_absent	accept	CRISPOR	accepted	accept	AACCAGGACTCCAGCACCTCTGG	1.5385
present_v_absent	accept	CRISPOR	accepted	accept	GACCAGAGGTGCTGGAGTCCTGG	1.8125
present_v_absent	accept	CRISPOR	accepted	accept	GAGGGCGGGACCAGAGGTGCTGG	1.0
present_v_absent	accept	CRISPOR	accepted	accept	CCTCTGGTCCCGCCCTCACCCGG	1.0
present_v_absent	accept	CRISPOR	rejected_side	reject	CCCGCCCTCACCCGGACCCCTGG	1.375
present_v_absent	accept	CRISPOR	rejected_side	reject	GCCAGGGGTCCGGGTGAGGGCGG	1.9333
present_v_absent	accept	CRISPOR	accepted	accept	AGGGCCAGGGGTCCGGGTGAGGG	1.1684
present_v_absent	accept	CRISPOR	accepted	accept	GAGGGCCAGGGGTCCGGGTGAGG	1.0
present_v_absent	accept	CRISPOR	accepted	accept	GACGTGAGGGCCAGGGGTCCGGG	1.0
present_v_absent	accept	CRISPOR	accepted	accept	AGACGTGAGGGCCAGGGGTCCGG	1.0
present_v_absent	accept	CRISPOR	rejected_side	reject	GGAGGAGACGTGAGGGCCAGGGG	2.0362
present_v_absent	accept	CRISPOR	accepted	accept	TGGAGGAGACGTGAGGGCCAGGG	1.0
present_v_absent	accept	CRISPOR	accepted	accept	CTGGAGGAGACGTGAGGGCCAGG	1.0
present_v_absent	accept	CRISPOR	accepted	accept	CTGGCCCTCACGTCTCCTCCAGG	1.0
present_v_absent	accept	CRISPOR	accepted	accept	TGGCCCTCACGTCTCCTCCAGGG	1.1091
present_v_absent	accept	CRISPOR	accepted	accept	CATCCCTGGAGGAGACGTGAGGG	1.1493
present_v_absent	accept	CRISPOR	accepted	accept	CCTCACGTCTCCTCCAGGGATGG	1.0
present_v_absent	accept	CRISPOR	rejected_side	reject	GTCTCCTCCAGGGATGGCGCTGG	1.8571
present_v_absent	accept	CRISPOR	accepted	accept	TCCTCCAGGGATGGCGCTGGCGG	1.0
present_v_absent	accept	CRISPOR	accepted	accept	GCCGCCAGCGCCATCCCTGGAGG	1.2074
present_v_absent	accept	CRISPOR	accepted	accept	AAAGCCGCCAGCGCCATCCCTGG	1.0
present_v_absent	accept	CRISPOR	accepted	accept	GCGGCTTTGATGATCGCCCTCGG	1.0
present_v_absent	accept	CRISPOR	accepted	accept	ATGATCGCCCTCGGCAGCCTCGG	1.0
present_v_absent	accept	CRISPOR	accepted	accept	GTGGAGGCCGAGGCTGCCGAGGG	1.9091
present_v_absent	accept	CRISPOR	rejected_side	reject	TGTGGAGGCCGAGGCTGCCGAGG	1.7243
present_v_absent	accept	CRISPOR	accepted	accept	GCAGCCTCGGCCTCCACACCTGG	1.7768
present_v_absent	accept	CRISPOR	rejected_side	reject	CCTCGGCCTCCACACCTGGCAGG	1.8
present_v_absent	accept	CRISPOR	accepted	accept	AAGGTAGTGAGTTCTCTCAATGG	10.7911
present_v_absent	accept	CRISPOR	rejected_side	reject	AAGGAGGAAAGAGTAGAACAAGG	34.4029
present_v_absent	accept	CRISPOR	accepted	accept	GAGTACAGTAGTGAAAAAGGAGG	1.5765
present_v_absent	accept	CRISPOR	rejected_side	reject	GTTGAGTACAGTAGTGAAAAAGG	3.2324
present_v_absent	accept	CRISPOR	accepted	accept	CTCAAATCCTAGGCTCTCATTGG	1.1793
present_v_absent	accept	CRISPOR	accepted	accept	TATAAGGCCAATGAGAGCCTAGG	1.0
present_v_absent	accept	CRISPOR	accepted	accept	TCATTGGCCTTATAAGTGATTGG	1.0
present_v_absent	accept	CRISPOR	accepted	accept	CATTGGCCTTATAAGTGATTGGG	1.0
present_v_absent	accept	CRISPOR	accepted	accept	TTTCTTCCCAATCACTTATAAGG	1.1346
present_v_absent	accept	CRISPOR	rejected_side	reject	AATAAAATAAACTCACATATAGG	4.1185
present_v_absent	accept	CRISPOR	accepted	accept	AAACTCACATATAGGAGATATGG	1.0
present_v_absent	accept	CRISPOR	rejected_side	reject	ATGCCCAAAGAGAGAAAATTAGG	2.4545
present_v_absent	accept	CRISPOR	rejected_side	reject	ACTCCTAATTTTCTCTCTTTGGG	2.2737
present_v_absent	accept	CRISPOR	accepted	accept	AACTCCTAATTTTCTCTCTTTGG	1.0
present_v_absent	accept	CRISPOR	accepted	accept	ATCAGTGAAAGAGCAGCAAGTGG	1.0
present_v_absent	accept	CRISPOR	accepted	accept	GCTCTTTCACTGATCAGCGTTGG	1.0
present_v_absent	accept	CRISPOR	accepted	accept	TTGCTGGCTCCCCACCCACTAGG	1.0
present_v_absent	accept	CRISPOR	accepted	accept	GACGAGAATGAGAGACTGGGAGG	1.0
present_v_absent	accept	CRISPOR	accepted	accept	AAGGACGAGAATGAGAGACTGGG	1.094
present_v_absent	accept	CRISPOR	accepted	accept	CAAGGACGAGAATGAGAGACTGG	1.6661
present_v_absent	accept	CRISPOR	accepted	accept	CAGTCTCTCATTCTCGTCCTTGG	1.0
present_v_absent	accept	CRISPOR	rejected_side	reject	GAGAGGATAAATTTTTAAATCGG	1.0
present_v_absent	accept	CRISPOR	accepted	accept	AGGATGAATTTGCTAAGGAGAGG	1.0431
present_v_absent	accept	CRISPOR	accepted	accept	AGGAGAGGATGAATTTGCTAAGG	1.5238
present_v_absent	accept	CRISPOR	accepted	accept	ATTCATCCTCTCCTTATATTAGG	1.0
present_v_absent	accept	CRISPOR	accepted	accept	TTCATCCTCTCCTTATATTAGGG	1.0
present_v_absent	accept	CRISPOR	accepted	accept	CTTTTCCCTAATATAAGGAGAGG	1.0
present_v_absent	accept	CRISPOR	accepted	accept	AAGTACTTTTCCCTAATATAAGG	1.0
present_v_absent	accept	CRISPOR	accepted	accept	AAAAGTACTTCTTAGCTATAAGG	1.5641
present_v_absent	accept	CRISPOR	accepted	accept	GCAACCTTCTGAATATAATTTGG	6.4104
present_v_absent	accept	CRISPOR	accepted	accept	GAAACCAAATTATATTCAGAAGG	3.7672
present_v_absent	accept	CRISPOR	rejected_side	reject	GTGGCATACACAGAGGGAGAAGG	1.8725
present_v_absent	accept	CRISPOR	rejected_side	reject	TGGCATACACAGAGGGAGAAGGG	1.6633
present_v_absent	accept	CRISPOR	rejected_side	reject	GGCATACACAGAGGGAGAAGGGG	1.0
present_v_absent	accept	CRISPOR	rejected_side	reject	ATACACAGAGGGAGAAGGGGAGG	1.2567
present_v_absent	accept	CRISPOR	rejected_side	reject	TACACAGAGGGAGAAGGGGAGGG	1.7692
present_v_absent	accept	CRISPOR	rejected_side	reject	GAGGGAGAAGGGGAGGGAACAGG	9.7052
present_v_absent	accept	CRISPOR	rejected_side	reject	AGAAGGGGAGGGAACAGGTGTGG	2.0727
present_v_absent	accept	CRISPOR	rejected_side	reject	GGGAGGGAACAGGTGTGGAGAGG	3.1562
present_v_absent	accept	CRISPOR	rejected_side	reject	ACAGGTGTGGAGAGGAGCTGCGG	1.0
present_v_absent	accept	CRISPOR	accepted	accept	AAATCTCAAGTCAGAGATTCAGG	1.2674
present_v_absent	accept	CRISPOR	accepted	accept	AATCTCAAGTCAGAGATTCAGGG	1.0
present_v_absent	accept	CRISPOR	accepted	accept	GTCAGAGATTCAGGGACACTTGG	1.0
present_v_absent	accept	CRISPOR	accepted	accept	TCAGGGACACTTGGTCCCCGTGG	1.0
present_v_absent	accept	CRISPOR	accepted	accept	TTGGTCCCCGTGGCGAGCCATGG	1.0
present_v_absent	accept	CRISPOR	accepted	accept	TGCTTCCATGGCTCGCCACGGGG	1.0
present_v_absent	accept	CRISPOR	accepted	accept	CTGCTTCCATGGCTCGCCACGGG	1.0
present_v_absent	accept	CRISPOR	accepted	accept	TCTGCTTCCATGGCTCGCCACGG	1.0
present_v_absent	accept	CRISPOR	accepted	accept	GGCGAGCCATGGAAGCAGAAAGG	1.0
present_v_absent	accept	CRISPOR	rejected_side	reject	GAGCCATGGAAGCAGAAAGGAGG	3.209
present_v_absent	accept	CRISPOR	accepted	accept	GCGCCTCCTTTCTGCTTCCATGG	1.0
present_v_absent	accept	CRISPOR	accepted	accept	GGAAGCAGAAAGGAGGCGCCAGG	2.3853
present_v_absent	accept	CRISPOR	rejected_side	reject	AGGGTGGGGTGTGGGCACCATGG	1.0
present_v_absent	accept	CRISPOR	rejected_side	reject	GGTGTGGGCACCATGGCATGAGG	2.9231
present_v_absent	accept	CRISPOR	accepted	accept	CTTGTTTCTTCCTCATGCCATGG	2.2586
present_v_absent	accept	CRISPOR	rejected_side	reject	CATGGCATGAGGAAGAAACAAGG	2.3929
present_v_absent	accept	CRISPOR	accepted	accept	AAGAAACAAGGTCCCTGAGCAGG	1.0
present_v_absent	accept	CRISPOR	accepted	accept	TCAGGACTTGTGCCTGCTCAGGG	1.0
present_v_absent	accept	CRISPOR	accepted	accept	GTCAGGACTTGTGCCTGCTCAGG	1.0
present_v_absent	accept	CRISPOR	accepted	accept	GGCACAAGTCCTGACAGTCAAGG	1.0
present_v_absent	accept	CRISPOR	accepted	accept	GCACAAGTCCTGACAGTCAAGGG	1.0
present_v_absent	accept	CRISPOR	accepted	accept	AAAGCAGTCCCTTGACTGTCAGG	1.0
present_v_absent	accept	CRISPOR	accepted	accept	TGACAGTCAAGGGACTGCTTTGG	1.0
present_v_absent	accept	CRISPOR	accepted	accept	AAGGGACTGCTTTGGCATCCAGG	1.0
present_v_absent	accept	CRISPOR	accepted	accept	AGGGACTGCTTTGGCATCCAGGG	1.0
present_v_absent	accept	CRISPOR	rejected_side	reject	AGTGAGGTGACTGGAGGCCCTGG	1.5
present_v_absent	accept	CRISPOR	accepted	accept	TATGGCAGTGAGGTGACTGGAGG	1.0
present_v_absent	accept	CRISPOR	accepted	accept	ATGTATGGCAGTGAGGTGACTGG	1.1591
present_v_absent	accept	CRISPOR	accepted	accept	ATTTCTAATGTATGGCAGTGAGG	2.0
present_v_absent	accept	CRISPOR	accepted	accept	ATTGTCTCATTTCTAATGTATGG	1.0
present_v_absent	accept	CRISPOR	accepted	accept	ATGGCTCTGGGGCACTTTGCTGG	1.5
present_v_absent	accept	CRISPOR	accepted	accept	TGGCTCTGGGGCACTTTGCTGGG	1.0
present_v_absent	accept	CRISPOR	accepted	accept	CAGGGAGGGGTCAACTTTTCTGG	2.0972
present_v_absent	accept	CRISPOR	accepted	accept	CAGTGCTGGTTTGCAGGGAGGGG	2.4231
present_v_absent	accept	CRISPOR	accepted	accept	GCAGTGCTGGTTTGCAGGGAGGG	2.0321
present_v_absent	accept	CRISPOR	accepted	accept	GGCAGTGCTGGTTTGCAGGGAGG	2.0
present_v_absent	accept	CRISPOR	accepted	accept	CTGGGCAGTGCTGGTTTGCAGGG	3.5633
present_v_absent	accept	CRISPOR	accepted	accept	GCTGGGCAGTGCTGGTTTGCAGG	3.7738
present_v_absent	accept	CRISPOR	accepted	accept	ACAAGAATGCTGGGCAGTGCTGG	2.3214
present_v_absent	accept	CRISPOR	accepted	accept	CTTGGCGGGACAAGAATGCTGGG	2.0
present_v_absent	accept	CRISPOR	accepted	accept	GCTTGGCGGGACAAGAATGCTGG	2.0
present_v_absent	accept	CRISPOR	accepted	accept	AGCTCACAGTCAGGCTTGGCGGG	2.0
present_v_absent	accept	CRISPOR	accepted	accept	CAGCTCACAGTCAGGCTTGGCGG	2.0
present_v_absent	accept	CRISPOR	accepted	accept	CAACAGCTCACAGTCAGGCTTGG	2.1697
present_v_absent	accept	CRISPOR	accepted	accept	CGTCACAACAGCTCACAGTCAGG	1.2588
present_v_absent	accept	CRISPOR	accepted	accept	TGTGACGTTGCCACTTTGCTCGG	1.0
present_v_absent	accept	CRISPOR	accepted	accept	CGTTGCCACTTTGCTCGGAAAGG	1.5333
present_v_absent	accept	CRISPOR	accepted	accept	GGGGTCCTTTCCGAGCAAAGTGG	1.6522
present_v_absent	accept	CRISPOR	accepted	accept	GTAATAACAATCCAAACTTGTGG	1.7895
present_v_absent	accept	CRISPOR	accepted	accept	ACTCTATTCAGCCACAAGTTTGG	1.0
present_v_absent	accept	CRISPOR	accepted	accept	CTTCACACTGAATTTTCTCTTGG	1.4075
present_v_absent	accept	CRISPOR	rejected_side	reject	AAAATTCAGTGTGAAGATGATGG	1.5806
present_v_absent	accept	CRISPOR	accepted	accept	TGATGGAGTGACACAATAGAAGG	1.0556
present_v_absent	accept	CRISPOR	accepted	accept	AAGTGATGATTCAGTGATTCAGG	1.6927
present_v_absent	accept	CRISPOR	accepted	accept	TGAATCACTGAATCATCACTTGG	1.0
present_v_absent	accept	CRISPOR	accepted	accept	GACTTGACTGGGGAAAGCGCAGG	1.0
present_v_absent	accept	CRISPOR	accepted	accept	AGAGAAGGCAGACTTGACTGGGG	1.2872
present_v_absent	accept	CRISPOR	accepted	accept	GAGAGAAGGCAGACTTGACTGGG	1.12
present_v_absent	accept	CRISPOR	accepted	accept	GGAGAGAAGGCAGACTTGACTGG	1.2381
present_v_absent	accept	CRISPOR	accepted	accept	TGCCTTCTCTCCGCAGAACGTGG	1.0
present_v_absent	accept	CRISPOR	accepted	accept	GTCCACGTTCTGCGGAGAGAAGG	1.0
present_v_absent	accept	CRISPOR	accepted	accept	GTTTTAGCGTCCACGTTCTGCGG	1.0
present_v_absent	accept	CRISPOR	accepted	accept	AAGCTTAAAATGGTAAGTCAGGG	1.0
present_v_absent	accept	CRISPOR	accepted	accept	AAAGCTTAAAATGGTAAGTCAGG	1.0
present_v_absent	accept	CRISPOR	accepted	accept	ACCATTTTAAGCTTTAGAAGAGG	1.0
present_v_absent	accept	CRISPOR	accepted	accept	GTGTCTCAACCCTTGACAAGAGG	1.0
present_v_absent	accept	CRISPOR	accepted	accept	GCACTTGGTCCTCTTGTCAAGGG	1.2411
present_v_absent	accept	CRISPOR	accepted	accept	GGCACTTGGTCCTCTTGTCAAGG	1.0
present_v_absent	accept	CRISPOR	accepted	accept	AAACAGCAAGTGTGGAATACAGG	1.0
present_v_absent	accept	CRISPOR	accepted	accept	TGTATTCCACACTTGCTGTTTGG	1.3429
present_v_absent	accept	CRISPOR	accepted	accept	TTCCACACTTGCTGTTTGGTTGG	1.0
present_v_absent	accept	CRISPOR	accepted	accept	ATCCAACCAAACAGCAAGTGTGG	1.0
present_v_absent	accept	CRISPOR	accepted	accept	TCTGCAATTCCTTCCTAATAAGG	1.0
present_v_absent	accept	CRISPOR	accepted	accept	TTTATGACTCCTTATTAGGAAGG	1.25
present_v_absent	accept	CRISPOR	rejected_side	reject	CATTTTTATGACTCCTTATTAGG	2.1607
present_v_absent	accept	CRISPOR	accepted	accept	AAATGCCTAAGCAGTAAGTATGG	1.0
present_v_absent	accept	CRISPOR	accepted	accept	ATTCTCCATACTTACTGCTTAGG	1.6475
present_v_absent	accept	CRISPOR	accepted	accept	TGGTTTTCTTTCACAACGAAAGG	1.0
present_v_absent	accept	CRISPOR	accepted	accept	GTCTTGACTCTTGAAGTTCTTGG	1.0
present_v_absent	accept	CRISPOR	accepted	accept	ACTTCAAGAGTCAAGACAGAAGG	1.0278
present_v_absent	accept	CRISPOR	rejected_side	reject	GTCAAGACAGAAGGAAGCCAAGG	1.5556
present_v_absent	accept	CRISPOR	rejected_side	reject	TCAAGACAGAAGGAAGCCAAGGG	1.0336
present_v_absent	accept	CRISPOR	accepted	accept	AAGCCAAGGGAGCAGTGCAATGG	1.5556
present_v_absent	accept	CRISPOR	rejected_side	reject	AATCCATTGCACTGCTCCCTTGG	1.0
present_v_absent	accept	CRISPOR	accepted	accept	TGCAATGGATTTCTCAGTAAAGG	1.5867
present_v_absent	accept	CRISPOR	rejected_side	reject	AGTAAAGGTAGACATAGAGAAGG	2.127
present_v_absent	accept	CRISPOR	rejected_side	reject	AAAGGTAGACATAGAGAAGGAGG	1.8294
present_v_absent	accept	CRISPOR	rejected_side	reject	GGTGACCTGCCCCATCTGCCTGG	7.6177
present_v_absent	accept	CRISPOR	rejected_side	reject	GAGCTCCAGGCAGATGGGGCAGG	5.0772
present_v_absent	accept	CRISPOR	accepted	accept	TCAGGAGCTCCAGGCAGATGGGG	3.4503
present_v_absent	accept	CRISPOR	accepted	accept	GTCAGGAGCTCCAGGCAGATGGG	2.7116
present_v_absent	accept	CRISPOR	rejected_side	reject	TGTCAGGAGCTCCAGGCAGATGG	2.5165
present_v_absent	accept	CRISPOR	accepted	accept	GAGGTTCTGTCAGGAGCTCCAGG	1.5641
present_v_absent	accept	CRISPOR	accepted	accept	CTAGGCTCAGAGGTTCTGTCAGG	1.0
present_v_absent	accept	CRISPOR	accepted	accept	GAACCTCTGAGCCTAGATTGTGG	1.0
present_v_absent	accept	CRISPOR	accepted	accept	TGGCCACAATCTAGGCTCAGAGG	1.0
present_v_absent	accept	CRISPOR	accepted	accept	TAAAACAACACAGAATCCACTGG	2.745
present_v_absent	accept	CRISPOR	accepted	accept	AAGGTTGTGGAGAGTTGTAATGG	1.9231
present_v_absent	accept	CRISPOR	accepted	accept	CTTGATGTAATAAAAGGTTGTGG	1.0
present_v_absent	accept	CRISPOR	accepted	accept	AACCTTTTATTACATCAAGAAGG	1.0
present_v_absent	accept	CRISPOR	accepted	accept	CTCCTTCTTGATGTAATAAAAGG	1.0
present_v_absent	accept	CRISPOR	accepted	accept	ACATCAAGAAGGAGCTAAAATGG	1.5
present_v_absent	accept	CRISPOR	accepted	accept	AAAATGGCAGTGCGTTTAGCTGG	1.0
present_v_absent	accept	CRISPOR	accepted	accept	ATGGCAGTGCGTTTAGCTGGTGG	1.0
present_v_absent	accept	CRISPOR	accepted	accept	TGGCAGTGCGTTTAGCTGGTGGG	1.0
present_v_absent	accept	CRISPOR	accepted	accept	AGCTGGTGGGCTGCAGAAAATGG	1.0714
present_v_absent	accept	CRISPOR	rejected_side	reject	AACATTTGTTTTGTTGAGCAAGG	1.4286
present_v_absent	accept	CRISPOR	accepted	accept	TAGGAATAATGTAGAATGCAAGG	1.0
present_v_absent	accept	CRISPOR	accepted	accept	GCAAGGCAGTAATTTCCTTTTGG	1.0
present_v_absent	accept	CRISPOR	accepted	accept	GCAGTAATTTCCTTTTGGAAAGG	1.4167
present_v_absent	accept	CRISPOR	accepted	accept	CCTTTTGGAAAGGACTCTGAAGG	1.7059
present_v_absent	accept	CRISPOR	rejected_side	reject	GACTCTGAAGGCAGAAAAGAAGG	1.8
present_v_absent	accept	CRISPOR	rejected_side	reject	ACTCTGAAGGCAGAAAAGAAGGG	2.8256
present_v_absent	accept	CRISPOR	accepted	accept	AAAGAAGGGAGAGAACCTCATGG	1.1588
present_v_absent	accept	CRISPOR	accepted	accept	AAGAAGGGAGAGAACCTCATGGG	1.0
present_v_absent	accept	CRISPOR	accepted	accept	TTTATAATATTCTGCCCATGAGG	1.4667
present_v_absent	accept	CRISPOR	accepted	accept	TCATATTCCAGCATTTGAATTGG	1.0
present_v_absent	accept	CRISPOR	accepted	accept	TCTCTTTCCAATTCAAATGCTGG	1.2
present_v_absent	accept	CRISPOR	rejected_side	reject	TTTTCAATTTCTAAATTTGCAGG	2.75
present_v_absent	accept	CRISPOR	rejected_side	reject	TTTCAATTTCTAAATTTGCAGGG	2.1607
present_v_absent	accept	CRISPOR	accepted	accept	TTCAATTTCTAAATTTGCAGGGG	1.0
present_v_absent	accept	CRISPOR	accepted	accept	GCAGGGGATACTGAAAAATACGG	1.0
present_v_absent	accept	CRISPOR	accepted	accept	GGGATACTGAAAAATACGGCAGG	1.0
present_v_absent	accept	CRISPOR	accepted	accept	ATACTGAAAAATACGGCAGGTGG	1.9091
present_v_absent	accept	CRISPOR	accepted	accept	AAAATACGGCAGGTGGCCTAAGG	1.0
present_v_absent	accept	CRISPOR	accepted	accept	CTCAACTTTACAGCAGCCTTAGG	1.0
present_v_absent	accept	CRISPOR	accepted	accept	CTAAGGCTGCTGTAAAGTTGAGG	1.0
present_v_absent	accept	CRISPOR	accepted	accept	TAAGGCTGCTGTAAAGTTGAGGG	1.0333
present_v_absent	accept	CRISPOR	accepted	accept	AAGGCTGCTGTAAAGTTGAGGGG	1.0
present_v_absent	accept	CRISPOR	accepted	accept	TGCTGTAAAGTTGAGGGGAGAGG	1.5417
present_v_absent	accept	CRISPOR	accepted	accept	CTTAGTGCTGTAGCTGCTGCAGG	2.0807
present_v_absent	accept	CRISPOR	accepted	accept	TTCTAGAGGGTTTTTCTCAGGGG	1.0
present_v_absent	accept	CRISPOR	rejected_side	reject	TTTCTAGAGGGTTTTTCTCAGGG	1.6364
present_v_absent	accept	CRISPOR	rejected_side	reject	TTTTCTAGAGGGTTTTTCTCAGG	1.6952
present_v_absent	accept	CRISPOR	accepted	accept	GGAACAGCTGTTTTTCTAGAGGG	1.0
present_v_absent	accept	CRISPOR	accepted	accept	AGGAACAGCTGTTTTTCTAGAGG	1.0
present_v_absent	accept	CRISPOR	accepted	accept	AAAACAGCTGTTCCTCTGTGTGG	1.8333
present_v_absent	accept	CRISPOR	rejected_side	reject	GAAAAAAACAAACCACACAGAGG	1.7397
present_v_absent	accept	CRISPOR	rejected_side	reject	TGTGTGGTTTGTTTTTTTCCTGG	3.7716
present_v_absent	accept	CRISPOR	accepted	accept	TGGCATGCACACTTGGAACCAGG	1.0
present_v_absent	accept	CRISPOR	accepted	accept	CTGGGGCTGGCATGCACACTTGG	1.7143
present_v_absent	accept	CRISPOR	rejected_side	reject	AAGGTGAGTGGAGCTGGGGCTGG	1.9662
present_v_absent	accept	CRISPOR	accepted	accept	GAAAAAGGTGAGTGGAGCTGGGG	1.0
present_v_absent	accept	CRISPOR	accepted	accept	GGAAAAAGGTGAGTGGAGCTGGG	2.1145
present_v_absent	accept	CRISPOR	accepted	accept	TGGAAAAAGGTGAGTGGAGCTGG	1.1442
present_v_absent	accept	CRISPOR	accepted	accept	AAAAGCTGGAAAAAGGTGAGTGG	1.9954
present_v_absent	accept	CRISPOR	accepted	accept	ACTCACCTTTTTCCAGCTTTTGG	2.1505
present_v_absent	accept	CRISPOR	accepted	accept	AGAGGCCAAAAGCTGGAAAAAGG	1.54
present_v_absent	accept	CRISPOR	rejected_side	reject	TTGTGGGGGACTGGGGAGCTGGG	2.7405
present_v_absent	accept	CRISPOR	rejected_side	reject	GTTGTGGGGGACTGGGGAGCTGG	1.9091
present_v_absent	accept	CRISPOR	rejected_side	reject	GGCTGGGTTGTGGGGGACTGGGG	1.0
present_v_absent	accept	CRISPOR	rejected_side	reject	GGGCTGGGTTGTGGGGGACTGGG	1.0
present_v_absent	accept	CRISPOR	rejected_side	reject	TGGGCTGGGTTGTGGGGGACTGG	1.3667
present_v_absent	accept	CRISPOR	accepted	accept	GGTTCTGGGCTGGGTTGTGGGGG	1.125
present_v_absent	accept	CRISPOR	accepted	accept	AGGTTCTGGGCTGGGTTGTGGGG	1.4142
present_v_absent	accept	CRISPOR	accepted	accept	TAGGTTCTGGGCTGGGTTGTGGG	1.6667
present_v_absent	accept	CRISPOR	accepted	accept	GTAGGTTCTGGGCTGGGTTGTGG	1.0
present_v_absent	accept	CRISPOR	accepted	accept	CTCTTTGTAGGTTCTGGGCTGGG	1.2625
present_v_absent	accept	CRISPOR	accepted	accept	GCTCTTTGTAGGTTCTGGGCTGG	1.0
present_v_absent	accept	CRISPOR	rejected_side	reject	TTCAGCTCTTTGTAGGTTCTGGG	1.5644
present_v_absent	accept	CRISPOR	rejected_side	reject	CTTCAGCTCTTTGTAGGTTCTGG	2.2132
present_v_absent	accept	CRISPOR	accepted	accept	GAACCTACAAAGAGCTGAAGAGG	1.0
present_v_absent	accept	CRISPOR	accepted	accept	GGGCCTCTTCAGCTCTTTGTAGG	1.0
present_v_absent	accept	CRISPOR	accepted	accept	ACAAAGAGCTGAAGAGGCCCTGG	1.0
present_v_absent	accept	CRISPOR	accepted	accept	CAAAGAGCTGAAGAGGCCCTGGG	1.0
present_v_absent	accept	CRISPOR	accepted	accept	GAGAGACGTCTCAGTACCCAGGG	1.0
present_v_absent	accept	CRISPOR	accepted	accept	GGAGAGACGTCTCAGTACCCAGG	1.0
present_v_absent	accept	CRISPOR	accepted	accept	ATTTTTCTGACTGTGAAGTAAGG	1.9792
present_v_absent	accept	CRISPOR	rejected_side	reject	TTACTTCACAGTCAGAAAAATGG	1.0167
present_v_absent	accept	CRISPOR	accepted	accept	CAGAAAAATGGACCCAGCGATGG	1.0
present_v_absent	accept	CRISPOR	accepted	accept	CGATGAGTTCAGGACGGCAGCGG	1.0
present_v_absent	accept	CRISPOR	accepted	accept	TGAGTTCAGGACGGCAGCGGTGG	1.0
present_v_absent	accept	CRISPOR	accepted	accept	TTCAGGACGGCAGCGGTGGAAGG	1.1531
present_v_absent	accept	CRISPOR	accepted	accept	GGAAGGCCCTTTTGTCACCTTGG	1.0
present_v_absent	accept	CRISPOR	accepted	accept	CCCTTTTGTCACCTTGGACATGG	1.32
present_v_absent	accept	CRISPOR	accepted	accept	TCCATGTCCAAGGTGACAAAAGG	1.0
present_v_absent	accept	CRISPOR	accepted	accept	ACCTTGGACATGGAAGACTGTGG	1.0
present_v_absent	accept	CRISPOR	accepted	accept	GCCACAGTCTTCCATGTCCAAGG	1.0
present_v_absent	accept	CRISPOR	accepted	accept	AGGGTTGACTCATCTGTCTGTGG	1.0
present_v_absent	accept	CRISPOR	accepted	accept	GACATAGGCTATGGTCATGAGGG	1.0
present_v_absent	accept	CRISPOR	accepted	accept	TGACATAGGCTATGGTCATGAGG	1.0
present_v_absent	accept	CRISPOR	accepted	accept	CATGACCATAGCCTATGTCATGG	1.3782
present_v_absent	accept	CRISPOR	accepted	accept	GGCAGCCATGACATAGGCTATGG	1.0
present_v_absent	accept	CRISPOR	accepted	accept	GCCTGGTCCCCACAGCCCACAGG	1.2591
present_v_absent	accept	CRISPOR	rejected_side	reject	TCCTGTGGGCTGTGGGGACCAGG	1.1629
present_v_absent	accept	CRISPOR	rejected_side	reject	GGTCCCCACAGCCCACAGGATGG	1.6654
present_v_absent	accept	CRISPOR	rejected_side	reject	GGTCCATCCTGTGGGCTGTGGGG	2.9117
present_v_absent	accept	CRISPOR	accepted	accept	TGGTCCATCCTGTGGGCTGTGGG	1.8403
present_v_absent	accept	CRISPOR	accepted	accept	TTGGTCCATCCTGTGGGCTGTGG	1.0
present_v_absent	accept	CRISPOR	accepted	accept	CAGCCCACAGGATGGACCAAAGG	1.0
present_v_absent	accept	CRISPOR	accepted	accept	AGCCCACAGGATGGACCAAAGGG	1.0
present_v_absent	accept	CRISPOR	accepted	accept	GCCCACAGGATGGACCAAAGGGG	1.0
present_v_absent	accept	CRISPOR	accepted	accept	CCCACAGGATGGACCAAAGGGGG	1.0
present_v_absent	accept	CRISPOR	accepted	accept	GCCCCCTTTGGTCCATCCTGTGG	1.0
present_v_absent	accept	CRISPOR	accepted	accept	CAGGATGGACCAAAGGGGGCAGG	1.4473
present_v_absent	accept	CRISPOR	accepted	accept	TCTGTCTGGAAGCCAGCGGGAGG	1.1357
present_v_absent	accept	CRISPOR	accepted	accept	AGGTCTGTCTGGAAGCCAGCGGG	1.0
present_v_absent	accept	CRISPOR	accepted	accept	CAGGTCTGTCTGGAAGCCAGCGG	1.0
present_v_absent	accept	CRISPOR	accepted	accept	CGCTGGCTTCCAGACAGACCTGG	1.0
present_v_absent	accept	CRISPOR	accepted	accept	GCTGGCTTCCAGACAGACCTGGG	1.0
present_v_absent	accept	CRISPOR	rejected_side	reject	TTCCAGACAGACCTGGGACTTGG	1.0
present_v_absent	accept	CRISPOR	accepted	accept	TGCCAAGTCCCAGGTCTGTCTGG	1.0
present_v_absent	accept	CRISPOR	accepted	accept	CGGCATGACTGCCAAGTCCCAGG	1.0
present_v_absent	accept	CRISPOR	accepted	accept	CTGGGACTTGGCAGTCATGCCGG	1.0
present_v_absent	accept	CRISPOR	accepted	accept	TGGGACTTGGCAGTCATGCCGGG	1.0
present_v_absent	accept	CRISPOR	accepted	accept	TTGGCAGTCATGCCGGGTGATGG	1.0
present_v_absent	accept	CRISPOR	accepted	accept	GCCGGGTGATGGTGTTCCTGCGG	1.0
present_v_absent	accept	CRISPOR	accepted	accept	TCCGCAGGAACACCATCACCCGG	1.0
present_v_absent	accept	CRISPOR	accepted	accept	GGACAACTGAGGGTCTCCGCAGG	1.0
present_v_absent	accept	CRISPOR	accepted	accept	GTAATATTTATAGAAACACTGGG	1.0
present_v_absent	accept	CRISPOR	accepted	accept	GGTAATATTTATAGAAACACTGG	1.3025
present_v_absent	accept	CRISPOR	accepted	accept	ATATTACCTTTCCTTATCTTTGG	1.0
present_v_absent	accept	CRISPOR	accepted	accept	ATATCTCCAAAGATAAGGAAAGG	1.0
present_v_absent	accept	CRISPOR	rejected_side	reject	TTTTAATATCTCCAAAGATAAGG	3.9077
present_v_absent	accept	CRISPOR	rejected_side	reject	GATATTAAAAATAATTTTGTTGG	7.4994
present_v_absent	accept	CRISPOR	rejected_side	reject	AAATGTCTTCAAAAAATGACAGG	1.0
present_v_absent	accept	CRISPOR	accepted	accept	AGACATTTTCTGATGTAATTTGG	1.1846
present_v_absent	accept	CRISPOR	accepted	accept	GACATTTTCTGATGTAATTTGGG	1.0
present_v_absent	accept	GuideScan2	rejected_side	not_generated	ATGCATCACGTGCAGAAGCTGGG	1.0
present_v_absent	accept	GuideScan2	rejected_side	not_generated	GATGCATCACGTGCAGAAGCTGG	1.0
present_v_absent	accept	GuideScan2	rejected_side	not_generated	GAGATTCACCCTGAAAATGAAGG	1.3652
present_v_absent	accept	GuideScan2	rejected_side	not_generated	AACAGTTGCCTTCATTTTCAGGG	1.5128
present_v_absent	accept	GuideScan2	rejected_side	not_generated	AAACAGTTGCCTTCATTTTCAGG	1.0714
present_v_absent	accept	GuideScan2	rejected_side	not_generated	TGAAAATGAAGGCAACTGTTTGG	3.3811
present_v_absent	accept	GuideScan2	rejected_side	not_generated	GTAAAAAGGGGGTCATAGGATGG	1.0
present_v_absent	accept	GuideScan2	rejected_side	not_generated	TAATGTAAAAAGGGGGTCATAGG	1.0
present_v_absent	accept	GuideScan2	rejected_side	not_generated	GAAATATTAATGTAAAAAGGGGG	1.0
present_v_absent	accept	GuideScan2	rejected_side	not_generated	GATAATGATCTTTCTTTAAGGGG	1.0
present_v_absent	accept	GuideScan2	rejected_side	not_generated	TGATAATGATCTTTCTTTAAGGG	1.6763
present_v_absent	accept	GuideScan2	rejected_side	not_generated	TTGATAATGATCTTTCTTTAAGG	1.0
present_v_absent	accept	GuideScan2	rejected_side	not_generated	AGAAAACTAATCCTATAGTGTGG	1.3422
present_v_absent	accept	GuideScan2	rejected_side	not_generated	AAAAATTCTCACCACACTATAGG	1.0
present_v_absent	accept	GuideScan2	rejected_side	not_generated	TATAGTGTGGTGAGAATTTTTGG	1.0
present_v_absent	accept	GuideScan2	rejected_side	not_generated	CATTGTTAAAAGTATGAGAGTGG	1.1455
present_v_absent	accept	GuideScan2	rejected_side	not_generated	GCCCCAGCACCGATTCATCTCGG	1.0
present_v_absent	accept	GuideScan2	rejected_side	not_generated	TCCGAGATGAATCGGTGCTGGGG	1.0
present_v_absent	accept	GuideScan2	rejected_side	not_generated	ATCCGAGATGAATCGGTGCTGGG	1.0
present_v_absent	accept	GuideScan2	rejected_side	not_generated	TATCCGAGATGAATCGGTGCTGG	1.0
present_v_absent	accept	GuideScan2	rejected_side	not_generated	TCTCTTTATCCGAGATGAATCGG	1.0
present_v_absent	accept	GuideScan2	rejected_side	not_generated	ATAAAGAGAAGAAAATCCCTAGG	17.4573
present_v_absent	accept	GuideScan2	rejected_side	not_generated	AAGAGAAGAAAATCCCTAGGAGG	3.396
present_v_absent	accept	GuideScan2	rejected_side	not_generated	AAATCCCTAGGAGGACATGTTGG	1.0
present_v_absent	accept	GuideScan2	rejected_side	not_generated	TCTACCAACATGTCCTCCTAGGG	1.0
present_v_absent	accept	GuideScan2	rejected_side	not_generated	TTCTACCAACATGTCCTCCTAGG	1.1304
present_v_absent	accept	GuideScan2	rejected_side	not_generated	ACATGTTGGTAGAATCATTCTGG	1.0
present_v_absent	accept	GuideScan2	rejected_side	not_generated	TAGAATAGGTGTCAATGACATGG	1.0
present_v_absent	accept	GuideScan2	rejected_side	not_generated	ATGTCATTGACACCTATTCTAGG	1.0
present_v_absent	accept	GuideScan2	rejected_side	not_generated	GGGGAATAAAATCCTAGAATAGG	1.0
present_v_absent	accept	GuideScan2	rejected_side	not_generated	GAAACAGTGGAGGAAGGACTGGG	1.0
present_v_absent	accept	GuideScan2	rejected_side	not_generated	TGAAACAGTGGAGGAAGGACTGG	1.0
present_v_absent	accept	GuideScan2	rejected_side	not_generated	CATCGTGAAACAGTGGAGGAAGG	1.0
present_v_absent	accept	GuideScan2	rejected_side	not_generated	CTTCCTCCACTGTTTCACGATGG	1.0
present_v_absent	accept	GuideScan2	rejected_side	not_generated	TGGCCATCGTGAAACAGTGGAGG	1.0
present_v_absent	accept	GuideScan2	rejected_side	not_generated	TGCTGGCCATCGTGAAACAGTGG	1.0
present_v_absent	accept	GuideScan2	rejected_side	not_generated	CTGCAGGTTGAAGGCGGTGCTGG	1.0
present_v_absent	accept	GuideScan2	rejected_side	not_generated	CAGCACCGCCTTCAACCTGCAGG	1.0
present_v_absent	accept	GuideScan2	rejected_side	not_generated	CACCGCCTTCAACCTGCAGGTGG	1.0
present_v_absent	accept	GuideScan2	rejected_side	not_generated	GGCCACCTGCAGGTTGAAGGCGG	1.0
present_v_absent	accept	GuideScan2	rejected_side	not_generated	GGTGGCCACCTGCAGGTTGAAGG	1.0
present_v_absent	accept	GuideScan2	rejected_side	not_generated	AACCTGCAGGTGGCCACCCCTGG	1.0173
present_v_absent	accept	GuideScan2	rejected_side	not_generated	ACCTGCAGGTGGCCACCCCTGGG	1.0487
present_v_absent	accept	GuideScan2	rejected_side	not_generated	CCTGCAGGTGGCCACCCCTGGGG	1.1469
present_v_absent	accept	GuideScan2	rejected_side	not_generated	GGGGAAAGCCATGGAATTTGTGG	1.0
present_v_absent	accept	GuideScan2	rejected_side	not_generated	AGTCACATCCACAAATTCCATGG	1.0
present_v_absent	accept	GuideScan2	rejected_side	not_generated	TGACTGAGAGCAATGCACGCTGG	1.0
present_v_absent	accept	GuideScan2	rejected_side	not_generated	GACTGAGAGCAATGCACGCTGGG	1.0
present_v_absent	accept	GuideScan2	rejected_side	not_generated	CCTAGGCCTCCTCTCCCTGCTGG	1.6875
present_v_absent	accept	GuideScan2	rejected_side	not_generated	CATCTGCCAGCAGGGAGAGGAGG	2.173
present_v_absent	accept	GuideScan2	rejected_side	not_generated	CTCCTCTCCCTGCTGGCAGATGG	1.4286
present_v_absent	accept	GuideScan2	rejected_side	not_generated	TCCTCTCCCTGCTGGCAGATGGG	1.8571
present_v_absent	accept	GuideScan2	rejected_side	not_generated	TCCCATCTGCCAGCAGGGAGAGG	2.4789
present_v_absent	accept	GuideScan2	rejected_side	not_generated	CCCTGCTGGCAGATGGGAACAGG	1.0714
present_v_absent	accept	GuideScan2	rejected_side	not_generated	ACCTGTTCCCATCTGCCAGCAGG	1.4693
present_v_absent	accept	GuideScan2	rejected_side	not_generated	ATGGGAACAGGTTCTTCTTGAGG	1.4779
present_v_absent	accept	GuideScan2	rejected_side	not_generated	GGTTCTTCTTGAGGAAACTGAGG	2.3797
present_v_absent	accept	GuideScan2	rejected_side	not_generated	TTGAGGAAACTGAGGCAAAGAGG	133.6571
present_v_absent	accept	GuideScan2	rejected_side	not_generated	AGGAAACTGAGGCAAAGAGGAGG	34.2534
present_v_absent	accept	GuideScan2	rejected_side	not_generated	GGAAACTGAGGCAAAGAGGAGGG	19.4781
present_v_absent	accept	GuideScan2	rejected_side	not_generated	ACTGAGGCAAAGAGGAGGGCAGG	2.4362
present_v_absent	accept	GuideScan2	rejected_side	not_generated	CAAAGAGGAGGGCAGGTCTGAGG	1.5266
present_v_absent	accept	GuideScan2	rejected_side	not_generated	AAAGAGGAGGGCAGGTCTGAGGG	1.3676
present_v_absent	accept	GuideScan2	rejected_side	not_generated	CAGGTCTGAGGGACCCCGCTTGG	1.0
present_v_absent	accept	GuideScan2	rejected_side	not_generated	AGGTCTGAGGGACCCCGCTTGGG	1.0
present_v_absent	accept	GuideScan2	rejected_side	not_generated	CTGAGGGACCCCGCTTGGGCTGG	1.0
present_v_absent	accept	GuideScan2	rejected_side	not_generated	GGGTGAGGCCAGCCCAAGCGGGG	1.7647
present_v_absent	accept	GuideScan2	rejected_side	not_generated	CGGGTGAGGCCAGCCCAAGCGGG	1.0
present_v_absent	accept	GuideScan2	rejected_side	not_generated	GCGGGTGAGGCCAGCCCAAGCGG	1.0
present_v_absent	accept	GuideScan2	rejected_side	not_generated	GGCTGGCCTCACCCGCACACTGG	1.0
present_v_absent	accept	GuideScan2	rejected_side	not_generated	GCTGGCCTCACCCGCACACTGGG	1.0
present_v_absent	accept	GuideScan2	rejected_side	not_generated	GGCCTCACCCGCACACTGGGAGG	1.6923
present_v_absent	accept	GuideScan2	rejected_side	not_generated	GCCTCACCCGCACACTGGGAGGG	1.175
present_v_absent	accept	GuideScan2	rejected_side	not_generated	GCCCTCCCAGTGTGCGGGTGAGG	1.0
present_v_absent	accept	GuideScan2	rejected_side	not_generated	TGGCTGCCCTCCCAGTGTGCGGG	1.0
present_v_absent	accept	GuideScan2	rejected_side	not_generated	CTGGCTGCCCTCCCAGTGTGCGG	1.0
present_v_absent	accept	GuideScan2	rejected_side	not_generated	CGCACACTGGGAGGGCAGCCAGG	1.3246
present_v_absent	accept	GuideScan2	rejected_side	not_generated	ACACTGGGAGGGCAGCCAGGTGG	1.1222
present_v_absent	accept	GuideScan2	rejected_side	not_generated	CACTGGGAGGGCAGCCAGGTGGG	1.0
present_v_absent	accept	GuideScan2	rejected_side	not_generated	ACTGGGAGGGCAGCCAGGTGGGG	3.5668
present_v_absent	accept	GuideScan2	rejected_side	not_generated	GCCAGGTGGGGACTCTGACCTGG	1.0
present_v_absent	accept	GuideScan2	rejected_side	not_generated	GAATTGGGGAAGTGTGCCACAGG	1.0
present_v_absent	accept	GuideScan2	rejected_side	not_generated	TCCCCAATTCCCTCATCTGTAGG	1.776
present_v_absent	accept	GuideScan2	rejected_side	not_generated	TCCTACAGATGAGGGAATTGGGG	2.1433
present_v_absent	accept	GuideScan2	rejected_side	not_generated	ATCCTACAGATGAGGGAATTGGG	2.8197
present_v_absent	accept	GuideScan2	rejected_side	not_generated	AATCCTACAGATGAGGGAATTGG	1.2294
present_v_absent	accept	GuideScan2	rejected_side	not_generated	ATTCCCTCATCTGTAGGATTTGG	1.6878
present_v_absent	accept	GuideScan2	rejected_side	not_generated	TTCCCTCATCTGTAGGATTTGGG	1.0824
present_v_absent	accept	GuideScan2	rejected_side	not_generated	AGCCCAAATCCTACAGATGAGGG	1.1654
present_v_absent	accept	GuideScan2	rejected_side	not_generated	CAGCCCAAATCCTACAGATGAGG	1.0
present_v_absent	accept	GuideScan2	rejected_side	not_generated	TGTAGGATTTGGGCTGCCCCAGG	1.0
present_v_absent	accept	GuideScan2	rejected_side	not_generated	GGGCTGCCCCAGGCCCACCCAGG	3.3667
present_v_absent	accept	GuideScan2	rejected_side	not_generated	GGCTGCCCCAGGCCCACCCAGGG	2.5779
present_v_absent	accept	GuideScan2	rejected_side	not_generated	GCTGCCCCAGGCCCACCCAGGGG	1.4737
present_v_absent	accept	GuideScan2	rejected_side	not_generated	CTGCCCCAGGCCCACCCAGGGGG	1.9752
present_v_absent	accept	GuideScan2	rejected_side	not_generated	GAGCCCCCTGGGTGGGCCTGGGG	1.9296
present_v_absent	accept	GuideScan2	rejected_side	not_generated	AGAGCCCCCTGGGTGGGCCTGGG	2.4599
present_v_absent	accept	GuideScan2	rejected_side	not_generated	CAGAGCCCCCTGGGTGGGCCTGG	2.2273
present_v_absent	accept	GuideScan2	rejected_side	not_generated	ACATTCAGAGCCCCCTGGGTGGG	1.8667
present_v_absent	accept	GuideScan2	rejected_side	not_generated	TACATTCAGAGCCCCCTGGGTGG	1.8421
present_v_absent	accept	GuideScan2	rejected_side	not_generated	AAATACATTCAGAGCCCCCTGGG	1.0
present_v_absent	accept	GuideScan2	rejected_side	not_generated	AAAATACATTCAGAGCCCCCTGG	1.0
present_v_absent	accept	GuideScan2	rejected_side	not_generated	GTACCGTGTTTCTTTCCCCCAGG	1.1034
present_v_absent	accept	GuideScan2	rejected_side	not_generated	TCTCCTGGGGGAAAGAAACACGG	1.0
present_v_absent	accept	GuideScan2	rejected_side	not_generated	AAGACTAAAAATTCTCCTGGGGG	2.1607
present_v_absent	accept	GuideScan2	rejected_side	not_generated	GAAGACTAAAAATTCTCCTGGGG	1.8
present_v_absent	accept	GuideScan2	rejected_side	not_generated	AGAAGACTAAAAATTCTCCTGGG	2.3661
present_v_absent	accept	GuideScan2	rejected_side	not_generated	AAGAAGACTAAAAATTCTCCTGG	2.4737
present_v_absent	accept	GuideScan2	rejected_side	not_generated	AGTCTTCTTTCATGAAGCAGTGG	2.6667
present_v_absent	accept	GuideScan2	rejected_side	not_generated	CTTCTTTCATGAAGCAGTGGAGG	1.4615
present_v_absent	accept	GuideScan2	rejected_side	not_generated	TTCTTTCATGAAGCAGTGGAGGG	1.3185
present_v_absent	accept	GuideScan2	rejected_side	not_generated	TCTTTCATGAAGCAGTGGAGGGG	1.1404
present_v_absent	accept	GuideScan2	rejected_side	not_generated	TGAAAAGCTGCCACTCTATATGG	1.0
present_v_absent	accept	GuideScan2	rejected_side	not_generated	GCTGCCACTCTATATGGTGTTGG	1.0
present_v_absent	accept	GuideScan2	rejected_side	not_generated	GCCACTCTATATGGTGTTGGAGG	1.0
present_v_absent	accept	GuideScan2	rejected_side	not_generated	TCCTCCAACACCATATAGAGTGG	1.0
present_v_absent	accept	GuideScan2	rejected_side	not_generated	CTATATGGTGTTGGAGGATGTGG	1.0
present_v_absent	accept	GuideScan2	rejected_side	not_generated	GGTGTTGGAGGATGTGGCCCAGG	1.0727
present_v_absent	accept	GuideScan2	rejected_side	not_generated	GTGTTGGAGGATGTGGCCCAGGG	1.0
present_v_absent	accept	GuideScan2	rejected_side	not_generated	TGTTGGAGGATGTGGCCCAGGGG	1.0
present_v_absent	accept	GuideScan2	rejected_side	not_generated	GTTGGAGGATGTGGCCCAGGGGG	1.0
present_v_absent	accept	GuideScan2	rejected_side	not_generated	GCTTTCTCTGGACCTGTCGGCGG	1.0
present_v_absent	accept	GuideScan2	rejected_side	not_generated	CTTTCTCTGGACCTGTCGGCGGG	1.0
present_v_absent	accept	GuideScan2	rejected_side	not_generated	TTGAAGGTCTTCATGGGAGATGG	3.0
present_v_absent	accept	GuideScan2	rejected_side	not_generated	TTGTCTTTGAAGGTCTTCATGGG	2.2286
present_v_absent	accept	GuideScan2	rejected_side	not_generated	GTTGTCTTTGAAGGTCTTCATGG	2.0
present_v_absent	accept	GuideScan2	rejected_side	not_generated	AGACGGCAAGTTGTCTTTGAAGG	1.6471
present_v_absent	accept	GuideScan2	rejected_side	not_generated	TCAAAGACAACTTGCCGTCTTGG	1.7987
present_v_absent	accept	GuideScan2	rejected_side	not_generated	TTTCATTGCTTTGTCCAAGACGG	2.0
present_v_absent	accept	GuideScan2	rejected_side	not_generated	CAAAGCAATGAAAGCAAAAGTGG	2.5868
present_v_absent	accept	GuideScan2	rejected_side	not_generated	AGCAAAAGTGGCCACATACCTGG	1.0
present_v_absent	accept	GuideScan2	rejected_side	not_generated	GCAAAAGTGGCCACATACCTGGG	1.0
present_v_absent	accept	GuideScan2	rejected_side	not_generated	AAAGTGGCCACATACCTGGGTGG	1.0
present_v_absent	accept	GuideScan2	rejected_side	not_generated	TGGAAGGCCACCCAGGTATGTGG	1.0
present_v_absent	accept	GuideScan2	rejected_side	not_generated	TTCACTGGTGTGGCACTGAATGG	2.0
present_v_absent	accept	GuideScan2	rejected_side	not_generated	ATAAAAGGCATTCACTGGTGTGG	2.0
present_v_absent	accept	GuideScan2	rejected_side	not_generated	CCAGTGAATGCCTTTTATAATGG	2.0
present_v_absent	accept	GuideScan2	rejected_side	not_generated	TGCCTTTTATAATGGCTGCATGG	2.6964
present_v_absent	accept	GuideScan2	rejected_side	not_generated	TTCCATGCAGCCATTATAAAAGG	2.1832
present_v_absent	accept	GuideScan2	rejected_side	not_generated	TTGGTTAGTATCTGTGTTTCCGG	1.7333
present_v_absent	accept	GuideScan2	rejected_side	not_generated	GTTAGTATCTGTGTTTCCGGTGG	1.72
present_v_absent	accept	GuideScan2	rejected_side	not_generated	TTAGTATCTGTGTTTCCGGTGGG	1.625
present_v_absent	accept	GuideScan2	rejected_side	not_generated	GTGTTTCCGGTGGGTGTAATAGG	2.0
present_v_absent	accept	GuideScan2	rejected_side	not_generated	TGTTTCCGGTGGGTGTAATAGGG	2.0
present_v_absent	accept	GuideScan2	rejected_side	not_generated	GTTTCCGGTGGGTGTAATAGGGG	2.0
present_v_absent	accept	GuideScan2	rejected_side	not_generated	TAATCCCCTATTACACCCACCGG	2.0
present_v_absent	accept	GuideScan2	rejected_side	not_generated	AATAGGGGATTAGCCCCAGAAGG	2.0
present_v_absent	accept	GuideScan2	rejected_side	not_generated	ATAGGGGATTAGCCCCAGAAGGG	2.0
present_v_absent	accept	GuideScan2	rejected_side	not_generated	GTTTAGCTCAGTCCCTTCTGGGG	2.0
present_v_absent	accept	GuideScan2	rejected_side	not_generated	TGTTTAGCTCAGTCCCTTCTGGG	2.0
present_v_absent	accept	GuideScan2	rejected_side	not_generated	CTGTTTAGCTCAGTCCCTTCTGG	2.7143
present_v_absent	accept	GuideScan2	rejected_side	not_generated	TGAGCTAAACAGTGTTATTATGG	2.5143
present_v_absent	accept	GuideScan2	rejected_side	not_generated	GAGCTAAACAGTGTTATTATGGG	2.2824
present_v_absent	accept	GuideScan2	rejected_side	not_generated	AAACAGTGTTATTATGGGAAAGG	2.0
present_v_absent	accept	GuideScan2	rejected_side	not_generated	TGTTATTATGGGAAAGGAAATGG	2.0
present_v_absent	accept	GuideScan2	rejected_side	not_generated	GAATGGATTGCATTAGTCGCTGG	2.0
present_v_absent	accept	GuideScan2	rejected_side	not_generated	TACTATAAACAAGAGAGGAATGG	2.8462
present_v_absent	accept	GuideScan2	rejected_side	not_generated	GCTAAGAGAAAAGAAGATTCTGG	2.1607
present_v_absent	accept	GuideScan2	rejected_side	not_generated	CTAAGAGAAAAGAAGATTCTGGG	2.4473
present_v_absent	accept	GuideScan2	rejected_side	not_generated	AGATCAAACTTTTGCTTCATTGG	1.0
present_v_absent	accept	GuideScan2	rejected_side	not_generated	CTTTCATTCACCCACACATCAGG	1.0
present_v_absent	accept	GuideScan2	rejected_side	not_generated	TGACATCTATGTTTCCCAGCTGG	1.5833
present_v_absent	accept	GuideScan2	rejected_side	not_generated	ATACATTCATATCTGTGTAAAGG	1.838
present_v_absent	accept	GuideScan2	rejected_side	not_generated	TGCAAGAGAAGTTCTTCAAGAGG	1.0
present_v_absent	accept	GuideScan2	rejected_side	not_generated	AAGAGGAAACCCAAAGTCCTTGG	1.2667
present_v_absent	accept	GuideScan2	rejected_side	not_generated	AGAGGAAACCCAAAGTCCTTGGG	1.0
present_v_absent	accept	GuideScan2	rejected_side	not_generated	GAGGAAACCCAAAGTCCTTGGGG	1.0
present_v_absent	accept	GuideScan2	rejected_side	not_generated	TGCCTTGATGAGCCTTAGCATGG	1.6364
present_v_absent	accept	GuideScan2	rejected_side	not_generated	GCCTTGATGAGCCTTAGCATGGG	1.8
present_v_absent	accept	GuideScan2	rejected_side	not_generated	TCCCATGCTAAGGCTCATCAAGG	2.0
present_v_absent	accept	GuideScan2	rejected_side	not_generated	TCATTATTATTCCCATGCTAAGG	2.2105
present_v_absent	accept	GuideScan2	rejected_side	not_generated	ACTTTCACATAAGGAAACTGAGG	24.4894
present_v_absent	accept	GuideScan2	rejected_side	not_generated	TTTCCTTATGTGAAAGTTGCTGG	1.0
present_v_absent	accept	GuideScan2	rejected_side	not_generated	GTTCCAGCAACTTTCACATAAGG	1.0
present_v_absent	accept	GuideScan2	rejected_side	not_generated	GAAAGTTGCTGGAACCAAAATGG	4.724
present_v_absent	accept	GuideScan2	rejected_side	not_generated	TATGCCAAACTCTAATAAAATGG	2.8196
present_v_absent	accept	GuideScan2	rejected_side	not_generated	GACTCCATTTTATTAGAGTTTGG	4.8044
present_v_absent	accept	GuideScan2	rejected_side	not_generated	AAACTCTAATAAAATGGAGTCGG	5.2139
present_v_absent	accept	GuideScan2	rejected_side	not_generated	AACTCTAATAAAATGGAGTCGGG	1.4068
present_v_absent	accept	GuideScan2	rejected_side	not_generated	ACTCTAATAAAATGGAGTCGGGG	1.5517
present_v_absent	accept	GuideScan2	rejected_side	not_generated	CTCTAATAAAATGGAGTCGGGGG	1.8571
present_v_absent	accept	GuideScan2	rejected_side	not_generated	TCTAATAAAATGGAGTCGGGGGG	2.4118
present_v_absent	accept	GuideScan2	rejected_side	not_generated	TGTGTGTGAGGGCTTCTATGTGG	2.1551
present_v_absent	accept	GuideScan2	rejected_side	not_generated	TTACGGGCATGTGTGTGTGAGGG	1.0
present_v_absent	accept	GuideScan2	rejected_side	not_generated	GTTACGGGCATGTGTGTGTGAGG	1.0
present_v_absent	accept	GuideScan2	rejected_side	not_generated	CACACACACATGCCCGTAACAGG	1.1212
present_v_absent	accept	GuideScan2	rejected_side	not_generated	CTTGTGATAAATCCTGTTACGGG	2.8571
present_v_absent	accept	GuideScan2	rejected_side	not_generated	TCTTGTGATAAATCCTGTTACGG	2.7905
present_v_absent	accept	GuideScan2	rejected_side	not_generated	GGGAAGGGTAGAAAACTTCAAGG	1.0
present_v_absent	accept	GuideScan2	rejected_side	not_generated	AAATAAACAATCAGCTGAAGAGG	1.4727
present_v_absent	accept	GuideScan2	rejected_side	not_generated	TTTCTATGAATTCCTACACATGG	1.0
present_v_absent	accept	GuideScan2	rejected_side	not_generated	AGGGGGGAATAACCATGTGTAGG	1.0
present_v_absent	accept	GuideScan2	rejected_side	not_generated	TTAGATTATCTCAAGTAGGGGGG	1.0
present_v_absent	accept	GuideScan2	rejected_side	not_generated	TTTAGATTATCTCAAGTAGGGGG	1.0
present_v_absent	accept	GuideScan2	rejected_side	not_generated	ATTTAGATTATCTCAAGTAGGGG	1.0
present_v_absent	accept	GuideScan2	rejected_side	not_generated	TATTTAGATTATCTCAAGTAGGG	1.0
present_v_absent	accept	GuideScan2	rejected_side	not_generated	ATATTTAGATTATCTCAAGTAGG	1.0
present_v_absent	accept	GuideScan2	rejected_side	not_generated	ATGATGGTCTCATTGGGAACAGG	1.4605
present_v_absent	accept	GuideScan2	rejected_side	not_generated	AGCACTATGATGGTCTCATTGGG	1.0
present_v_absent	accept	GuideScan2	rejected_side	not_generated	GAGCACTATGATGGTCTCATTGG	1.0606
present_v_absent	accept	GuideScan2	rejected_side	not_generated	ATTTGATGGGAGCACTATGATGG	1.5527
present_v_absent	accept	GuideScan2	rejected_side	not_generated	AGAAGTTGATGACATTTGATGGG	2.0
present_v_absent	accept	GuideScan2	rejected_side	not_generated	GAGAAGTTGATGACATTTGATGG	2.0
present_v_absent	accept	GuideScan2	rejected_side	not_generated	GGGTTCGGGTTTCTCTGCTTGGG	2.0
present_v_absent	accept	GuideScan2	rejected_side	not_generated	TGGGTTCGGGTTTCTCTGCTTGG	2.0
present_v_absent	accept	GuideScan2	rejected_side	not_generated	GAAACCCGAACCCACCAACCAGG	2.0
present_v_absent	accept	GuideScan2	rejected_side	not_generated	AAACCCGAACCCACCAACCAGGG	2.0
present_v_absent	accept	GuideScan2	rejected_side	not_generated	AACCCGAACCCACCAACCAGGGG	2.0
present_v_absent	accept	GuideScan2	rejected_side	not_generated	TGCCCCTGGTTGGTGGGTTCGGG	2.0
present_v_absent	accept	GuideScan2	rejected_side	not_generated	CTGCCCCTGGTTGGTGGGTTCGG	2.0
present_v_absent	accept	GuideScan2	rejected_side	not_generated	CGAACCCACCAACCAGGGGCAGG	2.0
present_v_absent	accept	GuideScan2	rejected_side	not_generated	CTATCCTGCCCCTGGTTGGTGGG	3.4764
present_v_absent	accept	GuideScan2	rejected_side	not_generated	GCTATCCTGCCCCTGGTTGGTGG	2.1756
present_v_absent	accept	GuideScan2	rejected_side	not_generated	CAGGCTATCCTGCCCCTGGTTGG	2.0
present_v_absent	accept	GuideScan2	rejected_side	not_generated	TCTTCAGGCTATCCTGCCCCTGG	2.0
present_v_absent	accept	GuideScan2	rejected_side	not_generated	CTGCGTGTAGATGTTTCTTCAGG	1.0
present_v_absent	accept	GuideScan2	rejected_side	not_generated	CACGCAGAAATCAAAGTTATTGG	1.0
present_v_absent	accept	GuideScan2	rejected_side	not_generated	ACGCAGAAATCAAAGTTATTGGG	1.0
present_v_absent	accept	GuideScan2	rejected_side	not_generated	AAATCGGATCTAGATCCAGCTGG	1.0
present_v_absent	accept	GuideScan2	rejected_side	not_generated	ATCTAGATCCAGCTGGCCACAGG	1.0
present_v_absent	accept	GuideScan2	rejected_side	not_generated	ATTGAGGACCTGTGGCCAGCTGG	1.0235
present_v_absent	accept	GuideScan2	rejected_side	not_generated	TGGCAGCGTGCTTTATTCACTGG	1.0
present_v_absent	accept	GuideScan2	rejected_side	not_generated	AGTGAATAAAGCACGCTGCCAGG	1.0
present_v_absent	accept	GuideScan2	rejected_side	not_generated	GTGAATAAAGCACGCTGCCAGGG	1.0
present_v_absent	accept	GuideScan2	rejected_side	not_generated	CAGTCACTCAGGAAAGGCCCTGG	1.5
present_v_absent	accept	GuideScan2	rejected_side	not_generated	CAGCATCAGTCACTCAGGAAAGG	1.1412
present_v_absent	accept	GuideScan2	rejected_side	not_generated	CCTGAGTGACTGATGCTGTGAGG	1.7143
present_v_absent	accept	GuideScan2	rejected_side	not_generated	ATGCTGTGAGGATGAGCATGTGG	1.0
present_v_absent	accept	GuideScan2	rejected_side	not_generated	TGAGCATGTGGTGTTTGCATTGG	1.2188
present_v_absent	accept	GuideScan2	rejected_side	not_generated	GCATGTGGTGTTTGCATTGGAGG	1.0
present_v_absent	accept	GuideScan2	rejected_side	not_generated	CATGTGGTGTTTGCATTGGAGGG	1.0
present_v_absent	accept	GuideScan2	rejected_side	not_generated	CATGTGGAGAGACGATGTAAAGG	2.4762
present_v_absent	accept	GuideScan2	rejected_side	not_generated	CTTTACATCGTCTCTCCACATGG	2.4933
present_v_absent	accept	GuideScan2	rejected_side	not_generated	TGTGAGAAGTTCAAGCCATGTGG	4.0608
present_v_absent	accept	GuideScan2	rejected_side	not_generated	ACTTCTCACAGCATGCCTGCTGG	2.7
present_v_absent	accept	GuideScan2	rejected_side	not_generated	GCCTGCTGGATTCGAAGAGATGG	2.0
present_v_absent	accept	GuideScan2	rejected_side	not_generated	GCCATCTCTTCGAATCCAGCAGG	2.0
present_v_absent	accept	GuideScan2	rejected_side	not_generated	TAGACGCTGGCACCTGGTGAGGG	1.7857
present_v_absent	accept	GuideScan2	rejected_side	not_generated	CTAGACGCTGGCACCTGGTGAGG	1.4959
present_v_absent	accept	GuideScan2	rejected_side	not_generated	AATGTCTAGACGCTGGCACCTGG	1.325
present_v_absent	accept	GuideScan2	rejected_side	not_generated	AGGTGCCAGCGTCTAGACATTGG	1.0
present_v_absent	accept	GuideScan2	rejected_side	not_generated	AAAATCCAATGTCTAGACGCTGG	1.0
present_v_absent	accept	GuideScan2	rejected_side	not_generated	GCTGTCTCTGCACAGGCGGGTGG	1.0
present_v_absent	accept	GuideScan2	rejected_side	not_generated	AGAGCTGTCTCTGCACAGGCGGG	1.0
present_v_absent	accept	GuideScan2	rejected_side	not_generated	GAGAGCTGTCTCTGCACAGGCGG	1.0
present_v_absent	accept	GuideScan2	rejected_side	not_generated	GGCGAGAGCTGTCTCTGCACAGG	1.0
present_v_absent	accept	GuideScan2	rejected_side	not_generated	GTGCAGAGACAGCTCTCGCCTGG	1.0
present_v_absent	accept	GuideScan2	rejected_side	not_generated	GAGGGGAGACACAAGGGGCCAGG	1.1793
present_v_absent	accept	GuideScan2	rejected_side	not_generated	GAGGGGAGGGGAGACACAAGGGG	2.7632
present_v_absent	accept	GuideScan2	rejected_side	not_generated	GGAGGGGAGGGGAGACACAAGGG	2.6889
present_v_absent	accept	GuideScan2	rejected_side	not_generated	TGGAGGGGAGGGGAGACACAAGG	3.2439
present_v_absent	accept	GuideScan2	rejected_side	not_generated	GACGCAAGGCTGGAGGGGAGGGG	1.7619
present_v_absent	accept	GuideScan2	rejected_side	not_generated	GGACGCAAGGCTGGAGGGGAGGG	1.2647
present_v_absent	accept	GuideScan2	rejected_side	not_generated	AGGACGCAAGGCTGGAGGGGAGG	1.7857
present_v_absent	accept	GuideScan2	rejected_side	not_generated	CTCAGGACGCAAGGCTGGAGGGG	1.0
present_v_absent	accept	GuideScan2	rejected_side	not_generated	ACTCAGGACGCAAGGCTGGAGGG	1.5385
present_v_absent	accept	GuideScan2	rejected_side	not_generated	GACTCAGGACGCAAGGCTGGAGG	1.0
present_v_absent	accept	GuideScan2	rejected_side	not_generated	AAAGACTCAGGACGCAAGGCTGG	1.0
present_v_absent	accept	GuideScan2	rejected_side	not_generated	AGCCTTGCGTCCTGAGTCTTTGG	1.0
present_v_absent	accept	GuideScan2	rejected_side	not_generated	CTCCAAAGACTCAGGACGCAAGG	1.4
present_v_absent	accept	GuideScan2	rejected_side	not_generated	CCTGAGTCTTTGGAGTCTTCAGG	1.0
present_v_absent	accept	GuideScan2	rejected_side	not_generated	CTGAGTCTTTGGAGTCTTCAGGG	1.0
present_v_absent	accept	GuideScan2	rejected_side	not_generated	TCTTTGGAGTCTTCAGGGTCAGG	1.0
present_v_absent	accept	GuideScan2	rejected_side	not_generated	GAGACTGAACAGCTTCAAAATGG	1.0
present_v_absent	accept	GuideScan2	rejected_side	not_generated	AACAGCTTCAAAATGGTGCAAGG	1.0
present_v_absent	accept	GuideScan2	rejected_side	not_generated	TTTCTTAGGCGTCTAGAGATGGG	1.0
present_v_absent	accept	GuideScan2	rejected_side	not_generated	CTTTCTTAGGCGTCTAGAGATGG	1.0
present_v_absent	accept	GuideScan2	rejected_side	not_generated	CTCTAGACGCCTAAGAAAGCTGG	1.0
present_v_absent	accept	GuideScan2	rejected_side	not_generated	AGACGCCTAAGAAAGCTGGATGG	1.0
present_v_absent	accept	GuideScan2	rejected_side	not_generated	GACGCCTAAGAAAGCTGGATGGG	1.0
present_v_absent	accept	GuideScan2	rejected_side	not_generated	TTTACCCATCCAGCTTTCTTAGG	1.0
present_v_absent	accept	GuideScan2	rejected_side	not_generated	CCACTTTACAACAGACGCTGAGG	1.0
present_v_absent	accept	GuideScan2	rejected_side	not_generated	AAATAATTGGGTATTTTTCTTGG	1.1281
present_v_absent	accept	GuideScan2	rejected_side	not_generated	TGCTTTATTTGGAAATAATTGGG	1.3333
present_v_absent	accept	GuideScan2	rejected_side	not_generated	TTGCTTTATTTGGAAATAATTGG	2.294
present_v_absent	accept	GuideScan2	rejected_side	not_generated	TTTCCAAATAAAGCAAAAATTGG	1.1765
present_v_absent	accept	GuideScan2	rejected_side	not_generated	GTTCCAATTTTTGCTTTATTTGG	1.5031
present_v_absent	accept	GuideScan2	rejected_side	not_generated	CGTATCCGTGAGTATTTTTATGG	1.0
present_v_absent	accept	GuideScan2	rejected_side	not_generated	GGAATCCATAAAAATACTCACGG	1.0
present_v_absent	accept	GuideScan2	rejected_side	not_generated	GAGTATTTTTATGGATTCCGAGG	1.0
present_v_absent	accept	GuideScan2	rejected_side	not_generated	CATGGGGATAGAAACAGCCTCGG	1.0
present_v_absent	accept	GuideScan2	rejected_side	not_generated	AATTTGACATTGAAGGCATGGGG	1.0
present_v_absent	accept	GuideScan2	rejected_side	not_generated	AAATTTGACATTGAAGGCATGGG	1.0
present_v_absent	accept	GuideScan2	rejected_side	not_generated	AAAATTTGACATTGAAGGCATGG	1.0
present_v_absent	accept	GuideScan2	rejected_side	not_generated	ATCTGAAAATTTGACATTGAAGG	1.0
present_v_absent	accept	GuideScan2	rejected_side	not_generated	GATGTGAAAATCTACAAAGTTGG	1.0
present_v_absent	accept	GuideScan2	rejected_side	not_generated	ATGTGAAAATCTACAAAGTTGGG	1.1795
present_v_absent	accept	GuideScan2	rejected_side	not_generated	TGTGAAAATCTACAAAGTTGGGG	1.0
present_v_absent	accept	GuideScan2	rejected_side	not_generated	AAACAGGAGTCTGGGATGGTGGG	1.0
present_v_absent	accept	GuideScan2	rejected_side	not_generated	TAAACAGGAGTCTGGGATGGTGG	1.0
present_v_absent	accept	GuideScan2	rejected_side	not_generated	AGGTAAACAGGAGTCTGGGATGG	1.0
present_v_absent	accept	GuideScan2	rejected_side	not_generated	CCCAGACTCCTGTTTACCTTTGG	1.0
present_v_absent	accept	GuideScan2	rejected_side	not_generated	CCAGACTCCTGTTTACCTTTGGG	1.0
present_v_absent	accept	GuideScan2	rejected_side	not_generated	GAACGAGTGGGTGACTTGAGAGG	1.9927
present_v_absent	accept	GuideScan2	rejected_side	not_generated	AGTCACCCACTCGTTCCTCCAGG	1.2523
present_v_absent	accept	GuideScan2	rejected_side	not_generated	GTCACCCACTCGTTCCTCCAGGG	1.545
present_v_absent	accept	GuideScan2	rejected_side	not_generated	TCACCCACTCGTTCCTCCAGGGG	1.0
present_v_absent	accept	GuideScan2	rejected_side	not_generated	TGACCCCTGGAGGAACGAGTGGG	1.0
present_v_absent	accept	GuideScan2	rejected_side	not_generated	ATGACCCCTGGAGGAACGAGTGG	1.0
present_v_absent	accept	GuideScan2	rejected_side	not_generated	CTCGTTCCTCCAGGGGTCATTGG	1.0
present_v_absent	accept	GuideScan2	rejected_side	not_generated	AACTCTCCAATGACCCCTGGAGG	1.0
present_v_absent	accept	GuideScan2	rejected_side	not_generated	AATAACTCTCCAATGACCCCTGG	1.0
present_v_absent	accept	GuideScan2	rejected_side	not_generated	TTATTTTAAGTCTAGTTCCCAGG	1.0
present_v_absent	accept	GuideScan2	rejected_side	not_generated	CTGCATTGGAAGTCATACCTGGG	1.0
present_v_absent	accept	GuideScan2	rejected_side	not_generated	ACTGCATTGGAAGTCATACCTGG	1.0
present_v_absent	accept	GuideScan2	rejected_side	not_generated	AGTAGAAGCTTTCACTGCATTGG	1.1832
present_v_absent	accept	GuideScan2	rejected_side	not_generated	ACTTACCACCAGCTGCCTTCCGG	1.0
present_v_absent	accept	GuideScan2	rejected_side	not_generated	TGTTTCCGGAAGGCAGCTGGTGG	1.0769
present_v_absent	accept	GuideScan2	rejected_side	not_generated	ACTTGTTTCCGGAAGGCAGCTGG	1.0
present_v_absent	accept	GuideScan2	rejected_side	not_generated	TTTTTTCACTTGTTTCCGGAAGG	1.0
present_v_absent	accept	GuideScan2	rejected_side	not_generated	TGTCTTTTTTCACTTGTTTCCGG	1.0
present_v_absent	accept	GuideScan2	rejected_side	not_generated	ACAAGAGACACCACAAACAATGG	1.3714
present_v_absent	accept	GuideScan2	rejected_side	not_generated	TCTTGACTCACCATTGTTTGTGG	1.0
present_v_absent	accept	GuideScan2	rejected_side	not_generated	AAACAATGGTGAGTCAAGACTGG	1.0
present_v_absent	accept	GuideScan2	rejected_side	not_generated	CCCAAAGCTCCAGCTGAAGATGG	1.4083
present_v_absent	accept	GuideScan2	rejected_side	not_generated	GCCATCTTCAGCTGGAGCTTTGG	1.0
present_v_absent	accept	GuideScan2	rejected_side	not_generated	GTAGGAGAGCCATCTTCAGCTGG	1.0
present_v_absent	accept	GuideScan2	rejected_side	not_generated	CTCCTACATCAGACTGATCTAGG	1.0
present_v_absent	accept	GuideScan2	rejected_side	not_generated	CCGGAACAGCGCGCTCGCAGCGG	1.0
present_v_absent	accept	GuideScan2	rejected_side	not_generated	CGGAACAGCGCGCTCGCAGCGGG	1.0
present_v_absent	accept	GuideScan2	rejected_side	not_generated	AACAGCGCGCTCGCAGCGGGAGG	1.0
present_v_absent	accept	GuideScan2	rejected_side	not_generated	CAGCGGGAGGTCGCGAAGCCTGG	1.0
present_v_absent	accept	GuideScan2	rejected_side	not_generated	AGCGGGAGGTCGCGAAGCCTGGG	1.0
present_v_absent	accept	GuideScan2	rejected_side	not_generated	TGGGCGACAGACACAGTCCCAGG	1.0
present_v_absent	accept	GuideScan2	rejected_side	not_generated	GGGACTGTGTCTGTCGCCCATGG	1.0
present_v_absent	accept	GuideScan2	rejected_side	not_generated	GCGAGCAGCGCGGCGGCCATGGG	1.0
present_v_absent	accept	GuideScan2	rejected_side	not_generated	GGCGAGCAGCGCGGCGGCCATGG	1.0
present_v_absent	accept	GuideScan2	rejected_side	not_generated	TGGCCGCCGCGCTGCTCGCCCGG	1.0
present_v_absent	accept	GuideScan2	rejected_side	not_generated	GGCCGCCGCGCTGCTCGCCCGGG	1.0
present_v_absent	accept	GuideScan2	rejected_side	not_generated	GGCCCGGGCGAGCAGCGCGGCGG	1.0
present_v_absent	accept	GuideScan2	rejected_side	not_generated	CGAGGCCCGGGCGAGCAGCGCGG	1.3267
present_v_absent	accept	GuideScan2	rejected_side	not_generated	CGCGCTGCTCGCCCGGGCCTCGG	1.0
present_v_absent	accept	GuideScan2	rejected_side	not_generated	GCGCTGCTCGCCCGGGCCTCGGG	1.0
present_v_absent	accept	GuideScan2	rejected_side	not_generated	GCGGGCAGGGCCCGAGGCCCGGG	1.9583
present_v_absent	accept	GuideScan2	rejected_side	not_generated	TGCGGGCAGGGCCCGAGGCCCGG	1.0
present_v_absent	accept	GuideScan2	rejected_side	not_generated	CTCTCTGTCCTAGGGCCTGGCGG	1.0
present_v_absent	accept	GuideScan2	rejected_side	not_generated	TGTAACTGCCGCCAGGCCCTAGG	1.0
present_v_absent	accept	GuideScan2	rejected_side	not_generated	GATGGTGTGTAACTGCCGCCAGG	1.0
present_v_absent	accept	GuideScan2	rejected_side	not_generated	TATGGTGCCCACTCCCCAGTTGG	1.0
present_v_absent	accept	GuideScan2	rejected_side	not_generated	ATAGATACCAACTGGGGAGTGGG	1.0
present_v_absent	accept	GuideScan2	rejected_side	not_generated	CATAGATACCAACTGGGGAGTGG	1.0
present_v_absent	accept	GuideScan2	rejected_side	not_generated	AACAGCATAGATACCAACTGGGG	1.0
present_v_absent	accept	GuideScan2	rejected_side	not_generated	GAACAGCATAGATACCAACTGGG	1.0
present_v_absent	accept	GuideScan2	rejected_side	not_generated	GGAACAGCATAGATACCAACTGG	1.3611
present_v_absent	accept	GuideScan2	rejected_side	not_generated	GGTGGATGGTGGGGCTCTCAGGG	1.0
present_v_absent	accept	GuideScan2	rejected_side	not_generated	AGGTGGATGGTGGGGCTCTCAGG	1.0
present_v_absent	accept	GuideScan2	rejected_side	not_generated	AGGAGAGAAGGTGGATGGTGGGG	23.443
present_v_absent	accept	GuideScan2	rejected_side	not_generated	AAGGAGAGAAGGTGGATGGTGGG	17.5094
present_v_absent	accept	GuideScan2	rejected_side	not_generated	AAAGGAGAGAAGGTGGATGGTGG	1.0
present_v_absent	accept	GuideScan2	rejected_side	not_generated	CTAAAAGGAGAGAAGGTGGATGG	1.0962
present_v_absent	accept	GuideScan2	rejected_side	not_generated	TCCACCTTCTCTCCTTTTAGAGG	1.0
present_v_absent	accept	GuideScan2	rejected_side	not_generated	ACCTCTAAAAGGAGAGAAGGTGG	1.0
present_v_absent	accept	GuideScan2	rejected_side	not_generated	GGCACCTCTAAAAGGAGAGAAGG	1.4
present_v_absent	accept	GuideScan2	rejected_side	not_generated	TCTCCTTTTAGAGGTGCCTCTGG	1.739
present_v_absent	accept	GuideScan2	rejected_side	not_generated	GCTCCAGAGGCACCTCTAAAAGG	1.5206
present_v_absent	accept	GuideScan2	rejected_side	not_generated	TTAGAGGTGCCTCTGGAGCTAGG	1.0
present_v_absent	accept	GuideScan2	rejected_side	not_generated	GTGCCTCTGGAGCTAGGCTGTGG	1.9412
present_v_absent	accept	GuideScan2	rejected_side	not_generated	TGTCCACAGCCTAGCTCCAGAGG	1.5973
present_v_absent	accept	GuideScan2	rejected_side	not_generated	CAGTGTCTGGGCAGGGGAGCAGG	1.5673
present_v_absent	accept	GuideScan2	rejected_side	not_generated	GCTCCCCTGCCCAGACACTGTGG	1.2029
present_v_absent	accept	GuideScan2	rejected_side	not_generated	CTCCCCTGCCCAGACACTGTGGG	1.9393
present_v_absent	accept	GuideScan2	rejected_side	not_generated	TCCCCTGCCCAGACACTGTGGGG	1.3846
present_v_absent	accept	GuideScan2	rejected_side	not_generated	TTGAGATCACTCACTACATTTGG	6.1319
present_v_absent	accept	GuideScan2	rejected_side	not_generated	AGGGGGAAAACAGTAGAACAAGG	11.7904
present_v_absent	accept	GuideScan2	rejected_side	not_generated	TCACATCTCCCAGCTCGATCCGG	1.0
present_v_absent	accept	GuideScan2	rejected_side	not_generated	TTCAACTGTTTAATATTGTGTGG	2.0
present_v_absent	accept	GuideScan2	rejected_side	not_generated	ACAGTTGAAAAGATTGAATCAGG	1.7733
present_v_absent	accept	GuideScan2	rejected_side	not_generated	AACTTGTCATTGTAGCTGACTGG	1.1623
present_v_absent	accept	GuideScan2	rejected_side	not_generated	CTACAATGACAAGTTCTACAAGG	1.3429
present_v_absent	accept	GuideScan2	rejected_side	not_generated	CAAGTTCTACAAGGATGTGCTGG	1.1948
present_v_absent	accept	GuideScan2	rejected_side	not_generated	AAAAACCTCAAAGTTCCTTCTGG	1.0522
present_v_absent	accept	GuideScan2	rejected_side	not_generated	TCTGACCAGAAGGAACTTTGAGG	1.0
present_v_absent	accept	GuideScan2	rejected_side	not_generated	GAGAGAGTGTGCAGTGCCCATGG	1.8125
present_v_absent	accept	GuideScan2	rejected_side	not_generated	ATGGGCACTGCACACTCTCTCGG	1.0
present_v_absent	accept	GuideScan2	rejected_side	not_generated	AGGAAAAGGGGTTCAACTTGGGG	1.0
present_v_absent	accept	GuideScan2	rejected_side	not_generated	GAGGAAAAGGGGTTCAACTTGGG	1.0
present_v_absent	accept	GuideScan2	rejected_side	not_generated	TGAGGAAAAGGGGTTCAACTTGG	1.1345
present_v_absent	accept	GuideScan2	rejected_side	not_generated	GGATGTTGGGTGAGGAAAAGGGG	1.0
present_v_absent	accept	GuideScan2	rejected_side	not_generated	AGGATGTTGGGTGAGGAAAAGGG	1.0
present_v_absent	accept	GuideScan2	rejected_side	not_generated	GAGGATGTTGGGTGAGGAAAAGG	1.0
present_v_absent	accept	GuideScan2	rejected_side	not_generated	GAAATGGAGGATGTTGGGTGAGG	2.0
present_v_absent	accept	GuideScan2	rejected_side	not_generated	TTGTTGAAATGGAGGATGTTGGG	1.4
present_v_absent	accept	GuideScan2	rejected_side	not_generated	TTTGTTGAAATGGAGGATGTTGG	1.0
present_v_absent	accept	GuideScan2	rejected_side	not_generated	ACATCCTCCATTTCAACAAATGG	1.6713
present_v_absent	accept	GuideScan2	rejected_side	not_generated	GCTGCCATTTGTTGAAATGGAGG	1.0
present_v_absent	accept	GuideScan2	rejected_side	not_generated	AACGCTGCCATTTGTTGAAATGG	1.0
present_v_absent	accept	GuideScan2	rejected_side	not_generated	TTCAACAAATGGCAGCGTTGTGG	1.0
present_v_absent	accept	GuideScan2	rejected_side	not_generated	TCAACAAATGGCAGCGTTGTGGG	1.0
present_v_absent	accept	GuideScan2	rejected_side	not_generated	GATGTCAATGTCTCTGAAGGAGG	1.3636
present_v_absent	accept	GuideScan2	rejected_side	not_generated	GAGGATGTCAATGTCTCTGAAGG	1.0
present_v_absent	accept	GuideScan2	rejected_side	not_generated	GACATCCTCATCCCTGACTTCGG	1.0
present_v_absent	accept	GuideScan2	rejected_side	not_generated	CGTTCTGTACCTCGGTCTGTGGG	1.0
present_v_absent	accept	GuideScan2	rejected_side	not_generated	TCGTTCTGTACCTCGGTCTGTGG	1.0
present_v_absent	accept	GuideScan2	rejected_side	not_generated	TTGTCTCTCGTTCTGTACCTCGG	1.0
present_v_absent	accept	GuideScan2	rejected_side	not_generated	ACCTCTGCCCCCCCAGCAGCTGG	44.9251
present_v_absent	accept	GuideScan2	rejected_side	not_generated	GCCAGCTGCTGGGGGGGCAGAGG	3.1853
present_v_absent	accept	GuideScan2	rejected_side	not_generated	AAGCTGGCCAGCTGCTGGGGGGG	1.0
present_v_absent	accept	GuideScan2	rejected_side	not_generated	AAAGCTGGCCAGCTGCTGGGGGG	1.1786
present_v_absent	accept	GuideScan2	rejected_side	not_generated	CAAAGCTGGCCAGCTGCTGGGGG	1.2353
present_v_absent	accept	GuideScan2	rejected_side	not_generated	GCAAAGCTGGCCAGCTGCTGGGG	1.4762
present_v_absent	accept	GuideScan2	rejected_side	not_generated	TGCAAAGCTGGCCAGCTGCTGGG	1.0
present_v_absent	accept	GuideScan2	rejected_side	not_generated	CTGCAAAGCTGGCCAGCTGCTGG	1.0917
present_v_absent	accept	GuideScan2	rejected_side	not_generated	CAAGACTGGGGCTGCAAAGCTGG	1.4889
present_v_absent	accept	GuideScan2	rejected_side	not_generated	TAGTTGGGGGCTCAAGACTGGGG	1.0
present_v_absent	accept	GuideScan2	rejected_side	not_generated	GTAGTTGGGGGCTCAAGACTGGG	1.0
present_v_absent	accept	GuideScan2	rejected_side	not_generated	GGTAGTTGGGGGCTCAAGACTGG	1.0
present_v_absent	accept	GuideScan2	rejected_side	not_generated	GGTGGGGGGAGGGTAGTTGGGGG	4.8988
present_v_absent	accept	GuideScan2	rejected_side	not_generated	GGGTGGGGGGAGGGTAGTTGGGG	4.139
present_v_absent	accept	GuideScan2	rejected_side	not_generated	TGGGTGGGGGGAGGGTAGTTGGG	2.7796
present_v_absent	accept	GuideScan2	rejected_side	not_generated	GTGGGTGGGGGGAGGGTAGTTGG	3.5523
present_v_absent	accept	GuideScan2	rejected_side	not_generated	GATGGGGGTGGGTGGGGGGAGGG	38.0175
present_v_absent	accept	GuideScan2	rejected_side	not_generated	GGATGGGGGTGGGTGGGGGGAGG	25.9209
present_v_absent	accept	GuideScan2	rejected_side	not_generated	AGGGGATGGGGGTGGGTGGGGGG	20.233
present_v_absent	accept	GuideScan2	rejected_side	not_generated	AAGGGGATGGGGGTGGGTGGGGG	8.7863
present_v_absent	accept	GuideScan2	rejected_side	not_generated	GAAGGGGATGGGGGTGGGTGGGG	7.7826
present_v_absent	accept	GuideScan2	rejected_side	not_generated	GGAAGGGGATGGGGGTGGGTGGG	7.5473
present_v_absent	accept	GuideScan2	rejected_side	not_generated	GGGAAGGGGATGGGGGTGGGTGG	6.8067
present_v_absent	accept	GuideScan2	rejected_side	not_generated	ATTGGGAAGGGGATGGGGGTGGG	4.0089
present_v_absent	accept	GuideScan2	rejected_side	not_generated	AATTGGGAAGGGGATGGGGGTGG	1.8314
present_v_absent	accept	GuideScan2	rejected_side	not_generated	TTCAATTGGGAAGGGGATGGGGG	1.0
present_v_absent	accept	GuideScan2	rejected_side	not_generated	CTTCAATTGGGAAGGGGATGGGG	1.0
present_v_absent	accept	GuideScan2	rejected_side	not_generated	CCCATCCCCTTCCCAATTGAAGG	1.0
present_v_absent	accept	GuideScan2	rejected_side	not_generated	TCCTTCAATTGGGAAGGGGATGG	1.0
present_v_absent	accept	GuideScan2	rejected_side	not_generated	CCCCTTCCCAATTGAAGGAGCGG	1.7143
present_v_absent	accept	GuideScan2	rejected_side	not_generated	TCCGCTCCTTCAATTGGGAAGGG	1.0
present_v_absent	accept	GuideScan2	rejected_side	not_generated	TTCCGCTCCTTCAATTGGGAAGG	1.0
present_v_absent	accept	GuideScan2	rejected_side	not_generated	CTCTTTCCGCTCCTTCAATTGGG	1.0
present_v_absent	accept	GuideScan2	rejected_side	not_generated	TCTCTTTCCGCTCCTTCAATTGG	1.0
present_v_absent	accept	GuideScan2	rejected_side	not_generated	AACCAGGACTCCAGCACCTCTGG	1.5385
present_v_absent	accept	GuideScan2	rejected_side	not_generated	GACCAGAGGTGCTGGAGTCCTGG	1.8125
present_v_absent	accept	GuideScan2	rejected_side	not_generated	GAGGGCGGGACCAGAGGTGCTGG	1.0
present_v_absent	accept	GuideScan2	rejected_side	not_generated	CCTCTGGTCCCGCCCTCACCCGG	1.0
present_v_absent	accept	GuideScan2	rejected_side	not_generated	CCCGCCCTCACCCGGACCCCTGG	1.375
present_v_absent	accept	GuideScan2	rejected_side	not_generated	GCCAGGGGTCCGGGTGAGGGCGG	1.9333
present_v_absent	accept	GuideScan2	rejected_side	not_generated	AGGGCCAGGGGTCCGGGTGAGGG	1.1684
present_v_absent	accept	GuideScan2	rejected_side	not_generated	GAGGGCCAGGGGTCCGGGTGAGG	1.0
present_v_absent	accept	GuideScan2	rejected_side	not_generated	GACGTGAGGGCCAGGGGTCCGGG	1.0
present_v_absent	accept	GuideScan2	rejected_side	not_generated	AGACGTGAGGGCCAGGGGTCCGG	1.0
present_v_absent	accept	GuideScan2	rejected_side	not_generated	GGAGGAGACGTGAGGGCCAGGGG	2.0362
present_v_absent	accept	GuideScan2	rejected_side	not_generated	TGGAGGAGACGTGAGGGCCAGGG	1.0
present_v_absent	accept	GuideScan2	rejected_side	not_generated	CTGGAGGAGACGTGAGGGCCAGG	1.0
present_v_absent	accept	GuideScan2	rejected_side	not_generated	CTGGCCCTCACGTCTCCTCCAGG	1.0
present_v_absent	accept	GuideScan2	rejected_side	not_generated	TGGCCCTCACGTCTCCTCCAGGG	1.1091
present_v_absent	accept	GuideScan2	rejected_side	not_generated	CATCCCTGGAGGAGACGTGAGGG	1.1493
present_v_absent	accept	GuideScan2	rejected_side	not_generated	CCTCACGTCTCCTCCAGGGATGG	1.0
present_v_absent	accept	GuideScan2	rejected_side	not_generated	GTCTCCTCCAGGGATGGCGCTGG	1.8571
present_v_absent	accept	GuideScan2	rejected_side	not_generated	TCCTCCAGGGATGGCGCTGGCGG	1.0
present_v_absent	accept	GuideScan2	rejected_side	not_generated	GCCGCCAGCGCCATCCCTGGAGG	1.2074
present_v_absent	accept	GuideScan2	rejected_side	not_generated	AAAGCCGCCAGCGCCATCCCTGG	1.0
present_v_absent	accept	GuideScan2	rejected_side	not_generated	GCGGCTTTGATGATCGCCCTCGG	1.0
present_v_absent	accept	GuideScan2	rejected_side	not_generated	ATGATCGCCCTCGGCAGCCTCGG	1.0
present_v_absent	accept	GuideScan2	rejected_side	not_generated	GTGGAGGCCGAGGCTGCCGAGGG	1.9091
present_v_absent	accept	GuideScan2	rejected_side	not_generated	TGTGGAGGCCGAGGCTGCCGAGG	1.7243
present_v_absent	accept	GuideScan2	rejected_side	not_generated	GCAGCCTCGGCCTCCACACCTGG	1.7768
present_v_absent	accept	GuideScan2	rejected_side	not_generated	CCTCGGCCTCCACACCTGGCAGG	1.8
present_v_absent	accept	GuideScan2	rejected_side	not_generated	AAGGTAGTGAGTTCTCTCAATGG	10.7911
present_v_absent	accept	GuideScan2	rejected_side	not_generated	AAGGAGGAAAGAGTAGAACAAGG	34.4029
present_v_absent	accept	GuideScan2	rejected_side	not_generated	GAGTACAGTAGTGAAAAAGGAGG	1.5765
present_v_absent	accept	GuideScan2	rejected_side	not_generated	GTTGAGTACAGTAGTGAAAAAGG	3.2324
present_v_absent	accept	GuideScan2	rejected_side	not_generated	CTCAAATCCTAGGCTCTCATTGG	1.1793
present_v_absent	accept	GuideScan2	rejected_side	not_generated	TATAAGGCCAATGAGAGCCTAGG	1.0
present_v_absent	accept	GuideScan2	rejected_side	not_generated	TCATTGGCCTTATAAGTGATTGG	1.0
present_v_absent	accept	GuideScan2	rejected_side	not_generated	CATTGGCCTTATAAGTGATTGGG	1.0
present_v_absent	accept	GuideScan2	rejected_side	not_generated	TTTCTTCCCAATCACTTATAAGG	1.1346
present_v_absent	accept	GuideScan2	rejected_side	not_generated	AATAAAATAAACTCACATATAGG	4.1185
present_v_absent	accept	GuideScan2	rejected_side	not_generated	AAACTCACATATAGGAGATATGG	1.0
present_v_absent	accept	GuideScan2	rejected_side	not_generated	ATGCCCAAAGAGAGAAAATTAGG	2.4545
present_v_absent	accept	GuideScan2	rejected_side	not_generated	ACTCCTAATTTTCTCTCTTTGGG	2.2737
present_v_absent	accept	GuideScan2	rejected_side	not_generated	AACTCCTAATTTTCTCTCTTTGG	1.0
present_v_absent	accept	GuideScan2	rejected_side	not_generated	ATCAGTGAAAGAGCAGCAAGTGG	1.0
present_v_absent	accept	GuideScan2	rejected_side	not_generated	GCTCTTTCACTGATCAGCGTTGG	1.0
present_v_absent	accept	GuideScan2	rejected_side	not_generated	TTGCTGGCTCCCCACCCACTAGG	1.0
present_v_absent	accept	GuideScan2	rejected_side	not_generated	GACGAGAATGAGAGACTGGGAGG	1.0
present_v_absent	accept	GuideScan2	rejected_side	not_generated	AAGGACGAGAATGAGAGACTGGG	1.094
present_v_absent	accept	GuideScan2	rejected_side	not_generated	CAAGGACGAGAATGAGAGACTGG	1.6661
present_v_absent	accept	GuideScan2	rejected_side	not_generated	CAGTCTCTCATTCTCGTCCTTGG	1.0
present_v_absent	accept	GuideScan2	rejected_side	not_generated	GAGAGGATAAATTTTTAAATCGG	1.0
present_v_absent	accept	GuideScan2	rejected_side	not_generated	AGGATGAATTTGCTAAGGAGAGG	1.0431
present_v_absent	accept	GuideScan2	rejected_side	not_generated	AGGAGAGGATGAATTTGCTAAGG	1.5238
present_v_absent	accept	GuideScan2	rejected_side	not_generated	ATTCATCCTCTCCTTATATTAGG	1.0
present_v_absent	accept	GuideScan2	rejected_side	not_generated	TTCATCCTCTCCTTATATTAGGG	1.0
present_v_absent	accept	GuideScan2	rejected_side	not_generated	CTTTTCCCTAATATAAGGAGAGG	1.0
present_v_absent	accept	GuideScan2	rejected_side	not_generated	AAGTACTTTTCCCTAATATAAGG	1.0
present_v_absent	accept	GuideScan2	rejected_side	not_generated	AAAAGTACTTCTTAGCTATAAGG	1.5641
present_v_absent	accept	GuideScan2	rejected_side	not_generated	GCAACCTTCTGAATATAATTTGG	6.4104
present_v_absent	accept	GuideScan2	rejected_side	not_generated	GAAACCAAATTATATTCAGAAGG	3.7672
present_v_absent	accept	GuideScan2	rejected_side	not_generated	GTGGCATACACAGAGGGAGAAGG	1.8725
present_v_absent	accept	GuideScan2	rejected_side	not_generated	TGGCATACACAGAGGGAGAAGGG	1.6633
present_v_absent	accept	GuideScan2	rejected_side	not_generated	GGCATACACAGAGGGAGAAGGGG	1.0
present_v_absent	accept	GuideScan2	rejected_side	not_generated	ATACACAGAGGGAGAAGGGGAGG	1.2567
present_v_absent	accept	GuideScan2	rejected_side	not_generated	TACACAGAGGGAGAAGGGGAGGG	1.7692
present_v_absent	accept	GuideScan2	rejected_side	not_generated	GAGGGAGAAGGGGAGGGAACAGG	9.7052
present_v_absent	accept	GuideScan2	rejected_side	not_generated	AGAAGGGGAGGGAACAGGTGTGG	2.0727
present_v_absent	accept	GuideScan2	rejected_side	not_generated	GGGAGGGAACAGGTGTGGAGAGG	3.1562
present_v_absent	accept	GuideScan2	rejected_side	not_generated	ACAGGTGTGGAGAGGAGCTGCGG	1.0
present_v_absent	accept	GuideScan2	rejected_side	not_generated	AAATCTCAAGTCAGAGATTCAGG	1.2674
present_v_absent	accept	GuideScan2	rejected_side	not_generated	AATCTCAAGTCAGAGATTCAGGG	1.0
present_v_absent	accept	GuideScan2	rejected_side	not_generated	GTCAGAGATTCAGGGACACTTGG	1.0
present_v_absent	accept	GuideScan2	rejected_side	not_generated	TCAGGGACACTTGGTCCCCGTGG	1.0
present_v_absent	accept	GuideScan2	rejected_side	not_generated	TTGGTCCCCGTGGCGAGCCATGG	1.0
present_v_absent	accept	GuideScan2	rejected_side	not_generated	TGCTTCCATGGCTCGCCACGGGG	1.0
present_v_absent	accept	GuideScan2	rejected_side	not_generated	CTGCTTCCATGGCTCGCCACGGG	1.0
present_v_absent	accept	GuideScan2	rejected_side	not_generated	TCTGCTTCCATGGCTCGCCACGG	1.0
present_v_absent	accept	GuideScan2	rejected_side	not_generated	GGCGAGCCATGGAAGCAGAAAGG	1.0
present_v_absent	accept	GuideScan2	rejected_side	not_generated	GAGCCATGGAAGCAGAAAGGAGG	3.209
present_v_absent	accept	GuideScan2	rejected_side	not_generated	GCGCCTCCTTTCTGCTTCCATGG	1.0
present_v_absent	accept	GuideScan2	rejected_side	not_generated	GGAAGCAGAAAGGAGGCGCCAGG	2.3853
present_v_absent	accept	GuideScan2	rejected_side	not_generated	AGGGTGGGGTGTGGGCACCATGG	1.0
present_v_absent	accept	GuideScan2	rejected_side	not_generated	GGTGTGGGCACCATGGCATGAGG	2.9231
present_v_absent	accept	GuideScan2	rejected_side	not_generated	CTTGTTTCTTCCTCATGCCATGG	2.2586
present_v_absent	accept	GuideScan2	rejected_side	not_generated	CATGGCATGAGGAAGAAACAAGG	2.3929
present_v_absent	accept	GuideScan2	rejected_side	not_generated	AAGAAACAAGGTCCCTGAGCAGG	1.0
present_v_absent	accept	GuideScan2	rejected_side	not_generated	TCAGGACTTGTGCCTGCTCAGGG	1.0
present_v_absent	accept	GuideScan2	rejected_side	not_generated	GTCAGGACTTGTGCCTGCTCAGG	1.0
present_v_absent	accept	GuideScan2	rejected_side	not_generated	GGCACAAGTCCTGACAGTCAAGG	1.0
present_v_absent	accept	GuideScan2	rejected_side	not_generated	GCACAAGTCCTGACAGTCAAGGG	1.0
present_v_absent	accept	GuideScan2	rejected_side	not_generated	AAAGCAGTCCCTTGACTGTCAGG	1.0
present_v_absent	accept	GuideScan2	rejected_side	not_generated	TGACAGTCAAGGGACTGCTTTGG	1.0
present_v_absent	accept	GuideScan2	rejected_side	not_generated	AAGGGACTGCTTTGGCATCCAGG	1.0
present_v_absent	accept	GuideScan2	rejected_side	not_generated	AGGGACTGCTTTGGCATCCAGGG	1.0
present_v_absent	accept	GuideScan2	rejected_side	not_generated	AGTGAGGTGACTGGAGGCCCTGG	1.5
present_v_absent	accept	GuideScan2	rejected_side	not_generated	TATGGCAGTGAGGTGACTGGAGG	1.0
present_v_absent	accept	GuideScan2	rejected_side	not_generated	ATGTATGGCAGTGAGGTGACTGG	1.1591
present_v_absent	accept	GuideScan2	rejected_side	not_generated	ATTTCTAATGTATGGCAGTGAGG	2.0
present_v_absent	accept	GuideScan2	rejected_side	not_generated	ATTGTCTCATTTCTAATGTATGG	1.0
present_v_absent	accept	GuideScan2	rejected_side	not_generated	ATGGCTCTGGGGCACTTTGCTGG	1.5
present_v_absent	accept	GuideScan2	rejected_side	not_generated	TGGCTCTGGGGCACTTTGCTGGG	1.0
present_v_absent	accept	GuideScan2	rejected_side	not_generated	CAGGGAGGGGTCAACTTTTCTGG	2.0972
present_v_absent	accept	GuideScan2	rejected_side	not_generated	CAGTGCTGGTTTGCAGGGAGGGG	2.4231
present_v_absent	accept	GuideScan2	rejected_side	not_generated	GCAGTGCTGGTTTGCAGGGAGGG	2.0321
present_v_absent	accept	GuideScan2	rejected_side	not_generated	GGCAGTGCTGGTTTGCAGGGAGG	2.0
present_v_absent	accept	GuideScan2	rejected_side	not_generated	CTGGGCAGTGCTGGTTTGCAGGG	3.5633
present_v_absent	accept	GuideScan2	rejected_side	not_generated	GCTGGGCAGTGCTGGTTTGCAGG	3.7738
present_v_absent	accept	GuideScan2	rejected_side	not_generated	ACAAGAATGCTGGGCAGTGCTGG	2.3214
present_v_absent	accept	GuideScan2	rejected_side	not_generated	CTTGGCGGGACAAGAATGCTGGG	2.0
present_v_absent	accept	GuideScan2	rejected_side	not_generated	GCTTGGCGGGACAAGAATGCTGG	2.0
present_v_absent	accept	GuideScan2	rejected_side	not_generated	AGCTCACAGTCAGGCTTGGCGGG	2.0
present_v_absent	accept	GuideScan2	rejected_side	not_generated	CAGCTCACAGTCAGGCTTGGCGG	2.0
present_v_absent	accept	GuideScan2	rejected_side	not_generated	CAACAGCTCACAGTCAGGCTTGG	2.1697
present_v_absent	accept	GuideScan2	rejected_side	not_generated	CGTCACAACAGCTCACAGTCAGG	1.2588
present_v_absent	accept	GuideScan2	rejected_side	not_generated	TGTGACGTTGCCACTTTGCTCGG	1.0
present_v_absent	accept	GuideScan2	rejected_side	not_generated	CGTTGCCACTTTGCTCGGAAAGG	1.5333
present_v_absent	accept	GuideScan2	rejected_side	not_generated	GGGGTCCTTTCCGAGCAAAGTGG	1.6522
present_v_absent	accept	GuideScan2	rejected_side	not_generated	GTAATAACAATCCAAACTTGTGG	1.7895
present_v_absent	accept	GuideScan2	rejected_side	not_generated	ACTCTATTCAGCCACAAGTTTGG	1.0
present_v_absent	accept	GuideScan2	rejected_side	not_generated	CTTCACACTGAATTTTCTCTTGG	1.4075
present_v_absent	accept	GuideScan2	rejected_side	not_generated	AAAATTCAGTGTGAAGATGATGG	1.5806
present_v_absent	accept	GuideScan2	rejected_side	not_generated	TGATGGAGTGACACAATAGAAGG	1.0556
present_v_absent	accept	GuideScan2	rejected_side	not_generated	AAGTGATGATTCAGTGATTCAGG	1.6927
present_v_absent	accept	GuideScan2	rejected_side	not_generated	TGAATCACTGAATCATCACTTGG	1.0
present_v_absent	accept	GuideScan2	rejected_side	not_generated	GACTTGACTGGGGAAAGCGCAGG	1.0
present_v_absent	accept	GuideScan2	rejected_side	not_generated	AGAGAAGGCAGACTTGACTGGGG	1.2872
present_v_absent	accept	GuideScan2	rejected_side	not_generated	GAGAGAAGGCAGACTTGACTGGG	1.12
present_v_absent	accept	GuideScan2	rejected_side	not_generated	GGAGAGAAGGCAGACTTGACTGG	1.2381
present_v_absent	accept	GuideScan2	rejected_side	not_generated	TGCCTTCTCTCCGCAGAACGTGG	1.0
present_v_absent	accept	GuideScan2	rejected_side	not_generated	GTCCACGTTCTGCGGAGAGAAGG	1.0
present_v_absent	accept	GuideScan2	rejected_side	not_generated	GTTTTAGCGTCCACGTTCTGCGG	1.0
present_v_absent	accept	GuideScan2	rejected_side	not_generated	AAGCTTAAAATGGTAAGTCAGGG	1.0
present_v_absent	accept	GuideScan2	rejected_side	not_generated	AAAGCTTAAAATGGTAAGTCAGG	1.0
present_v_absent	accept	GuideScan2	rejected_side	not_generated	ACCATTTTAAGCTTTAGAAGAGG	1.0
present_v_absent	accept	GuideScan2	rejected_side	not_generated	GTGTCTCAACCCTTGACAAGAGG	1.0
present_v_absent	accept	GuideScan2	rejected_side	not_generated	GCACTTGGTCCTCTTGTCAAGGG	1.2411
present_v_absent	accept	GuideScan2	rejected_side	not_generated	GGCACTTGGTCCTCTTGTCAAGG	1.0
present_v_absent	accept	GuideScan2	rejected_side	not_generated	AAACAGCAAGTGTGGAATACAGG	1.0
present_v_absent	accept	GuideScan2	rejected_side	not_generated	TGTATTCCACACTTGCTGTTTGG	1.3429
present_v_absent	accept	GuideScan2	rejected_side	not_generated	TTCCACACTTGCTGTTTGGTTGG	1.0
present_v_absent	accept	GuideScan2	rejected_side	not_generated	ATCCAACCAAACAGCAAGTGTGG	1.0
present_v_absent	accept	GuideScan2	rejected_side	not_generated	TCTGCAATTCCTTCCTAATAAGG	1.0
present_v_absent	accept	GuideScan2	rejected_side	not_generated	TTTATGACTCCTTATTAGGAAGG	1.25
present_v_absent	accept	GuideScan2	rejected_side	not_generated	CATTTTTATGACTCCTTATTAGG	2.1607
present_v_absent	accept	GuideScan2	rejected_side	not_generated	AAATGCCTAAGCAGTAAGTATGG	1.0
present_v_absent	accept	GuideScan2	rejected_side	not_generated	ATTCTCCATACTTACTGCTTAGG	1.6475
present_v_absent	accept	GuideScan2	rejected_side	not_generated	TGGTTTTCTTTCACAACGAAAGG	1.0
present_v_absent	accept	GuideScan2	rejected_side	not_generated	GTCTTGACTCTTGAAGTTCTTGG	1.0
present_v_absent	accept	GuideScan2	rejected_side	not_generated	ACTTCAAGAGTCAAGACAGAAGG	1.0278
present_v_absent	accept	GuideScan2	rejected_side	not_generated	GTCAAGACAGAAGGAAGCCAAGG	1.5556
present_v_absent	accept	GuideScan2	rejected_side	not_generated	TCAAGACAGAAGGAAGCCAAGGG	1.0336
present_v_absent	accept	GuideScan2	rejected_side	not_generated	AAGCCAAGGGAGCAGTGCAATGG	1.5556
present_v_absent	accept	GuideScan2	rejected_side	not_generated	AATCCATTGCACTGCTCCCTTGG	1.0
present_v_absent	accept	GuideScan2	rejected_side	not_generated	TGCAATGGATTTCTCAGTAAAGG	1.5867
present_v_absent	accept	GuideScan2	rejected_side	not_generated	AGTAAAGGTAGACATAGAGAAGG	2.127
present_v_absent	accept	GuideScan2	rejected_side	not_generated	AAAGGTAGACATAGAGAAGGAGG	1.8294
present_v_absent	accept	GuideScan2	rejected_side	not_generated	GGTGACCTGCCCCATCTGCCTGG	7.6177
present_v_absent	accept	GuideScan2	rejected_side	not_generated	GAGCTCCAGGCAGATGGGGCAGG	5.0772
present_v_absent	accept	GuideScan2	rejected_side	not_generated	TCAGGAGCTCCAGGCAGATGGGG	3.4503
present_v_absent	accept	GuideScan2	rejected_side	not_generated	GTCAGGAGCTCCAGGCAGATGGG	2.7116
present_v_absent	accept	GuideScan2	rejected_side	not_generated	TGTCAGGAGCTCCAGGCAGATGG	2.5165
present_v_absent	accept	GuideScan2	rejected_side	not_generated	GAGGTTCTGTCAGGAGCTCCAGG	1.5641
present_v_absent	accept	GuideScan2	rejected_side	not_generated	CTAGGCTCAGAGGTTCTGTCAGG	1.0
present_v_absent	accept	GuideScan2	rejected_side	not_generated	GAACCTCTGAGCCTAGATTGTGG	1.0
present_v_absent	accept	GuideScan2	rejected_side	not_generated	TGGCCACAATCTAGGCTCAGAGG	1.0
present_v_absent	accept	GuideScan2	rejected_side	not_generated	TAAAACAACACAGAATCCACTGG	2.745
present_v_absent	accept	GuideScan2	rejected_side	not_generated	AAGGTTGTGGAGAGTTGTAATGG	1.9231
present_v_absent	accept	GuideScan2	rejected_side	not_generated	CTTGATGTAATAAAAGGTTGTGG	1.0
present_v_absent	accept	GuideScan2	rejected_side	not_generated	AACCTTTTATTACATCAAGAAGG	1.0
present_v_absent	accept	GuideScan2	rejected_side	not_generated	CTCCTTCTTGATGTAATAAAAGG	1.0
present_v_absent	accept	GuideScan2	rejected_side	not_generated	ACATCAAGAAGGAGCTAAAATGG	1.5
present_v_absent	accept	GuideScan2	rejected_side	not_generated	AAAATGGCAGTGCGTTTAGCTGG	1.0
present_v_absent	accept	GuideScan2	rejected_side	not_generated	ATGGCAGTGCGTTTAGCTGGTGG	1.0
present_v_absent	accept	GuideScan2	rejected_side	not_generated	TGGCAGTGCGTTTAGCTGGTGGG	1.0
present_v_absent	accept	GuideScan2	rejected_side	not_generated	AGCTGGTGGGCTGCAGAAAATGG	1.0714
present_v_absent	accept	GuideScan2	rejected_side	not_generated	AACATTTGTTTTGTTGAGCAAGG	1.4286
present_v_absent	accept	GuideScan2	rejected_side	not_generated	TAGGAATAATGTAGAATGCAAGG	1.0
present_v_absent	accept	GuideScan2	rejected_side	not_generated	GCAAGGCAGTAATTTCCTTTTGG	1.0
present_v_absent	accept	GuideScan2	rejected_side	not_generated	GCAGTAATTTCCTTTTGGAAAGG	1.4167
present_v_absent	accept	GuideScan2	rejected_side	not_generated	CCTTTTGGAAAGGACTCTGAAGG	1.7059
present_v_absent	accept	GuideScan2	rejected_side	not_generated	GACTCTGAAGGCAGAAAAGAAGG	1.8
present_v_absent	accept	GuideScan2	rejected_side	not_generated	ACTCTGAAGGCAGAAAAGAAGGG	2.8256
present_v_absent	accept	GuideScan2	rejected_side	not_generated	AAAGAAGGGAGAGAACCTCATGG	1.1588
present_v_absent	accept	GuideScan2	rejected_side	not_generated	AAGAAGGGAGAGAACCTCATGGG	1.0
present_v_absent	accept	GuideScan2	rejected_side	not_generated	TTTATAATATTCTGCCCATGAGG	1.4667
present_v_absent	accept	GuideScan2	rejected_side	not_generated	TCATATTCCAGCATTTGAATTGG	1.0
present_v_absent	accept	GuideScan2	rejected_side	not_generated	TCTCTTTCCAATTCAAATGCTGG	1.2
present_v_absent	accept	GuideScan2	rejected_side	not_generated	TTTTCAATTTCTAAATTTGCAGG	2.75
present_v_absent	accept	GuideScan2	rejected_side	not_generated	TTTCAATTTCTAAATTTGCAGGG	2.1607
present_v_absent	accept	GuideScan2	rejected_side	not_generated	TTCAATTTCTAAATTTGCAGGGG	1.0
present_v_absent	accept	GuideScan2	rejected_side	not_generated	GCAGGGGATACTGAAAAATACGG	1.0
present_v_absent	accept	GuideScan2	rejected_side	not_generated	GGGATACTGAAAAATACGGCAGG	1.0
present_v_absent	accept	GuideScan2	rejected_side	not_generated	ATACTGAAAAATACGGCAGGTGG	1.9091
present_v_absent	accept	GuideScan2	rejected_side	not_generated	AAAATACGGCAGGTGGCCTAAGG	1.0
present_v_absent	accept	GuideScan2	rejected_side	not_generated	CTCAACTTTACAGCAGCCTTAGG	1.0
present_v_absent	accept	GuideScan2	rejected_side	not_generated	CTAAGGCTGCTGTAAAGTTGAGG	1.0
present_v_absent	accept	GuideScan2	rejected_side	not_generated	TAAGGCTGCTGTAAAGTTGAGGG	1.0333
present_v_absent	accept	GuideScan2	rejected_side	not_generated	AAGGCTGCTGTAAAGTTGAGGGG	1.0
present_v_absent	accept	GuideScan2	rejected_side	not_generated	TGCTGTAAAGTTGAGGGGAGAGG	1.5417
present_v_absent	accept	GuideScan2	rejected_side	not_generated	CTTAGTGCTGTAGCTGCTGCAGG	2.0807
present_v_absent	accept	GuideScan2	rejected_side	not_generated	TTCTAGAGGGTTTTTCTCAGGGG	1.0
present_v_absent	accept	GuideScan2	rejected_side	not_generated	TTTCTAGAGGGTTTTTCTCAGGG	1.6364
present_v_absent	accept	GuideScan2	rejected_side	not_generated	TTTTCTAGAGGGTTTTTCTCAGG	1.6952
present_v_absent	accept	GuideScan2	rejected_side	not_generated	GGAACAGCTGTTTTTCTAGAGGG	1.0
present_v_absent	accept	GuideScan2	rejected_side	not_generated	AGGAACAGCTGTTTTTCTAGAGG	1.0
present_v_absent	accept	GuideScan2	rejected_side	not_generated	AAAACAGCTGTTCCTCTGTGTGG	1.8333
present_v_absent	accept	GuideScan2	rejected_side	not_generated	GAAAAAAACAAACCACACAGAGG	1.7397
present_v_absent	accept	GuideScan2	rejected_side	not_generated	TGTGTGGTTTGTTTTTTTCCTGG	3.7716
present_v_absent	accept	GuideScan2	rejected_side	not_generated	TGGCATGCACACTTGGAACCAGG	1.0
present_v_absent	accept	GuideScan2	rejected_side	not_generated	CTGGGGCTGGCATGCACACTTGG	1.7143
present_v_absent	accept	GuideScan2	rejected_side	not_generated	AAGGTGAGTGGAGCTGGGGCTGG	1.9662
present_v_absent	accept	GuideScan2	rejected_side	not_generated	GAAAAAGGTGAGTGGAGCTGGGG	1.0
present_v_absent	accept	GuideScan2	rejected_side	not_generated	GGAAAAAGGTGAGTGGAGCTGGG	2.1145
present_v_absent	accept	GuideScan2	rejected_side	not_generated	TGGAAAAAGGTGAGTGGAGCTGG	1.1442
present_v_absent	accept	GuideScan2	rejected_side	not_generated	AAAAGCTGGAAAAAGGTGAGTGG	1.9954
present_v_absent	accept	GuideScan2	rejected_side	not_generated	ACTCACCTTTTTCCAGCTTTTGG	2.1505
present_v_absent	accept	GuideScan2	rejected_side	not_generated	AGAGGCCAAAAGCTGGAAAAAGG	1.54
present_v_absent	accept	GuideScan2	rejected_side	not_generated	TTGTGGGGGACTGGGGAGCTGGG	2.7405
present_v_absent	accept	GuideScan2	rejected_side	not_generated	GTTGTGGGGGACTGGGGAGCTGG	1.9091
present_v_absent	accept	GuideScan2	rejected_side	not_generated	GGCTGGGTTGTGGGGGACTGGGG	1.0
present_v_absent	accept	GuideScan2	rejected_side	not_generated	GGGCTGGGTTGTGGGGGACTGGG	1.0
present_v_absent	accept	GuideScan2	rejected_side	not_generated	TGGGCTGGGTTGTGGGGGACTGG	1.3667
present_v_absent	accept	GuideScan2	rejected_side	not_generated	GGTTCTGGGCTGGGTTGTGGGGG	1.125
present_v_absent	accept	GuideScan2	rejected_side	not_generated	AGGTTCTGGGCTGGGTTGTGGGG	1.4142
present_v_absent	accept	GuideScan2	rejected_side	not_generated	TAGGTTCTGGGCTGGGTTGTGGG	1.6667
present_v_absent	accept	GuideScan2	rejected_side	not_generated	GTAGGTTCTGGGCTGGGTTGTGG	1.0
present_v_absent	accept	GuideScan2	rejected_side	not_generated	CTCTTTGTAGGTTCTGGGCTGGG	1.2625
present_v_absent	accept	GuideScan2	rejected_side	not_generated	GCTCTTTGTAGGTTCTGGGCTGG	1.0
present_v_absent	accept	GuideScan2	rejected_side	not_generated	TTCAGCTCTTTGTAGGTTCTGGG	1.5644
present_v_absent	accept	GuideScan2	rejected_side	not_generated	CTTCAGCTCTTTGTAGGTTCTGG	2.2132
present_v_absent	accept	GuideScan2	rejected_side	not_generated	GAACCTACAAAGAGCTGAAGAGG	1.0
present_v_absent	accept	GuideScan2	rejected_side	not_generated	GGGCCTCTTCAGCTCTTTGTAGG	1.0
present_v_absent	accept	GuideScan2	rejected_side	not_generated	ACAAAGAGCTGAAGAGGCCCTGG	1.0
present_v_absent	accept	GuideScan2	rejected_side	not_generated	CAAAGAGCTGAAGAGGCCCTGGG	1.0
present_v_absent	accept	GuideScan2	rejected_side	not_generated	GAGAGACGTCTCAGTACCCAGGG	1.0
present_v_absent	accept	GuideScan2	rejected_side	not_generated	GGAGAGACGTCTCAGTACCCAGG	1.0
present_v_absent	accept	GuideScan2	rejected_side	not_generated	ATTTTTCTGACTGTGAAGTAAGG	1.9792
present_v_absent	accept	GuideScan2	rejected_side	not_generated	TTACTTCACAGTCAGAAAAATGG	1.0167
present_v_absent	accept	GuideScan2	rejected_side	not_generated	CAGAAAAATGGACCCAGCGATGG	1.0
present_v_absent	accept	GuideScan2	rejected_side	not_generated	CGATGAGTTCAGGACGGCAGCGG	1.0
present_v_absent	accept	GuideScan2	rejected_side	not_generated	TGAGTTCAGGACGGCAGCGGTGG	1.0
present_v_absent	accept	GuideScan2	rejected_side	not_generated	TTCAGGACGGCAGCGGTGGAAGG	1.1531
present_v_absent	accept	GuideScan2	rejected_side	not_generated	GGAAGGCCCTTTTGTCACCTTGG	1.0
present_v_absent	accept	GuideScan2	rejected_side	not_generated	CCCTTTTGTCACCTTGGACATGG	1.32
present_v_absent	accept	GuideScan2	rejected_side	not_generated	TCCATGTCCAAGGTGACAAAAGG	1.0
present_v_absent	accept	GuideScan2	rejected_side	not_generated	ACCTTGGACATGGAAGACTGTGG	1.0
present_v_absent	accept	GuideScan2	rejected_side	not_generated	GCCACAGTCTTCCATGTCCAAGG	1.0
present_v_absent	accept	GuideScan2	rejected_side	not_generated	AGGGTTGACTCATCTGTCTGTGG	1.0
present_v_absent	accept	GuideScan2	rejected_side	not_generated	GACATAGGCTATGGTCATGAGGG	1.0
present_v_absent	accept	GuideScan2	rejected_side	not_generated	TGACATAGGCTATGGTCATGAGG	1.0
present_v_absent	accept	GuideScan2	rejected_side	not_generated	CATGACCATAGCCTATGTCATGG	1.3782
present_v_absent	accept	GuideScan2	rejected_side	not_generated	GGCAGCCATGACATAGGCTATGG	1.0
present_v_absent	accept	GuideScan2	rejected_side	not_generated	GCCTGGTCCCCACAGCCCACAGG	1.2591
present_v_absent	accept	GuideScan2	rejected_side	not_generated	TCCTGTGGGCTGTGGGGACCAGG	1.1629
present_v_absent	accept	GuideScan2	rejected_side	not_generated	GGTCCCCACAGCCCACAGGATGG	1.6654
present_v_absent	accept	GuideScan2	rejected_side	not_generated	GGTCCATCCTGTGGGCTGTGGGG	2.9117
present_v_absent	accept	GuideScan2	rejected_side	not_generated	TGGTCCATCCTGTGGGCTGTGGG	1.8403
present_v_absent	accept	GuideScan2	rejected_side	not_generated	TTGGTCCATCCTGTGGGCTGTGG	1.0
present_v_absent	accept	GuideScan2	rejected_side	not_generated	CAGCCCACAGGATGGACCAAAGG	1.0
present_v_absent	accept	GuideScan2	rejected_side	not_generated	AGCCCACAGGATGGACCAAAGGG	1.0
present_v_absent	accept	GuideScan2	rejected_side	not_generated	GCCCACAGGATGGACCAAAGGGG	1.0
present_v_absent	accept	GuideScan2	rejected_side	not_generated	CCCACAGGATGGACCAAAGGGGG	1.0
present_v_absent	accept	GuideScan2	rejected_side	not_generated	GCCCCCTTTGGTCCATCCTGTGG	1.0
present_v_absent	accept	GuideScan2	rejected_side	not_generated	CAGGATGGACCAAAGGGGGCAGG	1.4473
present_v_absent	accept	GuideScan2	rejected_side	not_generated	TCTGTCTGGAAGCCAGCGGGAGG	1.1357
present_v_absent	accept	GuideScan2	rejected_side	not_generated	AGGTCTGTCTGGAAGCCAGCGGG	1.0
present_v_absent	accept	GuideScan2	rejected_side	not_generated	CAGGTCTGTCTGGAAGCCAGCGG	1.0
present_v_absent	accept	GuideScan2	rejected_side	not_generated	CGCTGGCTTCCAGACAGACCTGG	1.0
present_v_absent	accept	GuideScan2	rejected_side	not_generated	GCTGGCTTCCAGACAGACCTGGG	1.0
present_v_absent	accept	GuideScan2	rejected_side	not_generated	TTCCAGACAGACCTGGGACTTGG	1.0
present_v_absent	accept	GuideScan2	rejected_side	not_generated	TGCCAAGTCCCAGGTCTGTCTGG	1.0
present_v_absent	accept	GuideScan2	rejected_side	not_generated	CGGCATGACTGCCAAGTCCCAGG	1.0
present_v_absent	accept	GuideScan2	rejected_side	not_generated	CTGGGACTTGGCAGTCATGCCGG	1.0
present_v_absent	accept	GuideScan2	rejected_side	not_generated	TGGGACTTGGCAGTCATGCCGGG	1.0
present_v_absent	accept	GuideScan2	rejected_side	not_generated	TTGGCAGTCATGCCGGGTGATGG	1.0
present_v_absent	accept	GuideScan2	rejected_side	not_generated	GCCGGGTGATGGTGTTCCTGCGG	1.0
present_v_absent	accept	GuideScan2	rejected_side	not_generated	TCCGCAGGAACACCATCACCCGG	1.0
present_v_absent	accept	GuideScan2	rejected_side	not_generated	GGACAACTGAGGGTCTCCGCAGG	1.0
present_v_absent	accept	GuideScan2	rejected_side	not_generated	GTAATATTTATAGAAACACTGGG	1.0
present_v_absent	accept	GuideScan2	rejected_side	not_generated	GGTAATATTTATAGAAACACTGG	1.3025
present_v_absent	accept	GuideScan2	rejected_side	not_generated	ATATTACCTTTCCTTATCTTTGG	1.0
present_v_absent	accept	GuideScan2	rejected_side	not_generated	ATATCTCCAAAGATAAGGAAAGG	1.0
present_v_absent	accept	GuideScan2	rejected_side	not_generated	TTTTAATATCTCCAAAGATAAGG	3.9077
present_v_absent	accept	GuideScan2	rejected_side	not_generated	GATATTAAAAATAATTTTGTTGG	7.4994
present_v_absent	accept	GuideScan2	rejected_side	not_generated	AAATGTCTTCAAAAAATGACAGG	1.0
present_v_absent	accept	GuideScan2	rejected_side	not_generated	AGACATTTTCTGATGTAATTTGG	1.1846
present_v_absent	accept	GuideScan2	rejected_side	not_generated	GACATTTTCTGATGTAATTTGGG	1.0
