cfd_cuts	class	group	guide	tool	truth	verdict
35.9431	multiple_v_single	rejected_side	CGCGGCGTCGTCGTCGTCGGCGG	kRISP-meR	reject	reject
2.2578	multiple_v_single	accepted	GCTCAACGTGCTCTACTCGCTGG	kRISP-meR	reject	accept
2.0	multiple_v_single	rejected_side	CGGGTCCAGCTTGCACTGCGTGG	kRISP-meR	reject	reject
2.0	multiple_v_single	rejected_side	AGGCGCAGGTCTGGACCGTCTGG	kRISP-meR	reject	reject
6.1026	multiple_v_single	rejected_side	GGAGGCGCGGGAGAAGGACTTGG	kRISP-meR	reject	reject
83.0484	multiple_v_single	rejected_side	CGCCGCCGGCGCCGGCGCCGTGG	kRISP-meR	reject	reject
8.8649	multiple_v_single	rejected_side	GCGGTGCGGGTGCGGGTGCGGGG	kRISP-meR	reject	reject
7.4791	multiple_v_single	rejected_side	CGGCGGTGCGGGTGCGGGTGCGG	kRISP-meR	reject	reject
2.0	multiple_v_single	rejected_side	AGTTGCATGGTTCCGCAATGAGG	kRISP-meR	reject	reject
2.0	multiple_v_single	rejected_side	CATGGTTCCGCAATGAGGCTTGG	kRISP-meR	reject	reject
2.0	multiple_v_single	rejected_side	ATGGTTCCGCAATGAGGCTTGGG	kRISP-meR	reject	reject
2.0	multiple_v_single	rejected_side	CAGGAACCCAAGCCTCATTGCGG	kRISP-meR	reject	reject
2.0	multiple_v_single	rejected_side	GCTACTGCCCTCAGTTATAAAGG	kRISP-meR	reject	reject
2.0	multiple_v_single	rejected_side	CCCTCAGTTATAAAGGCCTTCGG	kRISP-meR	reject	reject
2.0	multiple_v_single	rejected_side	CCTCAGTTATAAAGGCCTTCGGG	kRISP-meR	reject	reject
2.0	multiple_v_single	rejected_side	AGTTATAAAGGCCTTCGGGTTGG	kRISP-meR	reject	reject
2.0	multiple_v_single	rejected_side	TTTCAATAATTCCAACCCGAAGG	kRISP-meR	reject	reject
2.0	multiple_v_single	rejected_side	ATTGAAAGAAACATAATCAAAGG	kRISP-meR	reject	reject
2.0	multiple_v_single	rejected_side	TTGAAAGAAACATAATCAAAGGG	kRISP-meR	reject	reject
2.0	multiple_v_single	rejected_side	GATTATCGCTGAGGAGGACTTGG	kRISP-meR	reject	reject
12.811	multiple_v_single	rejected_side	ATTGACATGTATGCAAAATGTGG	kRISP-meR	reject	reject
2.9412	multiple_v_single	accepted	GCCGCGCGGTGCGGCGCCGACGG	kRISP-meR	reject	accept
3.4891	multiple_v_single	accepted	GCCGTCGGCGCCGCACCGCGCGG	kRISP-meR	reject	accept
2.0	multiple_v_single	rejected_side	GGGAGATGCCTTCGACTCACGGG	kRISP-meR	reject	reject
2.0	multiple_v_single	rejected_side	CGGGAGATGCCTTCGACTCACGG	kRISP-meR	reject	reject
417.0493	multiple_v_single	rejected_side	GGCGGCGGCAGAGGAGGAGGCGG	kRISP-meR	reject	not_generated
3.0819	multiple_v_single	rejected_side	GGAGGCGACGCCGTCTCGACTGG	kRISP-meR	reject	reject
9.7614	multiple_v_single	rejected_side	TGGCTGCGGAGGGGGCGAGGAGG	kRISP-meR	reject	reject
6.0	multiple_v_single	rejected_side	ATCTGGCTGCGGAGGGGGCGAGG	kRISP-meR	reject	reject
5.8667	multiple_v_single	rejected_side	TGTCAATCTGGCTGCGGAGGGGG	kRISP-meR	reject	reject
5.875	multiple_v_single	rejected_side	GTGTCAATCTGGCTGCGGAGGGG	kRISP-meR	reject	reject
5.8	multiple_v_single	rejected_side	GGTGTCAATCTGGCTGCGGAGGG	kRISP-meR	reject	reject
5.7286	multiple_v_single	rejected_side	CGGTGTCAATCTGGCTGCGGAGG	kRISP-meR	reject	reject
5.52	multiple_v_single	rejected_side	GCGCGGTGTCAATCTGGCTGCGG	kRISP-meR	reject	reject
2.4286	multiple_v_single	rejected_side	TCTTCACGTAGATCACGTACCGG	kRISP-meR	reject	reject
2.6066	multiple_v_single	rejected_side	GTACGTGATCTACGTGAAGAAGG	kRISP-meR	reject	reject
2.3061	multiple_v_single	rejected_side	TACGTGATCTACGTGAAGAAGGG	kRISP-meR	reject	reject
238.1921	multiple_v_single	rejected_side	GGCGGAGGAGGAGGCGGTGGCGG	kRISP-meR	reject	not_generated
5.3566	multiple_v_single	rejected_side	CGTAGAACCCGAAGCCGGTGAGG	kRISP-meR	reject	reject
4.938	multiple_v_single	rejected_side	GGGCTCGTAGAACCCGAAGCCGG	kRISP-meR	reject	reject
7.1504	multiple_v_single	rejected_side	TCGGGTTCTACGAGCCCTTCTGG	kRISP-meR	reject	reject
2.0	multiple_v_single	rejected_side	GTTCGCGCCTTTGTAGGCGCTGG	kRISP-meR	reject	reject
2.0	multiple_v_single	rejected_side	CGCGCCTTTGTAGGCGCTGGCGG	kRISP-meR	reject	reject
2.0	multiple_v_single	rejected_side	GGACTGATTGTTGACGCCTGAGG	kRISP-meR	reject	reject
2.0	multiple_v_single	rejected_side	CGCCTGAGGATTATGCTTCAAGG	kRISP-meR	reject	reject
2.0	multiple_v_single	rejected_side	AACCTTGAAGCATAATCCTCAGG	kRISP-meR	reject	reject
173.7692	multiple_v_single	rejected_side	CGCCGCCGCCGCCGCCGGGGCGG	kRISP-meR	reject	not_generated
14.0492	multiple_v_single	rejected_side	AGAGGAGGCGGGTGGCGGCGGGG	kRISP-meR	reject	reject
11.991	multiple_v_single	rejected_side	GAGAGGAGGCGGGTGGCGGCGGG	kRISP-meR	reject	reject
13.2395	multiple_v_single	rejected_side	GGAGAGGAGGCGGGTGGCGGCGG	kRISP-meR	reject	reject
4.5728	multiple_v_single	rejected_side	CCCGCCTCCTCTCCCGCACCTGG	kRISP-meR	reject	reject
3.8112	multiple_v_single	rejected_side	GCCAGGTGCGGGAGAGGAGGCGG	kRISP-meR	reject	reject
2.4242	multiple_v_single	accepted	AGATCCGGCGATGGCCGACGCGG	kRISP-meR	reject	accept
2.2795	multiple_v_single	accepted	GGATCCGCGTCGGCCATCGCCGG	kRISP-meR	reject	accept
2.5769	multiple_v_single	rejected_side	GGCGATGGCCGACGCGGATCCGG	kRISP-meR	reject	reject
3.5788	multiple_v_single	rejected_side	GGGCATCACCGGATCCGCGTCGG	kRISP-meR	reject	reject
5.3529	multiple_v_single	rejected_side	TCTGCGACCTCGGGCATCACCGG	kRISP-meR	reject	reject
2.303	multiple_v_single	rejected_side	AGCGGCACGTACCATAGAACAGG	kRISP-meR	reject	reject
2.0	multiple_v_single	rejected_side	TCTGCGGTTGAGTCTGATGAAGG	kRISP-meR	reject	reject
2.0	multiple_v_single	rejected_side	GAATATGTTGCGGCACTTTGTGG	kRISP-meR	reject	reject
2.0	multiple_v_single	rejected_side	AGTGCCGCAACATATTCTTGAGG	kRISP-meR	reject	reject
2.0	multiple_v_single	rejected_side	TCAACCTCAAGAATATGTTGCGG	kRISP-meR	reject	reject
3.0346	multiple_v_single	rejected_side	AACATATTCTTGAGGTTGATAGG	kRISP-meR	reject	reject
2.0	multiple_v_single	rejected_side	GAGCCAATAATTCTATCAATCGG	kRISP-meR	reject	reject
2.0	multiple_v_single	rejected_side	GGGCCGATTGATAGAATTATTGG	kRISP-meR	reject	reject
2.619	multiple_v_single	rejected_side	TCAATCGGCCCATATCACCATGG	kRISP-meR	reject	reject
2.7	multiple_v_single	rejected_side	TAGGAGCTCCATGGTGATATGGG	kRISP-meR	reject	reject
2.0	multiple_v_single	rejected_side	TTAGGAGCTCCATGGTGATATGG	kRISP-meR	reject	reject
5.9769	multiple_v_single	rejected_side	ATTATCTCCAAGAAGCTGAATGG	kRISP-meR	reject	reject
4.1856	multiple_v_single	rejected_side	CCGGCGGTTCTTGGCGGCGGCGG	kRISP-meR	reject	reject
5.1349	multiple_v_single	rejected_side	CGGCGGCGGCGGGTTCTTGGCGG	kRISP-meR	reject	reject
2.0	multiple_v_single	rejected_side	GACGAGAAGAATCGTCAAGAGGG	kRISP-meR	reject	reject
2.0	multiple_v_single	rejected_side	CGACGAGAAGAATCGTCAAGAGG	kRISP-meR	reject	reject
3.6917	multiple_v_single	rejected_side	TGCGTGCACTGGTGCCTGCCTGG	kRISP-meR	reject	reject
2.0	multiple_v_single	rejected_side	ACACGTCGATGGGTCCAGGCAGG	kRISP-meR	reject	reject
2.0	multiple_v_single	rejected_side	TGCCTGGACCCATCGACGTGTGG	kRISP-meR	reject	reject
2.5	multiple_v_single	rejected_side	GGTGATGAAGCAGCAGCATCTGG	kRISP-meR	reject	reject
2.0	multiple_v_single	rejected_side	CTGCTGCTTCATCACCGATCAGG	kRISP-meR	reject	reject
2.0	multiple_v_single	rejected_side	CAACCAAATGCTGGTGCTTCAGG	kRISP-meR	reject	reject
2.0	multiple_v_single	rejected_side	AACCAAATGCTGGTGCTTCAGGG	kRISP-meR	reject	reject
2.0	multiple_v_single	rejected_side	ACCAAATGCTGGTGCTTCAGGGG	kRISP-meR	reject	reject
2.0	multiple_v_single	rejected_side	TCCCCTGAAGCACCAGCATTTGG	kRISP-meR	reject	reject
2.0	multiple_v_single	rejected_side	GGTGCTTCAGGGGAGTATGCCGG	kRISP-meR	reject	reject
2.8	multiple_v_single	rejected_side	CGCCTTTCCTGTACTTGTACAGG	kRISP-meR	reject	reject
2.2759	multiple_v_single	rejected_side	GTACAAGTACAGGAAAGGCGAGG	kRISP-meR	reject	reject
2.6667	multiple_v_single	rejected_side	CAAGTACAGGAAAGGCGAGGAGG	kRISP-meR	reject	reject
2.0	multiple_v_single	rejected_side	ACAGGAAAGGCGAGGAGGTGAGG	kRISP-meR	reject	reject
2.2857	multiple_v_single	rejected_side	GAGGGAGGGTCGCCGGAGAATGG	kRISP-meR	reject	reject
2.7895	multiple_v_single	rejected_side	AGGGAGGGTCGCCGGAGAATGGG	kRISP-meR	reject	reject
2.9775	multiple_v_single	rejected_side	ACGCCGAGAGGCGGAGCGACCGG	kRISP-meR	reject	reject
2.0	multiple_v_single	rejected_side	CGTGTCATGGCAGAATGACACGG	kRISP-meR	reject	reject
2.6364	multiple_v_single	rejected_side	CGTGTCATTCTGCCATGACACGG	kRISP-meR	reject	reject
2.0	multiple_v_single	rejected_side	CATTCTGCCATGACACGGCGAGG	kRISP-meR	reject	reject
2.3077	multiple_v_single	rejected_side	ACGGTGGCCTCGCCGTGTCATGG	kRISP-meR	reject	reject
341.9721	multiple_v_single	rejected_side	CGCCGCGGCGGCGGCGGCTGCGG	kRISP-meR	reject	not_generated
384.1701	multiple_v_single	rejected_side	GGCGGCTGCGGCGGCGGAGGAGG	kRISP-meR	reject	not_generated
149.2563	multiple_v_single	rejected_side	GTCGTCTTCGTCGGCGGCGGCGG	kRISP-meR	reject	reject
57.1238	multiple_v_single	rejected_side	ATCGTCGTCTTCGTCGGCGGCGG	kRISP-meR	reject	reject
5.5299	multiple_v_single	rejected_side	TTCATCGTCGTCTTCGTCGGCGG	kRISP-meR	reject	reject
3.9048	multiple_v_single	rejected_side	GCCGACGAAGACGACGATGAAGG	kRISP-meR	reject	reject
3.1788	multiple_v_single	rejected_side	ACCTTCATCGTCGTCTTCGTCGG	kRISP-meR	reject	reject
4.0	multiple_v_single	rejected_side	TTTGAAGAACGCCATGGCCATGG	kRISP-meR	reject	reject
4.0	multiple_v_single	rejected_side	ATGGCCATGGCGTTCTTCAAAGG	kRISP-meR	reject	reject
3.6587	multiple_v_single	rejected_side	AATATTCCATTGACTTGTATAGG	kRISP-meR	reject	reject
2.0	multiple_v_single	rejected_side	GCGGTGCTCTGCTCCGGTCTTGG	kRISP-meR	reject	reject
2.0	multiple_v_single	rejected_side	ATCTGTATTGCATCTTGTGATGG	kRISP-meR	reject	reject
3.4808	multiple_v_single	rejected_side	AACACTGTTGCTGCATGACTTGG	kRISP-meR	reject	reject
3.4808	multiple_v_single	rejected_side	AACAGTGTTGCCAACAGCTCAGG	kRISP-meR	reject	reject
49.9675	multiple_v_single	rejected_side	AGGGGAGGAGGCGGCGGAGGAGG	kRISP-meR	reject	reject
2.0	multiple_v_single	rejected_side	GACTTATGCACCGACAACTTTGG	kRISP-meR	reject	reject
2.0	multiple_v_single	rejected_side	TTATGCACCGACAACTTTGGCGG	kRISP-meR	reject	reject
3.407	multiple_v_single	rejected_side	GGCGGCGGCGGTTTCCTCCGCGG	kRISP-meR	reject	reject
8.7431	multiple_v_single	rejected_side	GGCGAGGGCGGCGTCGCCGCCGG	kRISP-meR	reject	reject
3.3759	multiple_v_single	rejected_side	AGTTGCAACTGCGGTTCCTGCGG	kRISP-meR	reject	reject
4.9216	multiple_v_single	rejected_side	AAACCGGCCCTCGATGACAAAGG	kRISP-meR	reject	reject
2.8961	multiple_v_single	rejected_side	CTACCTTTGTCATCGAGGGCCGG	kRISP-meR	reject	reject
2.9821	multiple_v_single	rejected_side	CAGCCTGTTCAAGACGGTGACGG	kRISP-meR	reject	reject
2.0	multiple_v_single	accepted	CCCTCGTCACTTCCTTCTCCTGG	kRISP-meR	reject	accept
2.0	multiple_v_single	accepted	TCCAGGAGAAGGAAGTGACGAGG	kRISP-meR	reject	accept
5.1457	multiple_v_single	rejected_side	GCGGCGTGACCGCGCGAGGGAGG	kRISP-meR	reject	reject
4.6275	multiple_v_single	rejected_side	CGTGCGGCGTGACCGCGCGAGGG	kRISP-meR	reject	reject
4.0	multiple_v_single	rejected_side	TCGTGCGGCGTGACCGCGCGAGG	kRISP-meR	reject	reject
3.2575	multiple_v_single	rejected_side	AACAACCTCTTAAAGAACCGCGG	kRISP-meR	reject	reject
27.7716	multiple_v_single	rejected_side	TGGTGGGGGAGGGGAGGGGAGGG	kRISP-meR	reject	reject
2.0	multiple_v_single	rejected_side	GAAAGGTGACAAAGATGGAGGGG	kRISP-meR	reject	reject
2.0	multiple_v_single	rejected_side	GACAAAGATGGAGGGGATGATGG	kRISP-meR	reject	reject
9.4205	multiple_v_single	rejected_side	TGGGTCGGTGGCGGAGAAGACGG	kRISP-meR	reject	reject
4.8242	multiple_v_single	rejected_side	GCAACTCGTCTTTCCGCTACTGG	kRISP-meR	reject	reject
5.0857	multiple_v_single	rejected_side	CGTCTTTCCGCTACTGGCGATGG	kRISP-meR	reject	reject
2.0	multiple_v_single	rejected_side	ACTTGAGGTGCCTGCTGCTGAGG	kRISP-meR	reject	reject
2.0	multiple_v_single	rejected_side	GAGGTGCCTGCTGCTGAGGATGG	kRISP-meR	reject	reject
2.0	multiple_v_single	rejected_side	AGGTGCCTGCTGCTGAGGATGGG	kRISP-meR	reject	reject
2.0	multiple_v_single	rejected_side	CGGCGTCGCGAGGTCAGCGTTGG	kRISP-meR	reject	reject
35.9431	multiple_v_single	rejected_side	CGCGGCGTCGTCGTCGTCGGCGG	CRISPOR	reject	reject
2.2578	multiple_v_single	accepted	GCTCAACGTGCTCTACTCGCTGG	CRISPOR	reject	accept
2.0	multiple_v_single	accepted	CGGGTCCAGCTTGCACTGCGTGG	CRISPOR	reject	accept
2.0	multiple_v_single	accepted	AGGCGCAGGTCTGGACCGTCTGG	CRISPOR	reject	accept
6.1026	multiple_v_single	rejected_side	GGAGGCGCGGGAGAAGGACTTGG	CRISPOR	reject	reject
83.0484	multiple_v_single	rejected_side	CGCCGCCGGCGCCGGCGCCGTGG	CRISPOR	reject	reject
8.8649	multiple_v_single	rejected_side	GCGGTGCGGGTGCGGGTGCGGGG	CRISPOR	reject	reject
7.4791	multiple_v_single	rejected_side	CGGCGGTGCGGGTGCGGGTGCGG	CRISPOR	reject	reject
2.0	multiple_v_single	accepted	AGTTGCATGGTTCCGCAATGAGG	CRISPOR	reject	accept
2.0	multiple_v_single	accepted	CATGGTTCCGCAATGAGGCTTGG	CRISPOR	reject	accept
2.0	multiple_v_single	accepted	ATGGTTCCGCAATGAGGCTTGGG	CRISPOR	reject	accept
2.0	multiple_v_single	accepted	CAGGAACCCAAGCCTCATTGCGG	CRISPOR	reject	accept
2.0	multiple_v_single	accepted	GCTACTGCCCTCAGTTATAAAGG	CRISPOR	reject	accept
2.0	multiple_v_single	accepted	CCCTCAGTTATAAAGGCCTTCGG	CRISPOR	reject	accept
2.0	multiple_v_single	accepted	CCTCAGTTATAAAGGCCTTCGGG	CRISPOR	reject	accept
2.0	multiple_v_single	accepted	AGTTATAAAGGCCTTCGGGTTGG	CRISPOR	reject	accept
2.0	multiple_v_single	accepted	TTTCAATAATTCCAACCCGAAGG	CRISPOR	reject	accept
2.0	multiple_v_single	accepted	ATTGAAAGAAACATAATCAAAGG	CRISPOR	reject	accept
2.0	multiple_v_single	accepted	TTGAAAGAAACATAATCAAAGGG	CRISPOR	reject	accept
2.0	multiple_v_single	rejected_side	GATTATCGCTGAGGAGGACTTGG	CRISPOR	reject	reject
12.811	multiple_v_single	rejected_side	ATTGACATGTATGCAAAATGTGG	CRISPOR	reject	reject
2.9412	multiple_v_single	rejected_side	GCCGCGCGGTGCGGCGCCGACGG	CRISPOR	reject	reject
3.4891	multiple_v_single	rejected_side	GCCGTCGGCGCCGCACCGCGCGG	CRISPOR	reject	reject
2.0	multiple_v_single	rejected_side	GGGAGATGCCTTCGACTCACGGG	CRISPOR	reject	reject
2.0	multiple_v_single	accepted	CGGGAGATGCCTTCGACTCACGG	CRISPOR	reject	accept
417.0493	multiple_v_single	rejected_side	GGCGGCGGCAGAGGAGGAGGCGG	CRISPOR	reject	reject
3.0819	multiple_v_single	rejected_side	GGAGGCGACGCCGTCTCGACTGG	CRISPOR	reject	reject
9.7614	multiple_v_single	rejected_side	TGGCTGCGGAGGGGGCGAGGAGG	CRISPOR	reject	reject
6.0	multiple_v_single	rejected_side	ATCTGGCTGCGGAGGGGGCGAGG	CRISPOR	reject	reject
5.8667	multiple_v_single	rejected_side	TGTCAATCTGGCTGCGGAGGGGG	CRISPOR	reject	reject
5.875	multiple_v_single	accepted	GTGTCAATCTGGCTGCGGAGGGG	CRISPOR	reject	accept
5.8	multiple_v_single	accepted	GGTGTCAATCTGGCTGCGGAGGG	CRISPOR	reject	accept
5.7286	multiple_v_single	accepted	CGGTGTCAATCTGGCTGCGGAGG	CRISPOR	reject	accept
5.52	multiple_v_single	rejected_side	GCGCGGTGTCAATCTGGCTGCGG	CRISPOR	reject	reject
2.4286	multiple_v_single	rejected_side	TCTTCACGTAGATCACGTACCGG	CRISPOR	reject	reject
2.6066	multiple_v_single	accepted	GTACGTGATCTACGTGAAGAAGG	CRISPOR	reject	accept
2.3061	multiple_v_single	accepted	TACGTGATCTACGTGAAGAAGGG	CRISPOR	reject	accept
238.1921	multiple_v_single	rejected_side	GGCGGAGGAGGAGGCGGTGGCGG	CRISPOR	reject	reject
5.3566	multiple_v_single	rejected_side	CGTAGAACCCGAAGCCGGTGAGG	CRISPOR	reject	reject
4.938	multiple_v_single	rejected_side	GGGCTCGTAGAACCCGAAGCCGG	CRISPOR	reject	reject
7.1504	multiple_v_single	rejected_side	TCGGGTTCTACGAGCCCTTCTGG	CRISPOR	reject	reject
2.0	multiple_v_single	accepted	GTTCGCGCCTTTGTAGGCGCTGG	CRISPOR	reject	accept
2.0	multiple_v_single	accepted	CGCGCCTTTGTAGGCGCTGGCGG	CRISPOR	reject	accept
2.0	multiple_v_single	accepted	GGACTGATTGTTGACGCCTGAGG	CRISPOR	reject	accept
2.0	multiple_v_single	accepted	CGCCTGAGGATTATGCTTCAAGG	CRISPOR	reject	accept
2.0	multiple_v_single	accepted	AACCTTGAAGCATAATCCTCAGG	CRISPOR	reject	accept
173.7692	multiple_v_single	rejected_side	CGCCGCCGCCGCCGCCGGGGCGG	CRISPOR	reject	reject
14.0492	multiple_v_single	rejected_side	AGAGGAGGCGGGTGGCGGCGGGG	CRISPOR	reject	reject
11.991	multiple_v_single	rejected_side	GAGAGGAGGCGGGTGGCGGCGGG	CRISPOR	reject	reject
13.2395	multiple_v_single	rejected_side	GGAGAGGAGGCGGGTGGCGGCGG	CRISPOR	reject	reject
4.5728	multiple_v_single	rejected_side	CCCGCCTCCTCTCCCGCACCTGG	CRISPOR	reject	reject
3.8112	multiple_v_single	rejected_side	GCCAGGTGCGGGAGAGGAGGCGG	CRISPOR	reject	reject
2.4242	multiple_v_single	accepted	AGATCCGGCGATGGCCGACGCGG	CRISPOR	reject	accept
2.2795	multiple_v_single	accepted	GGATCCGCGTCGGCCATCGCCGG	CRISPOR	reject	accept
2.5769	multiple_v_single	accepted	GGCGATGGCCGACGCGGATCCGG	CRISPOR	reject	accept
3.5788	multiple_v_single	rejected_side	GGGCATCACCGGATCCGCGTCGG	CRISPOR	reject	reject
5.3529	multiple_v_single	rejected_side	TCTGCGACCTCGGGCATCACCGG	CRISPOR	reject	reject
2.303	multiple_v_single	accepted	AGCGGCACGTACCATAGAACAGG	CRISPOR	reject	accept
2.0	multiple_v_single	accepted	TCTGCGGTTGAGTCTGATGAAGG	CRISPOR	reject	accept
2.0	multiple_v_single	accepted	GAATATGTTGCGGCACTTTGTGG	CRISPOR	reject	accept
2.0	multiple_v_single	accepted	AGTGCCGCAACATATTCTTGAGG	CRISPOR	reject	accept
2.0	multiple_v_single	accepted	TCAACCTCAAGAATATGTTGCGG	CRISPOR	reject	accept
3.0346	multiple_v_single	accepted	AACATATTCTTGAGGTTGATAGG	CRISPOR	reject	accept
2.0	multiple_v_single	accepted	GAGCCAATAATTCTATCAATCGG	CRISPOR	reject	accept
2.0	multiple_v_single	accepted	GGGCCGATTGATAGAATTATTGG	CRISPOR	reject	accept
2.619	multiple_v_single	accepted	TCAATCGGCCCATATCACCATGG	CRISPOR	reject	accept
2.7	multiple_v_single	accepted	TAGGAGCTCCATGGTGATATGGG	CRISPOR	reject	accept
2.0	multiple_v_single	accepted	TTAGGAGCTCCATGGTGATATGG	CRISPOR	reject	accept
5.9769	multiple_v_single	rejected_side	ATTATCTCCAAGAAGCTGAATGG	CRISPOR	reject	reject
4.1856	multiple_v_single	rejected_side	CCGGCGGTTCTTGGCGGCGGCGG	CRISPOR	reject	reject
5.1349	multiple_v_single	rejected_side	CGGCGGCGGCGGGTTCTTGGCGG	CRISPOR	reject	reject
2.0	multiple_v_single	accepted	GACGAGAAGAATCGTCAAGAGGG	CRISPOR	reject	accept
2.0	multiple_v_single	accepted	CGACGAGAAGAATCGTCAAGAGG	CRISPOR	reject	accept
3.6917	multiple_v_single	rejected_side	TGCGTGCACTGGTGCCTGCCTGG	CRISPOR	reject	reject
2.0	multiple_v_single	accepted	ACACGTCGATGGGTCCAGGCAGG	CRISPOR	reject	accept
2.0	multiple_v_single	rejected_side	TGCCTGGACCCATCGACGTGTGG	CRISPOR	reject	reject
2.5	multiple_v_single	accepted	GGTGATGAAGCAGCAGCATCTGG	CRISPOR	reject	accept
2.0	multiple_v_single	accepted	CTGCTGCTTCATCACCGATCAGG	CRISPOR	reject	accept
2.0	multiple_v_single	accepted	CAACCAAATGCTGGTGCTTCAGG	CRISPOR	reject	accept
2.0	multiple_v_single	accepted	AACCAAATGCTGGTGCTTCAGGG	CRISPOR	reject	accept
2.0	multiple_v_single	accepted	ACCAAATGCTGGTGCTTCAGGGG	CRISPOR	reject	accept
2.0	multiple_v_single	accepted	TCCCCTGAAGCACCAGCATTTGG	CRISPOR	reject	accept
2.0	multiple_v_single	accepted	GGTGCTTCAGGGGAGTATGCCGG	CRISPOR	reject	accept
2.8	multiple_v_single	rejected_side	CGCCTTTCCTGTACTTGTACAGG	CRISPOR	reject	reject
2.2759	multiple_v_single	accepted	GTACAAGTACAGGAAAGGCGAGG	CRISPOR	reject	accept
2.6667	multiple_v_single	accepted	CAAGTACAGGAAAGGCGAGGAGG	CRISPOR	reject	accept
2.0	multiple_v_single	rejected_side	ACAGGAAAGGCGAGGAGGTGAGG	CRISPOR	reject	reject
2.2857	multiple_v_single	rejected_side	GAGGGAGGGTCGCCGGAGAATGG	CRISPOR	reject	reject
2.7895	multiple_v_single	rejected_side	AGGGAGGGTCGCCGGAGAATGGG	CRISPOR	reject	reject
2.9775	multiple_v_single	rejected_side	ACGCCGAGAGGCGGAGCGACCGG	CRISPOR	reject	reject
2.0	multiple_v_single	accepted	CGTGTCATGGCAGAATGACACGG	CRISPOR	reject	accept
2.6364	multiple_v_single	rejected_side	CGTGTCATTCTGCCATGACACGG	CRISPOR	reject	reject
2.0	multiple_v_single	rejected_side	CATTCTGCCATGACACGGCGAGG	CRISPOR	reject	reject
2.3077	multiple_v_single	rejected_side	ACGGTGGCCTCGCCGTGTCATGG	CRISPOR	reject	reject
341.9721	multiple_v_single	rejected_side	CGCCGCGGCGGCGGCGGCTGCGG	CRISPOR	reject	reject
384.1701	multiple_v_single	rejected_side	GGCGGCTGCGGCGGCGGAGGAGG	CRISPOR	reject	reject
149.2563	multiple_v_single	rejected_side	GTCGTCTTCGTCGGCGGCGGCGG	CRISPOR	reject	reject
57.1238	multiple_v_single	rejected_side	ATCGTCGTCTTCGTCGGCGGCGG	CRISPOR	reject	reject
5.5299	multiple_v_single	rejected_side	TTCATCGTCGTCTTCGTCGGCGG	CRISPOR	reject	reject
3.9048	multiple_v_single	rejected_side	GCCGACGAAGACGACGATGAAGG	CRISPOR	reject	reject
3.1788	multiple_v_single	accepted	ACCTTCATCGTCGTCTTCGTCGG	CRISPOR	reject	accept
4.0	multiple_v_single	rejected_side	TTTGAAGAACGCCATGGCCATGG	CRISPOR	reject	reject
4.0	multiple_v_single	rejected_side	ATGGCCATGGCGTTCTTCAAAGG	CRISPOR	reject	reject
3.6587	multiple_v_single	rejected_side	AATATTCCATTGACTTGTATAGG	CRISPOR	reject	reject
2.0	multiple_v_single	accepted	GCGGTGCTCTGCTCCGGTCTTGG	CRISPOR	reject	accept
2.0	multiple_v_single	accepted	ATCTGTATTGCATCTTGTGATGG	CRISPOR	reject	accept
3.4808	multiple_v_single	rejected_side	AACACTGTTGCTGCATGACTTGG	CRISPOR	reject	reject
3.4808	multiple_v_single	rejected_side	AACAGTGTTGCCAACAGCTCAGG	CRISPOR	reject	reject
49.9675	multiple_v_single	rejected_side	AGGGGAGGAGGCGGCGGAGGAGG	CRISPOR	reject	reject
2.0	multiple_v_single	rejected_side	GACTTATGCACCGACAACTTTGG	CRISPOR	reject	reject
2.0	multiple_v_single	rejected_side	TTATGCACCGACAACTTTGGCGG	CRISPOR	reject	reject
3.407	multiple_v_single	rejected_side	GGCGGCGGCGGTTTCCTCCGCGG	CRISPOR	reject	reject
8.7431	multiple_v_single	rejected_side	GGCGAGGGCGGCGTCGCCGCCGG	CRISPOR	reject	reject
3.3759	multiple_v_single	rejected_side	AGTTGCAACTGCGGTTCCTGCGG	CRISPOR	reject	reject
4.9216	multiple_v_single	rejected_side	AAACCGGCCCTCGATGACAAAGG	CRISPOR	reject	reject
2.8961	multiple_v_single	accepted	CTACCTTTGTCATCGAGGGCCGG	CRISPOR	reject	accept
2.9821	multiple_v_single	rejected_side	CAGCCTGTTCAAGACGGTGACGG	CRISPOR	reject	reject
2.0	multiple_v_single	accepted	CCCTCGTCACTTCCTTCTCCTGG	CRISPOR	reject	accept
2.0	multiple_v_single	accepted	TCCAGGAGAAGGAAGTGACGAGG	CRISPOR	reject	accept
5.1457	multiple_v_single	rejected_side	GCGGCGTGACCGCGCGAGGGAGG	CRISPOR	reject	reject
4.6275	multiple_v_single	accepted	CGTGCGGCGTGACCGCGCGAGGG	CRISPOR	reject	accept
4.0	multiple_v_single	accepted	TCGTGCGGCGTGACCGCGCGAGG	CRISPOR	reject	accept
3.2575	multiple_v_single	rejected_side	AACAACCTCTTAAAGAACCGCGG	CRISPOR	reject	reject
27.7716	multiple_v_single	rejected_side	TGGTGGGGGAGGGGAGGGGAGGG	CRISPOR	reject	reject
2.0	multiple_v_single	accepted	GAAAGGTGACAAAGATGGAGGGG	CRISPOR	reject	accept
2.0	multiple_v_single	accepted	GACAAAGATGGAGGGGATGATGG	CRISPOR	reject	accept
9.4205	multiple_v_single	rejected_side	TGGGTCGGTGGCGGAGAAGACGG	CRISPOR	reject	reject
4.8242	multiple_v_single	rejected_side	GCAACTCGTCTTTCCGCTACTGG	CRISPOR	reject	reject
5.0857	multiple_v_single	rejected_side	CGTCTTTCCGCTACTGGCGATGG	CRISPOR	reject	reject
2.0	multiple_v_single	accepted	ACTTGAGGTGCCTGCTGCTGAGG	CRISPOR	reject	accept
2.0	multiple_v_single	rejected_side	GAGGTGCCTGCTGCTGAGGATGG	CRISPOR	reject	reject
2.0	multiple_v_single	rejected_side	AGGTGCCTGCTGCTGAGGATGGG	CRISPOR	reject	reject
2.0	multiple_v_single	accepted	CGGCGTCGCGAGGTCAGCGTTGG	CRISPOR	reject	accept
35.9431	multiple_v_single	rejected_side	CGCGGCGTCGTCGTCGTCGGCGG	GuideScan2	reject	reject
2.2578	multiple_v_single	accepted	GCTCAACGTGCTCTACTCGCTGG	GuideScan2	reject	accept
2.0	multiple_v_single	accepted	CGGGTCCAGCTTGCACTGCGTGG	GuideScan2	reject	accept
2.0	multiple_v_single	accepted	AGGCGCAGGTCTGGACCGTCTGG	GuideScan2	reject	accept
6.1026	multiple_v_single	rejected_side	GGAGGCGCGGGAGAAGGACTTGG	GuideScan2	reject	reject
83.0484	multiple_v_single	rejected_side	CGCCGCCGGCGCCGGCGCCGTGG	GuideScan2	reject	reject
8.8649	multiple_v_single	accepted	GCGGTGCGGGTGCGGGTGCGGGG	GuideScan2	reject	accept
7.4791	multiple_v_single	rejected_side	CGGCGGTGCGGGTGCGGGTGCGG	GuideScan2	reject	reject
2.0	multiple_v_single	accepted	AGTTGCATGGTTCCGCAATGAGG	GuideScan2	reject	accept
2.0	multiple_v_single	accepted	CATGGTTCCGCAATGAGGCTTGG	GuideScan2	reject	accept
2.0	multiple_v_single	accepted	ATGGTTCCGCAATGAGGCTTGGG	GuideScan2	reject	accept
2.0	multiple_v_single	accepted	CAGGAACCCAAGCCTCATTGCGG	GuideScan2	reject	accept
2.0	multiple_v_single	accepted	GCTACTGCCCTCAGTTATAAAGG	GuideScan2	reject	accept
2.0	multiple_v_single	accepted	CCCTCAGTTATAAAGGCCTTCGG	GuideScan2	reject	accept
2.0	multiple_v_single	accepted	CCTCAGTTATAAAGGCCTTCGGG	GuideScan2	reject	accept
2.0	multiple_v_single	accepted	AGTTATAAAGGCCTTCGGGTTGG	GuideScan2	reject	accept
2.0	multiple_v_single	accepted	TTTCAATAATTCCAACCCGAAGG	GuideScan2	reject	accept
2.0	multiple_v_single	accepted	ATTGAAAGAAACATAATCAAAGG	GuideScan2	reject	accept
2.0	multiple_v_single	accepted	TTGAAAGAAACATAATCAAAGGG	GuideScan2	reject	accept
2.0	multiple_v_single	accepted	GATTATCGCTGAGGAGGACTTGG	GuideScan2	reject	accept
12.811	multiple_v_single	rejected_side	ATTGACATGTATGCAAAATGTGG	GuideScan2	reject	reject
2.9412	multiple_v_single	accepted	GCCGCGCGGTGCGGCGCCGACGG	GuideScan2	reject	accept
3.4891	multiple_v_single	accepted	GCCGTCGGCGCCGCACCGCGCGG	GuideScan2	reject	accept
2.0	multiple_v_single	accepted	GGGAGATGCCTTCGACTCACGGG	GuideScan2	reject	accept
2.0	multiple_v_single	accepted	CGGGAGATGCCTTCGACTCACGG	GuideScan2	reject	accept
417.0493	multiple_v_single	rejected_side	GGCGGCGGCAGAGGAGGAGGCGG	GuideScan2	reject	reject
3.0819	multiple_v_single	accepted	GGAGGCGACGCCGTCTCGACTGG	GuideScan2	reject	accept
9.7614	multiple_v_single	rejected_side	TGGCTGCGGAGGGGGCGAGGAGG	GuideScan2	reject	reject
6.0	multiple_v_single	accepted	ATCTGGCTGCGGAGGGGGCGAGG	GuideScan2	reject	accept
5.8667	multiple_v_single	accepted	TGTCAATCTGGCTGCGGAGGGGG	GuideScan2	reject	accept
5.875	multiple_v_single	accepted	GTGTCAATCTGGCTGCGGAGGGG	GuideScan2	reject	accept
5.8	multiple_v_single	accepted	GGTGTCAATCTGGCTGCGGAGGG	GuideScan2	reject	accept
5.7286	multiple_v_single	accepted	CGGTGTCAATCTGGCTGCGGAGG	GuideScan2	reject	accept
5.52	multiple_v_single	accepted	GCGCGGTGTCAATCTGGCTGCGG	GuideScan2	reject	accept
2.4286	multiple_v_single	accepted	TCTTCACGTAGATCACGTACCGG	GuideScan2	reject	accept
2.6066	multiple_v_single	accepted	GTACGTGATCTACGTGAAGAAGG	GuideScan2	reject	accept
2.3061	multiple_v_single	accepted	TACGTGATCTACGTGAAGAAGGG	GuideScan2	reject	accept
238.1921	multiple_v_single	rejected_side	GGCGGAGGAGGAGGCGGTGGCGG	GuideScan2	reject	reject
5.3566	multiple_v_single	rejected_side	CGTAGAACCCGAAGCCGGTGAGG	GuideScan2	reject	reject
4.938	multiple_v_single	accepted	GGGCTCGTAGAACCCGAAGCCGG	GuideScan2	reject	accept
7.1504	multiple_v_single	rejected_side	TCGGGTTCTACGAGCCCTTCTGG	GuideScan2	reject	reject
2.0	multiple_v_single	accepted	GTTCGCGCCTTTGTAGGCGCTGG	GuideScan2	reject	accept
2.0	multiple_v_single	accepted	CGCGCCTTTGTAGGCGCTGGCGG	GuideScan2	reject	accept
2.0	multiple_v_single	accepted	GGACTGATTGTTGACGCCTGAGG	GuideScan2	reject	accept
2.0	multiple_v_single	accepted	CGCCTGAGGATTATGCTTCAAGG	GuideScan2	reject	accept
2.0	multiple_v_single	accepted	AACCTTGAAGCATAATCCTCAGG	GuideScan2	reject	accept
173.7692	multiple_v_single	rejected_side	CGCCGCCGCCGCCGCCGGGGCGG	GuideScan2	reject	reject
14.0492	multiple_v_single	rejected_side	AGAGGAGGCGGGTGGCGGCGGGG	GuideScan2	reject	reject
11.991	multiple_v_single	rejected_side	GAGAGGAGGCGGGTGGCGGCGGG	GuideScan2	reject	reject
13.2395	multiple_v_single	rejected_side	GGAGAGGAGGCGGGTGGCGGCGG	GuideScan2	reject	reject
4.5728	multiple_v_single	accepted	CCCGCCTCCTCTCCCGCACCTGG	GuideScan2	reject	accept
3.8112	multiple_v_single	accepted	GCCAGGTGCGGGAGAGGAGGCGG	GuideScan2	reject	accept
2.4242	multiple_v_single	accepted	AGATCCGGCGATGGCCGACGCGG	GuideScan2	reject	accept
2.2795	multiple_v_single	accepted	GGATCCGCGTCGGCCATCGCCGG	GuideScan2	reject	accept
2.5769	multiple_v_single	accepted	GGCGATGGCCGACGCGGATCCGG	GuideScan2	reject	accept
3.5788	multiple_v_single	accepted	GGGCATCACCGGATCCGCGTCGG	GuideScan2	reject	accept
5.3529	multiple_v_single	accepted	TCTGCGACCTCGGGCATCACCGG	GuideScan2	reject	accept
2.303	multiple_v_single	accepted	AGCGGCACGTACCATAGAACAGG	GuideScan2	reject	accept
2.0	multiple_v_single	accepted	TCTGCGGTTGAGTCTGATGAAGG	GuideScan2	reject	accept
2.0	multiple_v_single	accepted	GAATATGTTGCGGCACTTTGTGG	GuideScan2	reject	accept
2.0	multiple_v_single	accepted	AGTGCCGCAACATATTCTTGAGG	GuideScan2	reject	accept
2.0	multiple_v_single	accepted	TCAACCTCAAGAATATGTTGCGG	GuideScan2	reject	accept
3.0346	multiple_v_single	accepted	AACATATTCTTGAGGTTGATAGG	GuideScan2	reject	accept
2.0	multiple_v_single	accepted	GAGCCAATAATTCTATCAATCGG	GuideScan2	reject	accept
2.0	multiple_v_single	accepted	GGGCCGATTGATAGAATTATTGG	GuideScan2	reject	accept
2.619	multiple_v_single	accepted	TCAATCGGCCCATATCACCATGG	GuideScan2	reject	accept
2.7	multiple_v_single	accepted	TAGGAGCTCCATGGTGATATGGG	GuideScan2	reject	accept
2.0	multiple_v_single	accepted	TTAGGAGCTCCATGGTGATATGG	GuideScan2	reject	accept
5.9769	multiple_v_single	accepted	ATTATCTCCAAGAAGCTGAATGG	GuideScan2	reject	accept
4.1856	multiple_v_single	rejected_side	CCGGCGGTTCTTGGCGGCGGCGG	GuideScan2	reject	reject
5.1349	multiple_v_single	accepted	CGGCGGCGGCGGGTTCTTGGCGG	GuideScan2	reject	accept
2.0	multiple_v_single	accepted	GACGAGAAGAATCGTCAAGAGGG	GuideScan2	reject	accept
2.0	multiple_v_single	accepted	CGACGAGAAGAATCGTCAAGAGG	GuideScan2	reject	accept
3.6917	multiple_v_single	rejected_side	TGCGTGCACTGGTGCCTGCCTGG	GuideScan2	reject	reject
2.0	multiple_v_single	accepted	ACACGTCGATGGGTCCAGGCAGG	GuideScan2	reject	accept
2.0	multiple_v_single	accepted	TGCCTGGACCCATCGACGTGTGG	GuideScan2	reject	accept
2.5	multiple_v_single	accepted	GGTGATGAAGCAGCAGCATCTGG	GuideScan2	reject	accept
2.0	multiple_v_single	accepted	CTGCTGCTTCATCACCGATCAGG	GuideScan2	reject	accept
2.0	multiple_v_single	accepted	CAACCAAATGCTGGTGCTTCAGG	GuideScan2	reject	accept
2.0	multiple_v_single	accepted	AACCAAATGCTGGTGCTTCAGGG	GuideScan2	reject	accept
2.0	multiple_v_single	accepted	ACCAAATGCTGGTGCTTCAGGGG	GuideScan2	reject	accept
2.0	multiple_v_single	accepted	TCCCCTGAAGCACCAGCATTTGG	GuideScan2	reject	accept
2.0	multiple_v_single	accepted	GGTGCTTCAGGGGAGTATGCCGG	GuideScan2	reject	accept
2.8	multiple_v_single	accepted	CGCCTTTCCTGTACTTGTACAGG	GuideScan2	reject	accept
2.2759	multiple_v_single	accepted	GTACAAGTACAGGAAAGGCGAGG	GuideScan2	reject	accept
2.6667	multiple_v_single	accepted	CAAGTACAGGAAAGGCGAGGAGG	GuideScan2	reject	accept
2.0	multiple_v_single	accepted	ACAGGAAAGGCGAGGAGGTGAGG	GuideScan2	reject	accept
2.2857	multiple_v_single	accepted	GAGGGAGGGTCGCCGGAGAATGG	GuideScan2	reject	accept
2.7895	multiple_v_single	accepted	AGGGAGGGTCGCCGGAGAATGGG	GuideScan2	reject	accept
2.9775	multiple_v_single	accepted	ACGCCGAGAGGCGGAGCGACCGG	GuideScan2	reject	accept
2.0	multiple_v_single	accepted	CGTGTCATGGCAGAATGACACGG	GuideScan2	reject	accept
2.6364	multiple_v_single	accepted	CGTGTCATTCTGCCATGACACGG	GuideScan2	reject	accept
2.0	multiple_v_single	accepted	CATTCTGCCATGACACGGCGAGG	GuideScan2	reject	accept
2.3077	multiple_v_single	accepted	ACGGTGGCCTCGCCGTGTCATGG	GuideScan2	reject	accept
341.9721	multiple_v_single	rejected_side	CGCCGCGGCGGCGGCGGCTGCGG	GuideScan2	reject	reject
384.1701	multiple_v_single	rejected_side	GGCGGCTGCGGCGGCGGAGGAGG	GuideScan2	reject	reject
149.2563	multiple_v_single	rejected_side	GTCGTCTTCGTCGGCGGCGGCGG	GuideScan2	reject	reject
57.1238	multiple_v_single	rejected_side	ATCGTCGTCTTCGTCGGCGGCGG	GuideScan2	reject	reject
5.5299	multiple_v_single	rejected_side	TTCATCGTCGTCTTCGTCGGCGG	GuideScan2	reject	reject
3.9048	multiple_v_single	rejected_side	GCCGACGAAGACGACGATGAAGG	GuideScan2	reject	reject
3.1788	multiple_v_single	accepted	ACCTTCATCGTCGTCTTCGTCGG	GuideScan2	reject	accept
4.0	multiple_v_single	accepted	TTTGAAGAACGCCATGGCCATGG	GuideScan2	reject	accept
4.0	multiple_v_single	accepted	ATGGCCATGGCGTTCTTCAAAGG	GuideScan2	reject	accept
3.6587	multiple_v_single	accepted	AATATTCCATTGACTTGTATAGG	GuideScan2	reject	accept
2.0	multiple_v_single	accepted	GCGGTGCTCTGCTCCGGTCTTGG	GuideScan2	reject	accept
2.0	multiple_v_single	accepted	ATCTGTATTGCATCTTGTGATGG	GuideScan2	reject	accept
3.4808	multiple_v_single	accepted	AACACTGTTGCTGCATGACTTGG	GuideScan2	reject	accept
3.4808	multiple_v_single	accepted	AACAGTGTTGCCAACAGCTCAGG	GuideScan2	reject	accept
49.9675	multiple_v_single	rejected_side	AGGGGAGGAGGCGGCGGAGGAGG	GuideScan2	reject	reject
2.0	multiple_v_single	accepted	GACTTATGCACCGACAACTTTGG	GuideScan2	reject	accept
2.0	multiple_v_single	accepted	TTATGCACCGACAACTTTGGCGG	GuideScan2	reject	accept
3.407	multiple_v_single	accepted	GGCGGCGGCGGTTTCCTCCGCGG	GuideScan2	reject	accept
8.7431	multiple_v_single	rejected_side	GGCGAGGGCGGCGTCGCCGCCGG	GuideScan2	reject	reject
3.3759	multiple_v_single	accepted	AGTTGCAACTGCGGTTCCTGCGG	GuideScan2	reject	accept
4.9216	multiple_v_single	accepted	AAACCGGCCCTCGATGACAAAGG	GuideScan2	reject	accept
2.8961	multiple_v_single	accepted	CTACCTTTGTCATCGAGGGCCGG	GuideScan2	reject	accept
2.9821	multiple_v_single	accepted	CAGCCTGTTCAAGACGGTGACGG	GuideScan2	reject	accept
2.0	multiple_v_single	accepted	CCCTCGTCACTTCCTTCTCCTGG	GuideScan2	reject	accept
2.0	multiple_v_single	accepted	TCCAGGAGAAGGAAGTGACGAGG	GuideScan2	reject	accept
5.1457	multiple_v_single	accepted	GCGGCGTGACCGCGCGAGGGAGG	GuideScan2	reject	accept
4.6275	multiple_v_single	accepted	CGTGCGGCGTGACCGCGCGAGGG	GuideScan2	reject	accept
4.0	multiple_v_single	accepted	TCGTGCGGCGTGACCGCGCGAGG	GuideScan2	reject	accept
3.2575	multiple_v_single	accepted	AACAACCTCTTAAAGAACCGCGG	GuideScan2	reject	accept
27.7716	multiple_v_single	rejected_side	TGGTGGGGGAGGGGAGGGGAGGG	GuideScan2	reject	reject
2.0	multiple_v_single	accepted	GAAAGGTGACAAAGATGGAGGGG	GuideScan2	reject	accept
2.0	multiple_v_single	accepted	GACAAAGATGGAGGGGATGATGG	GuideScan2	reject	accept
9.4205	multiple_v_single	rejected_side	TGGGTCGGTGGCGGAGAAGACGG	GuideScan2	reject	reject
4.8242	multiple_v_single	accepted	GCAACTCGTCTTTCCGCTACTGG	GuideScan2	reject	accept
5.0857	multiple_v_single	accepted	CGTCTTTCCGCTACTGGCGATGG	GuideScan2	reject	accept
2.0	multiple_v_single	accepted	ACTTGAGGTGCCTGCTGCTGAGG	GuideScan2	reject	accept
2.0	multiple_v_single	accepted	GAGGTGCCTGCTGCTGAGGATGG	GuideScan2	reject	accept
2.0	multiple_v_single	accepted	AGGTGCCTGCTGCTGAGGATGGG	GuideScan2	reject	accept
2.0	multiple_v_single	accepted	CGGCGTCGCGAGGTCAGCGTTGG	GuideScan2	reject	accept
1.3	ref_present_v_absent	accepted	AGGTGCGGGTCAGCATCGATGGG	kRISP-meR	reject	accept
0.1436	ref_present_v_absent	rejected_side	GTGCAAAGCAGTTTAAAGCATGG	kRISP-meR	reject	not_generated
19.976	ref_present_v_absent	rejected_side	GCGCGCGCGTGTGGAGGAGGAGG	kRISP-meR	reject	not_generated
19.6586	ref_present_v_absent	rejected_side	CGCGCGTGTGGAGGAGGAGGAGG	kRISP-meR	reject	not_generated
1.0	ref_present_v_absent	rejected_side	ACTGTGGAAGCAGGGGCGGCGGG	kRISP-meR	reject	not_generated
0.0	ref_present_v_absent	rejected_side	GAACAGATGGTAAGGTCTCTTGG	kRISP-meR	reject	not_generated
0.0	ref_present_v_absent	rejected_side	TGTCATGAGAACAGATGGTAAGG	kRISP-meR	reject	not_generated
0.5	ref_present_v_absent	rejected_side	GCGACTGGTCGGCGGCAACCTGG	kRISP-meR	reject	not_generated
2.4066	ref_present_v_absent	rejected_side	TCACCTCCGGAGACGAAGAGCGG	kRISP-meR	reject	not_generated
1.0	ref_present_v_absent	accepted	AATTGGGGAAGGGGTGGCGGGGG	kRISP-meR	reject	accept
135.3782	ref_present_v_absent	rejected_side	TCCGGTGGCAGCGGCGGCGGCGG	kRISP-meR	reject	reject
43.4648	ref_present_v_absent	rejected_side	GCCGCCGCCGCTGCCACCGGAGG	kRISP-meR	reject	reject
17.8969	ref_present_v_absent	rejected_side	TCCTCCGGTGGCAGCGGCGGCGG	kRISP-meR	reject	reject
0.913	ref_present_v_absent	rejected_side	GAGATCGGGCTCTAGAAGCATGG	kRISP-meR	reject	not_generated
1.8667	ref_present_v_absent	rejected_side	GTACAAGGGTGGTGCAGCTGAGG	kRISP-meR	reject	not_generated
0.9	ref_present_v_absent	rejected_side	AACCTTAGAGACGACGTGGGAGG	kRISP-meR	reject	not_generated
2.7546	ref_present_v_absent	rejected_side	CGCCGTTGACGAAGCAGTCGTGG	kRISP-meR	reject	not_generated
3.2201	ref_present_v_absent	rejected_side	CACGACTGCTTCGTCAACGGCGG	kRISP-meR	reject	not_generated
1.0	ref_present_v_absent	rejected_side	ATACAAGATTGATGGTGACAAGG	kRISP-meR	reject	not_generated
1.2212	ref_present_v_absent	rejected_side	AAGATTGATGGTGACAAGGTAGG	kRISP-meR	reject	not_generated
1.3	ref_present_v_absent	rejected_side	AGATTGATGGTGACAAGGTAGGG	kRISP-meR	reject	not_generated
1.0	ref_present_v_absent	rejected_side	CCCACAAAAATCTTGAAATTGGG	kRISP-meR	reject	not_generated
1.0	ref_present_v_absent	rejected_side	GCCGAGTTCATGGTTCTTGTTGG	kRISP-meR	reject	not_generated
193.3922	ref_present_v_absent	rejected_side	GCCGACGACGACGACGGCGGCGG	kRISP-meR	reject	reject
3.9496	ref_present_v_absent	rejected_side	CATGCGAGACACATCTATCGTGG	kRISP-meR	reject	not_generated
3.9619	ref_present_v_absent	rejected_side	AAGAGCTCCGTCGTGGGATGTGG	kRISP-meR	reject	not_generated
1.0	ref_present_v_absent	rejected_side	TAGTTTAAGAGAAGCACACTCGG	kRISP-meR	reject	not_generated
278.6529	ref_present_v_absent	rejected_side	TCAGGAGGCGGCGGCGGCGGCGG	kRISP-meR	reject	not_generated
0.4444	ref_present_v_absent	rejected_side	CGGTGACCCAGGTCCCGGCGTGG	kRISP-meR	reject	not_generated
0.0588	ref_present_v_absent	rejected_side	GCGCGCGGTGACCCAGGTCCCGG	kRISP-meR	reject	not_generated
0.0	ref_present_v_absent	rejected_side	TTCGGAGCGCGCGGTGACCCAGG	kRISP-meR	reject	not_generated
0.0	ref_present_v_absent	rejected_side	GCCGCGGCGGAGACGAAGAGCGG	kRISP-meR	reject	not_generated
0.0	ref_present_v_absent	rejected_side	GCCGCTCTTCGTCTCCGCCGCGG	kRISP-meR	reject	not_generated
3.0413	ref_present_v_absent	rejected_side	GCGGCGGAGACGAAGAGCGGCGG	kRISP-meR	reject	not_generated
0.6111	ref_present_v_absent	rejected_side	TGGTGGGTTAGCATCTCTGATGG	kRISP-meR	reject	not_generated
2.0	ref_present_v_absent	rejected_side	TCTGTGAGAATGTAGCAACATGG	kRISP-meR	reject	not_generated
2.0	ref_present_v_absent	rejected_side	AGTGGTGAACGTGGACGACATGG	kRISP-meR	reject	reject
9.8823	ref_present_v_absent	rejected_side	GGTGCAGGCGGAGGCGGCGCCGG	kRISP-meR	reject	not_generated
10.9121	ref_present_v_absent	rejected_side	GCAGGCGGAGGCGGCGCCGGTGG	kRISP-meR	reject	not_generated
95.7632	ref_present_v_absent	rejected_side	GGCGGAGGCGGCGCCGGTGGCGG	kRISP-meR	reject	not_generated
291.1859	ref_present_v_absent	rejected_side	TCTTCCTCCTCCTCCTCCTCCGG	kRISP-meR	reject	reject
1.0	ref_present_v_absent	rejected_side	TAGCAATCCAGACAGGATAAGGG	kRISP-meR	reject	not_generated
1.0	ref_present_v_absent	rejected_side	TGGCTCCAACCTTGTGGTGGTGG	kRISP-meR	reject	not_generated
0.6	ref_present_v_absent	rejected_side	CGACTTAGTACAAACTGCTCCGG	kRISP-meR	reject	not_generated
0.0	ref_present_v_absent	rejected_side	GCAACTGGAGACCATGTCCATGG	kRISP-meR	reject	not_generated
1.0	ref_present_v_absent	rejected_side	GAAATCAAGAACACAGCAACTGG	kRISP-meR	reject	not_generated
2.7391	ref_present_v_absent	rejected_side	GCTCTCCATCTGTGAGCATAGGG	kRISP-meR	reject	not_generated
1.0	ref_present_v_absent	rejected_side	TCAGACACTTACATTTGCATGGG	kRISP-meR	reject	not_generated
58.0375	ref_present_v_absent	rejected_side	CGCCGCCGCCGCCGTGGCGGCGG	kRISP-meR	reject	reject
141.0325	ref_present_v_absent	rejected_side	CGCCGCCGCCACGGCGGCGGCGG	kRISP-meR	reject	reject
7.4345	ref_present_v_absent	rejected_side	ATGACGGCGAAGAGGAGGAGGGG	kRISP-meR	reject	not_generated
1.0	ref_present_v_absent	rejected_side	TGTGCATCGTCCCAAGTCGCCGG	kRISP-meR	reject	not_generated
1.2727	ref_present_v_absent	rejected_side	GTGCATCGTCCCAAGTCGCCGGG	kRISP-meR	reject	not_generated
1.2946	ref_present_v_absent	rejected_side	CAGGTGCATATATCAGCTGTAGG	kRISP-meR	reject	not_generated
0.0	ref_present_v_absent	rejected_side	TAATCGATGTGCTATGTTATTGG	kRISP-meR	reject	not_generated
4.9311	ref_present_v_absent	rejected_side	AGGCGGAGACGGCGACGCGATGG	kRISP-meR	reject	not_generated
0.8571	ref_present_v_absent	rejected_side	CGCGTCGCCGTCTCCGCCTCTGG	kRISP-meR	reject	not_generated
4.7283	ref_present_v_absent	rejected_side	CTCCTCCGCGACTCCGGCGACGG	kRISP-meR	reject	reject
3.5229	ref_present_v_absent	rejected_side	CGCCGTCGCCGGAGTCGCGGAGG	kRISP-meR	reject	reject
4.677	ref_present_v_absent	rejected_side	CGTCGCCGTCGCCGGAGTCGCGG	kRISP-meR	reject	not_generated
35.4085	ref_present_v_absent	rejected_side	GGCGCAGCCGTCGCCGTCGCCGG	kRISP-meR	reject	not_generated
3.0625	ref_present_v_absent	rejected_side	TTACCATGAAGTAGAGGAAAGGG	kRISP-meR	reject	not_generated
2.5955	ref_present_v_absent	rejected_side	CTTACCATGAAGTAGAGGAAAGG	kRISP-meR	reject	not_generated
1.1176	ref_present_v_absent	rejected_side	CGCCAACAACCGGCACGGCACGG	kRISP-meR	reject	not_generated
1.0357	ref_present_v_absent	rejected_side	CGGGGCCGGAGATGGGGGAGGGG	kRISP-meR	reject	not_generated
0.0	ref_present_v_absent	rejected_side	CCCTCCCCCATCTCCGGCCCCGG	kRISP-meR	reject	not_generated
0.1875	ref_present_v_absent	rejected_side	GCCGGGGCCGGAGATGGGGGAGG	kRISP-meR	reject	not_generated
0.0	ref_present_v_absent	rejected_side	GCGGCCGGGGCCGGAGATGGGGG	kRISP-meR	reject	not_generated
0.5385	ref_present_v_absent	rejected_side	GGCGGCCGGGGCCGGAGATGGGG	kRISP-meR	reject	not_generated
0.2143	ref_present_v_absent	rejected_side	TGGCGGCCGGGGCCGGAGATGGG	kRISP-meR	reject	not_generated
0.0	ref_present_v_absent	rejected_side	CTGGCGGCCGGGGCCGGAGATGG	kRISP-meR	reject	not_generated
0.0	ref_present_v_absent	rejected_side	CATCTCCGGCCCCGGCCGCCAGG	kRISP-meR	reject	not_generated
1.0	ref_present_v_absent	rejected_side	GGGAGCCTGGCGGCCGGGGCCGG	kRISP-meR	reject	not_generated
1.3	ref_present_v_absent	accepted	AGGTGCGGGTCAGCATCGATGGG	CRISPOR	reject	accept
0.1436	ref_present_v_absent	accepted	GTGCAAAGCAGTTTAAAGCATGG	CRISPOR	reject	accept
19.976	ref_present_v_absent	rejected_side	GCGCGCGCGTGTGGAGGAGGAGG	CRISPOR	reject	reject
19.6586	ref_present_v_absent	rejected_side	CGCGCGTGTGGAGGAGGAGGAGG	CRISPOR	reject	reject
1.0	ref_present_v_absent	accepted	ACTGTGGAAGCAGGGGCGGCGGG	CRISPOR	reject	accept
0.0	ref_present_v_absent	rejected_side	GAACAGATGGTAAGGTCTCTTGG	CRISPOR	reject	reject
0.0	ref_present_v_absent	accepted	TGTCATGAGAACAGATGGTAAGG	CRISPOR	reject	accept
0.5	ref_present_v_absent	accepted	GCGACTGGTCGGCGGCAACCTGG	CRISPOR	reject	accept
2.4066	ref_present_v_absent	rejected_side	TCACCTCCGGAGACGAAGAGCGG	CRISPOR	reject	reject
1.0	ref_present_v_absent	accepted	AATTGGGGAAGGGGTGGCGGGGG	CRISPOR	reject	accept
135.3782	ref_present_v_absent	rejected_side	TCCGGTGGCAGCGGCGGCGGCGG	CRISPOR	reject	reject
43.4648	ref_present_v_absent	rejected_side	GCCGCCGCCGCTGCCACCGGAGG	CRISPOR	reject	reject
17.8969	ref_present_v_absent	rejected_side	TCCTCCGGTGGCAGCGGCGGCGG	CRISPOR	reject	reject
0.913	ref_present_v_absent	accepted	GAGATCGGGCTCTAGAAGCATGG	CRISPOR	reject	accept
1.8667	ref_present_v_absent	rejected_side	GTACAAGGGTGGTGCAGCTGAGG	CRISPOR	reject	reject
0.9	ref_present_v_absent	accepted	AACCTTAGAGACGACGTGGGAGG	CRISPOR	reject	accept
2.7546	ref_present_v_absent	rejected_side	CGCCGTTGACGAAGCAGTCGTGG	CRISPOR	reject	reject
3.2201	ref_present_v_absent	accepted	CACGACTGCTTCGTCAACGGCGG	CRISPOR	reject	accept
1.0	ref_present_v_absent	accepted	ATACAAGATTGATGGTGACAAGG	CRISPOR	reject	accept
1.2212	ref_present_v_absent	rejected_side	AAGATTGATGGTGACAAGGTAGG	CRISPOR	reject	reject
1.3	ref_present_v_absent	rejected_side	AGATTGATGGTGACAAGGTAGGG	CRISPOR	reject	reject
1.0	ref_present_v_absent	accepted	CCCACAAAAATCTTGAAATTGGG	CRISPOR	reject	accept
1.0	ref_present_v_absent	accepted	GCCGAGTTCATGGTTCTTGTTGG	CRISPOR	reject	accept
193.3922	ref_present_v_absent	rejected_side	GCCGACGACGACGACGGCGGCGG	CRISPOR	reject	reject
3.9496	ref_present_v_absent	rejected_side	CATGCGAGACACATCTATCGTGG	CRISPOR	reject	reject
3.9619	ref_present_v_absent	rejected_side	AAGAGCTCCGTCGTGGGATGTGG	CRISPOR	reject	reject
1.0	ref_present_v_absent	accepted	TAGTTTAAGAGAAGCACACTCGG	CRISPOR	reject	accept
278.6529	ref_present_v_absent	rejected_side	TCAGGAGGCGGCGGCGGCGGCGG	CRISPOR	reject	reject
0.4444	ref_present_v_absent	accepted	CGGTGACCCAGGTCCCGGCGTGG	CRISPOR	reject	accept
0.0588	ref_present_v_absent	accepted	GCGCGCGGTGACCCAGGTCCCGG	CRISPOR	reject	accept
0.0	ref_present_v_absent	accepted	TTCGGAGCGCGCGGTGACCCAGG	CRISPOR	reject	accept
0.0	ref_present_v_absent	accepted	GCCGCGGCGGAGACGAAGAGCGG	CRISPOR	reject	accept
0.0	ref_present_v_absent	accepted	GCCGCTCTTCGTCTCCGCCGCGG	CRISPOR	reject	accept
3.0413	ref_present_v_absent	rejected_side	GCGGCGGAGACGAAGAGCGGCGG	CRISPOR	reject	reject
0.6111	ref_present_v_absent	accepted	TGGTGGGTTAGCATCTCTGATGG	CRISPOR	reject	accept
2.0	ref_present_v_absent	rejected_side	TCTGTGAGAATGTAGCAACATGG	CRISPOR	reject	reject
2.0	ref_present_v_absent	accepted	AGTGGTGAACGTGGACGACATGG	CRISPOR	reject	accept
9.8823	ref_present_v_absent	rejected_side	GGTGCAGGCGGAGGCGGCGCCGG	CRISPOR	reject	reject
10.9121	ref_present_v_absent	rejected_side	GCAGGCGGAGGCGGCGCCGGTGG	CRISPOR	reject	reject
95.7632	ref_present_v_absent	rejected_side	GGCGGAGGCGGCGCCGGTGGCGG	CRISPOR	reject	reject
291.1859	ref_present_v_absent	rejected_side	TCTTCCTCCTCCTCCTCCTCCGG	CRISPOR	reject	reject
1.0	ref_present_v_absent	accepted	TAGCAATCCAGACAGGATAAGGG	CRISPOR	reject	accept
1.0	ref_present_v_absent	accepted	TGGCTCCAACCTTGTGGTGGTGG	CRISPOR	reject	accept
0.6	ref_present_v_absent	accepted	CGACTTAGTACAAACTGCTCCGG	CRISPOR	reject	accept
0.0	ref_present_v_absent	accepted	GCAACTGGAGACCATGTCCATGG	CRISPOR	reject	accept
1.0	ref_present_v_absent	accepted	GAAATCAAGAACACAGCAACTGG	CRISPOR	reject	accept
2.7391	ref_present_v_absent	rejected_side	GCTCTCCATCTGTGAGCATAGGG	CRISPOR	reject	reject
1.0	ref_present_v_absent	accepted	TCAGACACTTACATTTGCATGGG	CRISPOR	reject	accept
58.0375	ref_present_v_absent	rejected_side	CGCCGCCGCCGCCGTGGCGGCGG	CRISPOR	reject	reject
141.0325	ref_present_v_absent	rejected_side	CGCCGCCGCCACGGCGGCGGCGG	CRISPOR	reject	reject
7.4345	ref_present_v_absent	rejected_side	ATGACGGCGAAGAGGAGGAGGGG	CRISPOR	reject	reject
1.0	ref_present_v_absent	accepted	TGTGCATCGTCCCAAGTCGCCGG	CRISPOR	reject	accept
1.2727	ref_present_v_absent	rejected_side	GTGCATCGTCCCAAGTCGCCGGG	CRISPOR	reject	reject
1.2946	ref_present_v_absent	accepted	CAGGTGCATATATCAGCTGTAGG	CRISPOR	reject	accept
0.0	ref_present_v_absent	accepted	TAATCGATGTGCTATGTTATTGG	CRISPOR	reject	accept
4.9311	ref_present_v_absent	rejected_side	AGGCGGAGACGGCGACGCGATGG	CRISPOR	reject	reject
0.8571	ref_present_v_absent	rejected_side	CGCGTCGCCGTCTCCGCCTCTGG	CRISPOR	reject	reject
4.7283	ref_present_v_absent	rejected_side	CTCCTCCGCGACTCCGGCGACGG	CRISPOR	reject	reject
3.5229	ref_present_v_absent	rejected_side	CGCCGTCGCCGGAGTCGCGGAGG	CRISPOR	reject	reject
4.677	ref_present_v_absent	rejected_side	CGTCGCCGTCGCCGGAGTCGCGG	CRISPOR	reject	reject
35.4085	ref_present_v_absent	rejected_side	GGCGCAGCCGTCGCCGTCGCCGG	CRISPOR	reject	reject
3.0625	ref_present_v_absent	accepted	TTACCATGAAGTAGAGGAAAGGG	CRISPOR	reject	accept
2.5955	ref_present_v_absent	rejected_side	CTTACCATGAAGTAGAGGAAAGG	CRISPOR	reject	reject
1.1176	ref_present_v_absent	accepted	CGCCAACAACCGGCACGGCACGG	CRISPOR	reject	accept
1.0357	ref_present_v_absent	rejected_side	CGGGGCCGGAGATGGGGGAGGGG	CRISPOR	reject	reject
0.0	ref_present_v_absent	rejected_side	CCCTCCCCCATCTCCGGCCCCGG	CRISPOR	reject	reject
0.1875	ref_present_v_absent	rejected_side	GCCGGGGCCGGAGATGGGGGAGG	CRISPOR	reject	reject
0.0	ref_present_v_absent	rejected_side	GCGGCCGGGGCCGGAGATGGGGG	CRISPOR	reject	reject
0.5385	ref_present_v_absent	rejected_side	GGCGGCCGGGGCCGGAGATGGGG	CRISPOR	reject	reject
0.2143	ref_present_v_absent	accepted	TGGCGGCCGGGGCCGGAGATGGG	CRISPOR	reject	accept
0.0	ref_present_v_absent	accepted	CTGGCGGCCGGGGCCGGAGATGG	CRISPOR	reject	accept
0.0	ref_present_v_absent	accepted	CATCTCCGGCCCCGGCCGCCAGG	CRISPOR	reject	accept
1.0	ref_present_v_absent	accepted	GGGAGCCTGGCGGCCGGGGCCGG	CRISPOR	reject	accept
1.3	ref_present_v_absent	accepted	AGGTGCGGGTCAGCATCGATGGG	GuideScan2	reject	accept
0.1436	ref_present_v_absent	accepted	GTGCAAAGCAGTTTAAAGCATGG	GuideScan2	reject	accept
19.976	ref_present_v_absent	rejected_side	GCGCGCGCGTGTGGAGGAGGAGG	GuideScan2	reject	reject
19.6586	ref_present_v_absent	rejected_side	CGCGCGTGTGGAGGAGGAGGAGG	GuideScan2	reject	reject
1.0	ref_present_v_absent	accepted	ACTGTGGAAGCAGGGGCGGCGGG	GuideScan2	reject	accept
0.0	ref_present_v_absent	accepted	GAACAGATGGTAAGGTCTCTTGG	GuideScan2	reject	accept
0.0	ref_present_v_absent	accepted	TGTCATGAGAACAGATGGTAAGG	GuideScan2	reject	accept
0.5	ref_present_v_absent	accepted	GCGACTGGTCGGCGGCAACCTGG	GuideScan2	reject	accept
2.4066	ref_present_v_absent	accepted	TCACCTCCGGAGACGAAGAGCGG	GuideScan2	reject	accept
1.0	ref_present_v_absent	accepted	AATTGGGGAAGGGGTGGCGGGGG	GuideScan2	reject	accept
135.3782	ref_present_v_absent	rejected_side	TCCGGTGGCAGCGGCGGCGGCGG	GuideScan2	reject	reject
43.4648	ref_present_v_absent	rejected_side	GCCGCCGCCGCTGCCACCGGAGG	GuideScan2	reject	reject
17.8969	ref_present_v_absent	rejected_side	TCCTCCGGTGGCAGCGGCGGCGG	GuideScan2	reject	reject
0.913	ref_present_v_absent	accepted	GAGATCGGGCTCTAGAAGCATGG	GuideScan2	reject	accept
1.8667	ref_present_v_absent	accepted	GTACAAGGGTGGTGCAGCTGAGG	GuideScan2	reject	accept
0.9	ref_present_v_absent	accepted	AACCTTAGAGACGACGTGGGAGG	GuideScan2	reject	accept
2.7546	ref_present_v_absent	accepted	CGCCGTTGACGAAGCAGTCGTGG	GuideScan2	reject	accept
3.2201	ref_present_v_absent	accepted	CACGACTGCTTCGTCAACGGCGG	GuideScan2	reject	accept
1.0	ref_present_v_absent	accepted	ATACAAGATTGATGGTGACAAGG	GuideScan2	reject	accept
1.2212	ref_present_v_absent	accepted	AAGATTGATGGTGACAAGGTAGG	GuideScan2	reject	accept
1.3	ref_present_v_absent	accepted	AGATTGATGGTGACAAGGTAGGG	GuideScan2	reject	accept
1.0	ref_present_v_absent	accepted	CCCACAAAAATCTTGAAATTGGG	GuideScan2	reject	accept
1.0	ref_present_v_absent	accepted	GCCGAGTTCATGGTTCTTGTTGG	GuideScan2	reject	accept
193.3922	ref_present_v_absent	rejected_side	GCCGACGACGACGACGGCGGCGG	GuideScan2	reject	reject
3.9496	ref_present_v_absent	accepted	CATGCGAGACACATCTATCGTGG	GuideScan2	reject	accept
3.9619	ref_present_v_absent	accepted	AAGAGCTCCGTCGTGGGATGTGG	GuideScan2	reject	accept
1.0	ref_present_v_absent	accepted	TAGTTTAAGAGAAGCACACTCGG	GuideScan2	reject	accept
278.6529	ref_present_v_absent	rejected_side	TCAGGAGGCGGCGGCGGCGGCGG	GuideScan2	reject	reject
0.4444	ref_present_v_absent	accepted	CGGTGACCCAGGTCCCGGCGTGG	GuideScan2	reject	accept
0.0588	ref_present_v_absent	accepted	GCGCGCGGTGACCCAGGTCCCGG	GuideScan2	reject	accept
0.0	ref_present_v_absent	accepted	TTCGGAGCGCGCGGTGACCCAGG	GuideScan2	reject	accept
0.0	ref_present_v_absent	accepted	GCCGCGGCGGAGACGAAGAGCGG	GuideScan2	reject	accept
0.0	ref_present_v_absent	accepted	GCCGCTCTTCGTCTCCGCCGCGG	GuideScan2	reject	accept
3.0413	ref_present_v_absent	accepted	GCGGCGGAGACGAAGAGCGGCGG	GuideScan2	reject	accept
0.6111	ref_present_v_absent	accepted	TGGTGGGTTAGCATCTCTGATGG	GuideScan2	reject	accept
2.0	ref_present_v_absent	accepted	TCTGTGAGAATGTAGCAACATGG	GuideScan2	reject	accept
2.0	ref_present_v_absent	accepted	AGTGGTGAACGTGGACGACATGG	GuideScan2	reject	accept
9.8823	ref_present_v_absent	rejected_side	GGTGCAGGCGGAGGCGGCGCCGG	GuideScan2	reject	reject
10.9121	ref_present_v_absent	rejected_side	GCAGGCGGAGGCGGCGCCGGTGG	GuideScan2	reject	reject
95.7632	ref_present_v_absent	rejected_side	GGCGGAGGCGGCGCCGGTGGCGG	GuideScan2	reject	reject
291.1859	ref_present_v_absent	rejected_side	TCTTCCTCCTCCTCCTCCTCCGG	GuideScan2	reject	reject
1.0	ref_present_v_absent	accepted	TAGCAATCCAGACAGGATAAGGG	GuideScan2	reject	accept
1.0	ref_present_v_absent	accepted	TGGCTCCAACCTTGTGGTGGTGG	GuideScan2	reject	accept
0.6	ref_present_v_absent	accepted	CGACTTAGTACAAACTGCTCCGG	GuideScan2	reject	accept
0.0	ref_present_v_absent	accepted	GCAACTGGAGACCATGTCCATGG	GuideScan2	reject	accept
1.0	ref_present_v_absent	accepted	GAAATCAAGAACACAGCAACTGG	GuideScan2	reject	accept
2.7391	ref_present_v_absent	accepted	GCTCTCCATCTGTGAGCATAGGG	GuideScan2	reject	accept
1.0	ref_present_v_absent	accepted	TCAGACACTTACATTTGCATGGG	GuideScan2	reject	accept
58.0375	ref_present_v_absent	rejected_side	CGCCGCCGCCGCCGTGGCGGCGG	GuideScan2	reject	reject
141.0325	ref_present_v_absent	rejected_side	CGCCGCCGCCACGGCGGCGGCGG	GuideScan2	reject	reject
7.4345	ref_present_v_absent	accepted	ATGACGGCGAAGAGGAGGAGGGG	GuideScan2	reject	accept
1.0	ref_present_v_absent	accepted	TGTGCATCGTCCCAAGTCGCCGG	GuideScan2	reject	accept
1.2727	ref_present_v_absent	accepted	GTGCATCGTCCCAAGTCGCCGGG	GuideScan2	reject	accept
1.2946	ref_present_v_absent	accepted	CAGGTGCATATATCAGCTGTAGG	GuideScan2	reject	accept
0.0	ref_present_v_absent	accepted	TAATCGATGTGCTATGTTATTGG	GuideScan2	reject	accept
4.9311	ref_present_v_absent	rejected_side	AGGCGGAGACGGCGACGCGATGG	GuideScan2	reject	reject
0.8571	ref_present_v_absent	rejected_side	CGCGTCGCCGTCTCCGCCTCTGG	GuideScan2	reject	reject
4.7283	ref_present_v_absent	accepted	CTCCTCCGCGACTCCGGCGACGG	GuideScan2	reject	accept
3.5229	ref_present_v_absent	rejected_side	CGCCGTCGCCGGAGTCGCGGAGG	GuideScan2	reject	reject
4.677	ref_present_v_absent	accepted	CGTCGCCGTCGCCGGAGTCGCGG	GuideScan2	reject	accept
35.4085	ref_present_v_absent	rejected_side	GGCGCAGCCGTCGCCGTCGCCGG	GuideScan2	reject	reject
3.0625	ref_present_v_absent	accepted	TTACCATGAAGTAGAGGAAAGGG	GuideScan2	reject	accept
2.5955	ref_present_v_absent	accepted	CTTACCATGAAGTAGAGGAAAGG	GuideScan2	reject	accept
1.1176	ref_present_v_absent	accepted	CGCCAACAACCGGCACGGCACGG	GuideScan2	reject	accept
1.0357	ref_present_v_absent	accepted	CGGGGCCGGAGATGGGGGAGGGG	GuideScan2	reject	accept
0.0	ref_present_v_absent	accepted	CCCTCCCCCATCTCCGGCCCCGG	GuideScan2	reject	accept
0.1875	ref_present_v_absent	accepted	GCCGGGGCCGGAGATGGGGGAGG	GuideScan2	reject	accept
0.0	ref_present_v_absent	accepted	GCGGCCGGGGCCGGAGATGGGGG	GuideScan2	reject	accept
0.5385	ref_present_v_absent	accepted	GGCGGCCGGGGCCGGAGATGGGG	GuideScan2	reject	accept
0.2143	ref_present_v_absent	accepted	TGGCGGCCGGGGCCGGAGATGGG	GuideScan2	reject	accept
0.0	ref_present_v_absent	accepted	CTGGCGGCCGGGGCCGGAGATGG	GuideScan2	reject	accept
0.0	ref_present_v_absent	accepted	CATCTCCGGCCCCGGCCGCCAGG	GuideScan2	reject	accept
1.0	ref_present_v_absent	accepted	GGGAGCCTGGCGGCCGGGGCCGG	GuideScan2	reject	accept
1.249	ref_multiple_v_single	accepted	GATAACGTGGATGACAACATCGG	kRISP-meR	accept	accept
25.4922	ref_multiple_v_single	rejected_side	GATTGGTTGGTTGGTTGGTTGGG	kRISP-meR	accept	reject
30.1827	ref_multiple_v_single	rejected_side	GGCGGTGGCGCGGGAGGAGGAGG	kRISP-meR	accept	reject
290.7998	ref_multiple_v_single	rejected_side	TGCGGTGGCGGCGGCGACGGCGG	kRISP-meR	accept	reject
32.101	ref_multiple_v_single	rejected_side	GGCGACGGCGGCGGTGGCCGAGG	kRISP-meR	accept	reject
1.0	ref_multiple_v_single	accepted	GCATCGCACGCTCGGGTTGAGGG	kRISP-meR	accept	accept
1.0	ref_multiple_v_single	accepted	CATCGCACGCTCGGGTTGAGGGG	kRISP-meR	accept	accept
1.0	ref_multiple_v_single	accepted	GCACGCTCGGGTTGAGGGGCCGG	kRISP-meR	accept	accept
1.0	ref_multiple_v_single	accepted	AGGGGCCGGCCAAGTGCTCAAGG	kRISP-meR	accept	accept
2.2727	ref_multiple_v_single	rejected_side	AAGCTCCTTGAGCACTTGGCCGG	kRISP-meR	accept	reject
2.8824	ref_multiple_v_single	rejected_side	CCAAGTGCTCAAGGAGCTTCCGG	kRISP-meR	accept	reject
1.8182	ref_multiple_v_single	rejected_side	GCTCAAGGAGCTTCCGGATCTGG	kRISP-meR	accept	reject
2.2857	ref_multiple_v_single	rejected_side	CTCAAGGAGCTTCCGGATCTGGG	kRISP-meR	accept	reject
1.0	ref_multiple_v_single	accepted	CTTCCGGATCTGGGCCGCGACGG	kRISP-meR	accept	accept
1.0	ref_multiple_v_single	accepted	TTCCGGATCTGGGCCGCGACGGG	kRISP-meR	accept	accept
1.0	ref_multiple_v_single	accepted	TCCGGATCTGGGCCGCGACGGGG	kRISP-meR	accept	accept
1.2749	ref_multiple_v_single	accepted	GCCCCGTCGCGGCCCAGATCCGG	kRISP-meR	accept	accept
1.1364	ref_multiple_v_single	accepted	GGATCTGGGCCGCGACGGGGCGG	kRISP-meR	accept	accept
1.0	ref_multiple_v_single	accepted	CTGGGCCGCGACGGGGCGGTCGG	kRISP-meR	accept	accept
1.0	ref_multiple_v_single	accepted	GACATCCGACCGCCCCGTCGCGG	kRISP-meR	accept	accept
1.0	ref_multiple_v_single	accepted	GCGACGGGGCGGTCGGATGTCGG	kRISP-meR	accept	accept
1.0	ref_multiple_v_single	accepted	ACGGGGCGGTCGGATGTCGGCGG	kRISP-meR	accept	accept
1.5652	ref_multiple_v_single	accepted	GGCGGTCGGATGTCGGCGGCAGG	kRISP-meR	accept	accept
1.0	ref_multiple_v_single	accepted	GGGCCGCATGCGATTGGAGCTGG	kRISP-meR	accept	accept
1.0	ref_multiple_v_single	accepted	GGCCGCATGCGATTGGAGCTGGG	kRISP-meR	accept	accept
1.0	ref_multiple_v_single	accepted	AACCCAGCTCCAATCGCATGCGG	kRISP-meR	accept	accept
2.2571	ref_multiple_v_single	rejected_side	AGCTGGGTTCCAAGCGCCAATGG	kRISP-meR	accept	reject
1.8571	ref_multiple_v_single	rejected_side	ATGGCGGTGCCATTGGCGCTTGG	kRISP-meR	accept	reject
1.25	ref_multiple_v_single	accepted	TTTGCAAAGAGCTACCTAGCTGG	kRISP-meR	accept	accept
1.2069	ref_multiple_v_single	accepted	AAAGATTGGCTGAACCAGCTAGG	kRISP-meR	accept	accept
3.3593	ref_multiple_v_single	rejected_side	GGTTATCATATGTTGATCTCTGG	kRISP-meR	accept	reject
2.6714	ref_multiple_v_single	rejected_side	GTTATCATATGTTGATCTCTGGG	kRISP-meR	accept	reject
2.8111	ref_multiple_v_single	rejected_side	TTATCATATGTTGATCTCTGGGG	kRISP-meR	accept	reject
4.0	ref_multiple_v_single	rejected_side	ACGTCGGCGTCGACGTGAACGGG	kRISP-meR	accept	reject
1.525	ref_multiple_v_single	rejected_side	CGGCGTCGACGTGAACGGGCTGG	kRISP-meR	accept	reject
33.0858	ref_multiple_v_single	rejected_side	ACGACGACGAGGAGGAGGTGGGG	kRISP-meR	accept	reject
49.4977	ref_multiple_v_single	rejected_side	GACGACGACGAGGAGGAGGTGGG	kRISP-meR	accept	reject
1.5	ref_multiple_v_single	rejected_side	CTGTCTGCACACGCGTGTTGAGG	kRISP-meR	accept	reject
1.72	ref_multiple_v_single	rejected_side	GCGCGGGCTCGGCACTCTGTTGG	kRISP-meR	accept	reject
1.9333	ref_multiple_v_single	rejected_side	GAGAAAGGATGAGAGCAGTTTGG	kRISP-meR	accept	reject
2.0	ref_multiple_v_single	rejected_side	AGAAAGGATGAGAGCAGTTTGGG	kRISP-meR	accept	reject
1.9412	ref_multiple_v_single	rejected_side	GAAAGGATGAGAGCAGTTTGGGG	kRISP-meR	accept	reject
1.0909	ref_multiple_v_single	accepted	GCGTGGAAGGTGTCGGCGGCAGG	kRISP-meR	accept	accept
1.2759	ref_multiple_v_single	accepted	CGTGGAAGGTGTCGGCGGCAGGG	kRISP-meR	accept	accept
1.0	ref_multiple_v_single	accepted	CAAATGCAAGTATGAACAGTTGG	kRISP-meR	accept	accept
1.0	ref_multiple_v_single	accepted	AAATGCAAGTATGAACAGTTGGG	kRISP-meR	accept	accept
1.0	ref_multiple_v_single	accepted	AATGCAAGTATGAACAGTTGGGG	kRISP-meR	accept	accept
34.5425	ref_multiple_v_single	rejected_side	GCGGAGGGCGGCGTCGGCGGCGG	kRISP-meR	accept	reject
1.3529	ref_multiple_v_single	accepted	AGACCTGGGAGACGCATCCCCGG	kRISP-meR	accept	accept
1.3333	ref_multiple_v_single	accepted	GGGGATGCGTCTCCCAGGTCTGG	kRISP-meR	accept	accept
1.1176	ref_multiple_v_single	accepted	GGGATGCGTCTCCCAGGTCTGGG	kRISP-meR	accept	accept
1.9524	ref_multiple_v_single	rejected_side	CAGTGCGGCTTCTGCACCCCGGG	kRISP-meR	accept	reject
2.1238	ref_multiple_v_single	rejected_side	CGAACCGGAATAACACCGTCGGG	kRISP-meR	accept	reject
2.1218	ref_multiple_v_single	rejected_side	ACGAACCGGAATAACACCGTCGG	kRISP-meR	accept	reject
1.8571	ref_multiple_v_single	rejected_side	ACGGCTTATAGATGAAATATAGG	kRISP-meR	accept	reject
1.5556	ref_multiple_v_single	rejected_side	CTATAAGCCGTTGTAAAGAATGG	kRISP-meR	accept	reject
2.0	ref_multiple_v_single	rejected_side	GTGCATTCCATTCTTTACAACGG	kRISP-meR	accept	reject
2.0	ref_multiple_v_single	rejected_side	AAAGAATGGAATGCACAAGGTGG	kRISP-meR	accept	reject
1.9145	ref_multiple_v_single	rejected_side	TGCACAAGGTGGAAAGAGCAAGG	kRISP-meR	accept	reject
2.2147	ref_multiple_v_single	rejected_side	CAATGTCCTTGACTGTTTCAAGG	kRISP-meR	accept	reject
1.9091	ref_multiple_v_single	rejected_side	TGAAACAGTCAAGGACATTGTGG	kRISP-meR	accept	reject
3.1828	ref_multiple_v_single	rejected_side	GGCGAGGAGCAGGGAGGAGGCGG	kRISP-meR	accept	reject
8.8385	ref_multiple_v_single	rejected_side	CGCGGCGGCGGGGCGGCGGCCGG	kRISP-meR	accept	reject
14.8551	ref_multiple_v_single	rejected_side	CGGCCGCCGCCCCGCCGCCGCGG	kRISP-meR	accept	reject
1.5556	ref_multiple_v_single	rejected_side	GAAGACTCTGACCCAATTCATGG	kRISP-meR	accept	reject
1.6667	ref_multiple_v_single	rejected_side	AAGACTCTGACCCAATTCATGGG	kRISP-meR	accept	reject
4.5702	ref_multiple_v_single	rejected_side	GGAGGAGCGGGCGACGCCGGCGG	kRISP-meR	accept	reject
3.3907	ref_multiple_v_single	rejected_side	GAGCGGGGGAGGAGGTCGCCGGG	kRISP-meR	accept	reject
3.2197	ref_multiple_v_single	rejected_side	GGAGCGGGGGAGGAGGTCGCCGG	kRISP-meR	accept	reject
2.0	ref_multiple_v_single	rejected_side	TGGCCGGACGCCGCCACCGCTGG	kRISP-meR	accept	reject
3.675	ref_multiple_v_single	rejected_side	TTTTTATGGCAAGCAAACAACGG	kRISP-meR	accept	reject
1.8	ref_multiple_v_single	rejected_side	GTGTGCCTCGCGGAGCTTCTTGG	kRISP-meR	accept	reject
1.7333	ref_multiple_v_single	rejected_side	CGAGCACGTGGTGTGCCTCGCGG	kRISP-meR	accept	reject
1.75	ref_multiple_v_single	rejected_side	CTAGAGGAAGTCATAAAAGCTGG	kRISP-meR	accept	reject
2.0	ref_multiple_v_single	rejected_side	AAGGATCAATCCGGACCCAGAGG	kRISP-meR	accept	reject
120.4556	ref_multiple_v_single	rejected_side	ATCGGCGTCGGCGTCGGCGTCGG	kRISP-meR	accept	reject
17.975	ref_multiple_v_single	rejected_side	AAGCCACGCAGCCACAAGGACGG	kRISP-meR	accept	reject
10.9062	ref_multiple_v_single	rejected_side	CCACGCAGCCACAAGGACGGCGG	kRISP-meR	accept	reject
33.3022	ref_multiple_v_single	rejected_side	CGCAGCCACAAGGACGGCGGCGG	kRISP-meR	accept	reject
50.6131	ref_multiple_v_single	rejected_side	AGCCACAAGGACGGCGGCGGCGG	kRISP-meR	accept	reject
2.2347	ref_multiple_v_single	rejected_side	AAACAATTGGAAGCTGAGCCAGG	kRISP-meR	accept	reject
82.2418	ref_multiple_v_single	rejected_side	GACGGTGGAGGTGGAGGTGGAGG	kRISP-meR	accept	reject
1.0	ref_multiple_v_single	accepted	TGCAGGGCCGCGAGTTCGGCAGG	kRISP-meR	accept	accept
1.0	ref_multiple_v_single	accepted	TCGCTGCAGGGCCGCGAGTTCGG	kRISP-meR	accept	accept
1.0	ref_multiple_v_single	accepted	GCGGCCCTGCAGCGACCGCAAGG	kRISP-meR	accept	accept
1.0	ref_multiple_v_single	accepted	AACGCCTTGCGGTCGCTGCAGGG	kRISP-meR	accept	accept
1.0	ref_multiple_v_single	accepted	GAACGCCTTGCGGTCGCTGCAGG	kRISP-meR	accept	accept
1.3529	ref_multiple_v_single	accepted	ACCGCAAGGCGTTCGTCTTCTGG	kRISP-meR	accept	accept
1.0	ref_multiple_v_single	accepted	CCGCAAGGCGTTCGTCTTCTGGG	kRISP-meR	accept	accept
1.0	ref_multiple_v_single	accepted	TCAGAGTCACTTTTGTTAAGAGG	kRISP-meR	accept	accept
703.3722	ref_multiple_v_single	rejected_side	CGGCGGCGGCGGCGGCTGCGGGG	kRISP-meR	accept	not_generated
2.6994	ref_multiple_v_single	rejected_side	GAGAGAGAGAGAGGCTGCGGCGG	kRISP-meR	accept	reject
1.2632	ref_multiple_v_single	accepted	TGAACTGTATTCTGTAAGACAGG	kRISP-meR	accept	accept
195.1341	ref_multiple_v_single	rejected_side	GGAGGAGGTGGCGGTGGTGGTGG	kRISP-meR	accept	reject
1.6471	ref_multiple_v_single	rejected_side	GATCGCTCACCATCAGGTGCCGG	kRISP-meR	accept	reject
2.4667	ref_multiple_v_single	rejected_side	GGCGAAGCTGTACGTGCAGGCGG	kRISP-meR	accept	reject
3.0	ref_multiple_v_single	rejected_side	GGCAAAGAGATGCTGAGAGATGG	kRISP-meR	accept	reject
2.3451	ref_multiple_v_single	rejected_side	TGACGTTGCCGAGCGAGGGAGGG	kRISP-meR	accept	reject
2.6667	ref_multiple_v_single	rejected_side	GTGACGTTGCCGAGCGAGGGAGG	kRISP-meR	accept	reject
1.4762	ref_multiple_v_single	accepted	ATTGGATGAATCTGATTCTTTGG	kRISP-meR	accept	accept
2.0	ref_multiple_v_single	rejected_side	GGCGAAGGAGGGGAGCTGCACGG	kRISP-meR	accept	reject
1.916	ref_multiple_v_single	rejected_side	GCTTGCGGTAGGCGGTGCGGAGG	kRISP-meR	accept	reject
2.0	ref_multiple_v_single	rejected_side	TAGAACGCGCCGCGGAGTCCCGG	kRISP-meR	accept	reject
1.6522	ref_multiple_v_single	rejected_side	GGACTCCGCGGCGCGTTCTACGG	kRISP-meR	accept	reject
1.5556	ref_multiple_v_single	rejected_side	CTCCGCGGCGCGTTCTACGGCGG	kRISP-meR	accept	reject
3.1704	ref_multiple_v_single	rejected_side	CGCCGCCGTAGAACGCGCCGCGG	kRISP-meR	accept	reject
47.1194	ref_multiple_v_single	rejected_side	CGCCGCGGCGCCGCCGCCGGCGG	kRISP-meR	accept	reject
163.8451	ref_multiple_v_single	rejected_side	GAAGCAGCAGCAGCAGCAGCCGG	kRISP-meR	accept	reject
24.7282	ref_multiple_v_single	rejected_side	AGGCCGCGGCCGCGGCGGCGAGG	kRISP-meR	accept	reject
1.249	ref_multiple_v_single	rejected_side	GATAACGTGGATGACAACATCGG	CRISPOR	accept	reject
25.4922	ref_multiple_v_single	rejected_side	GATTGGTTGGTTGGTTGGTTGGG	CRISPOR	accept	reject
30.1827	ref_multiple_v_single	rejected_side	GGCGGTGGCGCGGGAGGAGGAGG	CRISPOR	accept	reject
290.7998	ref_multiple_v_single	rejected_side	TGCGGTGGCGGCGGCGACGGCGG	CRISPOR	accept	reject
32.101	ref_multiple_v_single	rejected_side	GGCGACGGCGGCGGTGGCCGAGG	CRISPOR	accept	reject
1.0	ref_multiple_v_single	accepted	GCATCGCACGCTCGGGTTGAGGG	CRISPOR	accept	accept
1.0	ref_multiple_v_single	rejected_side	CATCGCACGCTCGGGTTGAGGGG	CRISPOR	accept	reject
1.0	ref_multiple_v_single	rejected_side	GCACGCTCGGGTTGAGGGGCCGG	CRISPOR	accept	reject
1.0	ref_multiple_v_single	rejected_side	AGGGGCCGGCCAAGTGCTCAAGG	CRISPOR	accept	reject
2.2727	ref_multiple_v_single	rejected_side	AAGCTCCTTGAGCACTTGGCCGG	CRISPOR	accept	reject
2.8824	ref_multiple_v_single	rejected_side	CCAAGTGCTCAAGGAGCTTCCGG	CRISPOR	accept	reject
1.8182	ref_multiple_v_single	rejected_side	GCTCAAGGAGCTTCCGGATCTGG	CRISPOR	accept	reject
2.2857	ref_multiple_v_single	rejected_side	CTCAAGGAGCTTCCGGATCTGGG	CRISPOR	accept	reject
1.0	ref_multiple_v_single	rejected_side	CTTCCGGATCTGGGCCGCGACGG	CRISPOR	accept	reject
1.0	ref_multiple_v_single	rejected_side	TTCCGGATCTGGGCCGCGACGGG	CRISPOR	accept	reject
1.0	ref_multiple_v_single	rejected_side	TCCGGATCTGGGCCGCGACGGGG	CRISPOR	accept	reject
1.2749	ref_multiple_v_single	rejected_side	GCCCCGTCGCGGCCCAGATCCGG	CRISPOR	accept	reject
1.1364	ref_multiple_v_single	rejected_side	GGATCTGGGCCGCGACGGGGCGG	CRISPOR	accept	reject
1.0	ref_multiple_v_single	rejected_side	CTGGGCCGCGACGGGGCGGTCGG	CRISPOR	accept	reject
1.0	ref_multiple_v_single	rejected_side	GACATCCGACCGCCCCGTCGCGG	CRISPOR	accept	reject
1.0	ref_multiple_v_single	rejected_side	GCGACGGGGCGGTCGGATGTCGG	CRISPOR	accept	reject
1.0	ref_multiple_v_single	rejected_side	ACGGGGCGGTCGGATGTCGGCGG	CRISPOR	accept	reject
1.5652	ref_multiple_v_single	rejected_side	GGCGGTCGGATGTCGGCGGCAGG	CRISPOR	accept	reject
1.0	ref_multiple_v_single	rejected_side	GGGCCGCATGCGATTGGAGCTGG	CRISPOR	accept	reject
1.0	ref_multiple_v_single	rejected_side	GGCCGCATGCGATTGGAGCTGGG	CRISPOR	accept	reject
1.0	ref_multiple_v_single	accepted	AACCCAGCTCCAATCGCATGCGG	CRISPOR	accept	accept
2.2571	ref_multiple_v_single	rejected_side	AGCTGGGTTCCAAGCGCCAATGG	CRISPOR	accept	reject
1.8571	ref_multiple_v_single	rejected_side	ATGGCGGTGCCATTGGCGCTTGG	CRISPOR	accept	reject
1.25	ref_multiple_v_single	rejected_side	TTTGCAAAGAGCTACCTAGCTGG	CRISPOR	accept	reject
1.2069	ref_multiple_v_single	rejected_side	AAAGATTGGCTGAACCAGCTAGG	CRISPOR	accept	reject
3.3593	ref_multiple_v_single	rejected_side	GGTTATCATATGTTGATCTCTGG	CRISPOR	accept	reject
2.6714	ref_multiple_v_single	rejected_side	GTTATCATATGTTGATCTCTGGG	CRISPOR	accept	reject
2.8111	ref_multiple_v_single	rejected_side	TTATCATATGTTGATCTCTGGGG	CRISPOR	accept	reject
4.0	ref_multiple_v_single	rejected_side	ACGTCGGCGTCGACGTGAACGGG	CRISPOR	accept	reject
1.525	ref_multiple_v_single	rejected_side	CGGCGTCGACGTGAACGGGCTGG	CRISPOR	accept	reject
33.0858	ref_multiple_v_single	rejected_side	ACGACGACGAGGAGGAGGTGGGG	CRISPOR	accept	reject
49.4977	ref_multiple_v_single	rejected_side	GACGACGACGAGGAGGAGGTGGG	CRISPOR	accept	reject
1.5	ref_multiple_v_single	accepted	CTGTCTGCACACGCGTGTTGAGG	CRISPOR	accept	accept
1.72	ref_multiple_v_single	accepted	GCGCGGGCTCGGCACTCTGTTGG	CRISPOR	accept	accept
1.9333	ref_multiple_v_single	rejected_side	GAGAAAGGATGAGAGCAGTTTGG	CRISPOR	accept	reject
2.0	ref_multiple_v_single	rejected_side	AGAAAGGATGAGAGCAGTTTGGG	CRISPOR	accept	reject
1.9412	ref_multiple_v_single	rejected_side	GAAAGGATGAGAGCAGTTTGGGG	CRISPOR	accept	reject
1.0909	ref_multiple_v_single	rejected_side	GCGTGGAAGGTGTCGGCGGCAGG	CRISPOR	accept	reject
1.2759	ref_multiple_v_single	rejected_side	CGTGGAAGGTGTCGGCGGCAGGG	CRISPOR	accept	reject
1.0	ref_multiple_v_single	rejected_side	CAAATGCAAGTATGAACAGTTGG	CRISPOR	accept	reject
1.0	ref_multiple_v_single	rejected_side	AAATGCAAGTATGAACAGTTGGG	CRISPOR	accept	reject
1.0	ref_multiple_v_single	rejected_side	AATGCAAGTATGAACAGTTGGGG	CRISPOR	accept	reject
34.5425	ref_multiple_v_single	rejected_side	GCGGAGGGCGGCGTCGGCGGCGG	CRISPOR	accept	reject
1.3529	ref_multiple_v_single	rejected_side	AGACCTGGGAGACGCATCCCCGG	CRISPOR	accept	reject
1.3333	ref_multiple_v_single	accepted	GGGGATGCGTCTCCCAGGTCTGG	CRISPOR	accept	accept
1.1176	ref_multiple_v_single	accepted	GGGATGCGTCTCCCAGGTCTGGG	CRISPOR	accept	accept
1.9524	ref_multiple_v_single	rejected_side	CAGTGCGGCTTCTGCACCCCGGG	CRISPOR	accept	reject
2.1238	ref_multiple_v_single	accepted	CGAACCGGAATAACACCGTCGGG	CRISPOR	accept	accept
2.1218	ref_multiple_v_single	rejected_side	ACGAACCGGAATAACACCGTCGG	CRISPOR	accept	reject
1.8571	ref_multiple_v_single	rejected_side	ACGGCTTATAGATGAAATATAGG	CRISPOR	accept	reject
1.5556	ref_multiple_v_single	rejected_side	CTATAAGCCGTTGTAAAGAATGG	CRISPOR	accept	reject
2.0	ref_multiple_v_single	rejected_side	GTGCATTCCATTCTTTACAACGG	CRISPOR	accept	reject
2.0	ref_multiple_v_single	rejected_side	AAAGAATGGAATGCACAAGGTGG	CRISPOR	accept	reject
1.9145	ref_multiple_v_single	rejected_side	TGCACAAGGTGGAAAGAGCAAGG	CRISPOR	accept	reject
2.2147	ref_multiple_v_single	rejected_side	CAATGTCCTTGACTGTTTCAAGG	CRISPOR	accept	reject
1.9091	ref_multiple_v_single	rejected_side	TGAAACAGTCAAGGACATTGTGG	CRISPOR	accept	reject
3.1828	ref_multiple_v_single	rejected_side	GGCGAGGAGCAGGGAGGAGGCGG	CRISPOR	accept	reject
8.8385	ref_multiple_v_single	rejected_side	CGCGGCGGCGGGGCGGCGGCCGG	CRISPOR	accept	reject
14.8551	ref_multiple_v_single	rejected_side	CGGCCGCCGCCCCGCCGCCGCGG	CRISPOR	accept	reject
1.5556	ref_multiple_v_single	rejected_side	GAAGACTCTGACCCAATTCATGG	CRISPOR	accept	reject
1.6667	ref_multiple_v_single	accepted	AAGACTCTGACCCAATTCATGGG	CRISPOR	accept	accept
4.5702	ref_multiple_v_single	rejected_side	GGAGGAGCGGGCGACGCCGGCGG	CRISPOR	accept	reject
3.3907	ref_multiple_v_single	rejected_side	GAGCGGGGGAGGAGGTCGCCGGG	CRISPOR	accept	reject
3.2197	ref_multiple_v_single	rejected_side	GGAGCGGGGGAGGAGGTCGCCGG	CRISPOR	accept	reject
2.0	ref_multiple_v_single	rejected_side	TGGCCGGACGCCGCCACCGCTGG	CRISPOR	accept	reject
3.675	ref_multiple_v_single	rejected_side	TTTTTATGGCAAGCAAACAACGG	CRISPOR	accept	reject
1.8	ref_multiple_v_single	rejected_side	GTGTGCCTCGCGGAGCTTCTTGG	CRISPOR	accept	reject
1.7333	ref_multiple_v_single	rejected_side	CGAGCACGTGGTGTGCCTCGCGG	CRISPOR	accept	reject
1.75	ref_multiple_v_single	rejected_side	CTAGAGGAAGTCATAAAAGCTGG	CRISPOR	accept	reject
2.0	ref_multiple_v_single	accepted	AAGGATCAATCCGGACCCAGAGG	CRISPOR	accept	accept
120.4556	ref_multiple_v_single	rejected_side	ATCGGCGTCGGCGTCGGCGTCGG	CRISPOR	accept	reject
17.975	ref_multiple_v_single	rejected_side	AAGCCACGCAGCCACAAGGACGG	CRISPOR	accept	reject
10.9062	ref_multiple_v_single	rejected_side	CCACGCAGCCACAAGGACGGCGG	CRISPOR	accept	reject
33.3022	ref_multiple_v_single	rejected_side	CGCAGCCACAAGGACGGCGGCGG	CRISPOR	accept	reject
50.6131	ref_multiple_v_single	rejected_side	AGCCACAAGGACGGCGGCGGCGG	CRISPOR	accept	reject
2.2347	ref_multiple_v_single	rejected_side	AAACAATTGGAAGCTGAGCCAGG	CRISPOR	accept	reject
82.2418	ref_multiple_v_single	rejected_side	GACGGTGGAGGTGGAGGTGGAGG	CRISPOR	accept	reject
1.0	ref_multiple_v_single	rejected_side	TGCAGGGCCGCGAGTTCGGCAGG	CRISPOR	accept	reject
1.0	ref_multiple_v_single	rejected_side	TCGCTGCAGGGCCGCGAGTTCGG	CRISPOR	accept	reject
1.0	ref_multiple_v_single	rejected_side	GCGGCCCTGCAGCGACCGCAAGG	CRISPOR	accept	reject
1.0	ref_multiple_v_single	rejected_side	AACGCCTTGCGGTCGCTGCAGGG	CRISPOR	accept	reject
1.0	ref_multiple_v_single	rejected_side	GAACGCCTTGCGGTCGCTGCAGG	CRISPOR	accept	reject
1.3529	ref_multiple_v_single	rejected_side	ACCGCAAGGCGTTCGTCTTCTGG	CRISPOR	accept	reject
1.0	ref_multiple_v_single	rejected_side	CCGCAAGGCGTTCGTCTTCTGGG	CRISPOR	accept	reject
1.0	ref_multiple_v_single	rejected_side	TCAGAGTCACTTTTGTTAAGAGG	CRISPOR	accept	reject
703.3722	ref_multiple_v_single	rejected_side	CGGCGGCGGCGGCGGCTGCGGGG	CRISPOR	accept	reject
2.6994	ref_multiple_v_single	rejected_side	GAGAGAGAGAGAGGCTGCGGCGG	CRISPOR	accept	reject
1.2632	ref_multiple_v_single	rejected_side	TGAACTGTATTCTGTAAGACAGG	CRISPOR	accept	reject
195.1341	ref_multiple_v_single	rejected_side	GGAGGAGGTGGCGGTGGTGGTGG	CRISPOR	accept	reject
1.6471	ref_multiple_v_single	rejected_side	GATCGCTCACCATCAGGTGCCGG	CRISPOR	accept	reject
2.4667	ref_multiple_v_single	rejected_side	GGCGAAGCTGTACGTGCAGGCGG	CRISPOR	accept	reject
3.0	ref_multiple_v_single	rejected_side	GGCAAAGAGATGCTGAGAGATGG	CRISPOR	accept	reject
2.3451	ref_multiple_v_single	rejected_side	TGACGTTGCCGAGCGAGGGAGGG	CRISPOR	accept	reject
2.6667	ref_multiple_v_single	rejected_side	GTGACGTTGCCGAGCGAGGGAGG	CRISPOR	accept	reject
1.4762	ref_multiple_v_single	rejected_side	ATTGGATGAATCTGATTCTTTGG	CRISPOR	accept	reject
2.0	ref_multiple_v_single	rejected_side	GGCGAAGGAGGGGAGCTGCACGG	CRISPOR	accept	reject
1.916	ref_multiple_v_single	rejected_side	GCTTGCGGTAGGCGGTGCGGAGG	CRISPOR	accept	reject
2.0	ref_multiple_v_single	accepted	TAGAACGCGCCGCGGAGTCCCGG	CRISPOR	accept	accept
1.6522	ref_multiple_v_single	rejected_side	GGACTCCGCGGCGCGTTCTACGG	CRISPOR	accept	reject
1.5556	ref_multiple_v_single	rejected_side	CTCCGCGGCGCGTTCTACGGCGG	CRISPOR	accept	reject
3.1704	ref_multiple_v_single	rejected_side	CGCCGCCGTAGAACGCGCCGCGG	CRISPOR	accept	reject
47.1194	ref_multiple_v_single	rejected_side	CGCCGCGGCGCCGCCGCCGGCGG	CRISPOR	accept	reject
163.8451	ref_multiple_v_single	rejected_side	GAAGCAGCAGCAGCAGCAGCCGG	CRISPOR	accept	reject
24.7282	ref_multiple_v_single	rejected_side	AGGCCGCGGCCGCGGCGGCGAGG	CRISPOR	accept	reject
1.249	ref_multiple_v_single	accepted	GATAACGTGGATGACAACATCGG	GuideScan2	accept	accept
25.4922	ref_multiple_v_single	rejected_side	GATTGGTTGGTTGGTTGGTTGGG	GuideScan2	accept	reject
30.1827	ref_multiple_v_single	rejected_side	GGCGGTGGCGCGGGAGGAGGAGG	GuideScan2	accept	reject
290.7998	ref_multiple_v_single	rejected_side	TGCGGTGGCGGCGGCGACGGCGG	GuideScan2	accept	reject
32.101	ref_multiple_v_single	rejected_side	GGCGACGGCGGCGGTGGCCGAGG	GuideScan2	accept	reject
1.0	ref_multiple_v_single	accepted	GCATCGCACGCTCGGGTTGAGGG	GuideScan2	accept	accept
1.0	ref_multiple_v_single	accepted	CATCGCACGCTCGGGTTGAGGGG	GuideScan2	accept	accept
1.0	ref_multiple_v_single	accepted	GCACGCTCGGGTTGAGGGGCCGG	GuideScan2	accept	accept
1.0	ref_multiple_v_single	accepted	AGGGGCCGGCCAAGTGCTCAAGG	GuideScan2	accept	accept
2.2727	ref_multiple_v_single	accepted	AAGCTCCTTGAGCACTTGGCCGG	GuideScan2	accept	accept
2.8824	ref_multiple_v_single	accepted	CCAAGTGCTCAAGGAGCTTCCGG	GuideScan2	accept	accept
1.8182	ref_multiple_v_single	accepted	GCTCAAGGAGCTTCCGGATCTGG	GuideScan2	accept	accept
2.2857	ref_multiple_v_single	accepted	CTCAAGGAGCTTCCGGATCTGGG	GuideScan2	accept	accept
1.0	ref_multiple_v_single	accepted	CTTCCGGATCTGGGCCGCGACGG	GuideScan2	accept	accept
1.0	ref_multiple_v_single	accepted	TTCCGGATCTGGGCCGCGACGGG	GuideScan2	accept	accept
1.0	ref_multiple_v_single	accepted	TCCGGATCTGGGCCGCGACGGGG	GuideScan2	accept	accept
1.2749	ref_multiple_v_single	accepted	GCCCCGTCGCGGCCCAGATCCGG	GuideScan2	accept	accept
1.1364	ref_multiple_v_single	accepted	GGATCTGGGCCGCGACGGGGCGG	GuideScan2	accept	accept
1.0	ref_multiple_v_single	accepted	CTGGGCCGCGACGGGGCGGTCGG	GuideScan2	accept	accept
1.0	ref_multiple_v_single	accepted	GACATCCGACCGCCCCGTCGCGG	GuideScan2	accept	accept
1.0	ref_multiple_v_single	accepted	GCGACGGGGCGGTCGGATGTCGG	GuideScan2	accept	accept
1.0	ref_multiple_v_single	accepted	ACGGGGCGGTCGGATGTCGGCGG	GuideScan2	accept	accept
1.5652	ref_multiple_v_single	accepted	GGCGGTCGGATGTCGGCGGCAGG	GuideScan2	accept	accept
1.0	ref_multiple_v_single	accepted	GGGCCGCATGCGATTGGAGCTGG	GuideScan2	accept	accept
1.0	ref_multiple_v_single	accepted	GGCCGCATGCGATTGGAGCTGGG	GuideScan2	accept	accept
1.0	ref_multiple_v_single	accepted	AACCCAGCTCCAATCGCATGCGG	GuideScan2	accept	accept
2.2571	ref_multiple_v_single	accepted	AGCTGGGTTCCAAGCGCCAATGG	GuideScan2	accept	accept
1.8571	ref_multiple_v_single	accepted	ATGGCGGTGCCATTGGCGCTTGG	GuideScan2	accept	accept
1.25	ref_multiple_v_single	accepted	TTTGCAAAGAGCTACCTAGCTGG	GuideScan2	accept	accept
1.2069	ref_multiple_v_single	accepted	AAAGATTGGCTGAACCAGCTAGG	GuideScan2	accept	accept
3.3593	ref_multiple_v_single	accepted	GGTTATCATATGTTGATCTCTGG	GuideScan2	accept	accept
2.6714	ref_multiple_v_single	accepted	GTTATCATATGTTGATCTCTGGG	GuideScan2	accept	accept
2.8111	ref_multiple_v_single	accepted	TTATCATATGTTGATCTCTGGGG	GuideScan2	accept	accept
4.0	ref_multiple_v_single	accepted	ACGTCGGCGTCGACGTGAACGGG	GuideScan2	accept	accept
1.525	ref_multiple_v_single	accepted	CGGCGTCGACGTGAACGGGCTGG	GuideScan2	accept	accept
33.0858	ref_multiple_v_single	rejected_side	ACGACGACGAGGAGGAGGTGGGG	GuideScan2	accept	reject
49.4977	ref_multiple_v_single	rejected_side	GACGACGACGAGGAGGAGGTGGG	GuideScan2	accept	reject
1.5	ref_multiple_v_single	accepted	CTGTCTGCACACGCGTGTTGAGG	GuideScan2	accept	accept
1.72	ref_multiple_v_single	accepted	GCGCGGGCTCGGCACTCTGTTGG	GuideScan2	accept	accept
1.9333	ref_multiple_v_single	accepted	GAGAAAGGATGAGAGCAGTTTGG	GuideScan2	accept	accept
2.0	ref_multiple_v_single	accepted	AGAAAGGATGAGAGCAGTTTGGG	GuideScan2	accept	accept
1.9412	ref_multiple_v_single	accepted	GAAAGGATGAGAGCAGTTTGGGG	GuideScan2	accept	accept
1.0909	ref_multiple_v_single	accepted	GCGTGGAAGGTGTCGGCGGCAGG	GuideScan2	accept	accept
1.2759	ref_multiple_v_single	accepted	CGTGGAAGGTGTCGGCGGCAGGG	GuideScan2	accept	accept
1.0	ref_multiple_v_single	accepted	CAAATGCAAGTATGAACAGTTGG	GuideScan2	accept	accept
1.0	ref_multiple_v_single	accepted	AAATGCAAGTATGAACAGTTGGG	GuideScan2	accept	accept
1.0	ref_multiple_v_single	accepted	AATGCAAGTATGAACAGTTGGGG	GuideScan2	accept	accept
34.5425	ref_multiple_v_single	rejected_side	GCGGAGGGCGGCGTCGGCGGCGG	GuideScan2	accept	reject
1.3529	ref_multiple_v_single	accepted	AGACCTGGGAGACGCATCCCCGG	GuideScan2	accept	accept
1.3333	ref_multiple_v_single	accepted	GGGGATGCGTCTCCCAGGTCTGG	GuideScan2	accept	accept
1.1176	ref_multiple_v_single	accepted	GGGATGCGTCTCCCAGGTCTGGG	GuideScan2	accept	accept
1.9524	ref_multiple_v_single	accepted	CAGTGCGGCTTCTGCACCCCGGG	GuideScan2	accept	accept
2.1238	ref_multiple_v_single	accepted	CGAACCGGAATAACACCGTCGGG	GuideScan2	accept	accept
2.1218	ref_multiple_v_single	accepted	ACGAACCGGAATAACACCGTCGG	GuideScan2	accept	accept
1.8571	ref_multiple_v_single	accepted	ACGGCTTATAGATGAAATATAGG	GuideScan2	accept	accept
1.5556	ref_multiple_v_single	accepted	CTATAAGCCGTTGTAAAGAATGG	GuideScan2	accept	accept
2.0	ref_multiple_v_single	accepted	GTGCATTCCATTCTTTACAACGG	GuideScan2	accept	accept
2.0	ref_multiple_v_single	accepted	AAAGAATGGAATGCACAAGGTGG	GuideScan2	accept	accept
1.9145	ref_multiple_v_single	accepted	TGCACAAGGTGGAAAGAGCAAGG	GuideScan2	accept	accept
2.2147	ref_multiple_v_single	accepted	CAATGTCCTTGACTGTTTCAAGG	GuideScan2	accept	accept
1.9091	ref_multiple_v_single	accepted	TGAAACAGTCAAGGACATTGTGG	GuideScan2	accept	accept
3.1828	ref_multiple_v_single	rejected_side	GGCGAGGAGCAGGGAGGAGGCGG	GuideScan2	accept	reject
8.8385	ref_multiple_v_single	rejected_side	CGCGGCGGCGGGGCGGCGGCCGG	GuideScan2	accept	reject
14.8551	ref_multiple_v_single	rejected_side	CGGCCGCCGCCCCGCCGCCGCGG	GuideScan2	accept	reject
1.5556	ref_multiple_v_single	accepted	GAAGACTCTGACCCAATTCATGG	GuideScan2	accept	accept
1.6667	ref_multiple_v_single	accepted	AAGACTCTGACCCAATTCATGGG	GuideScan2	accept	accept
4.5702	ref_multiple_v_single	accepted	GGAGGAGCGGGCGACGCCGGCGG	GuideScan2	accept	accept
3.3907	ref_multiple_v_single	rejected_side	GAGCGGGGGAGGAGGTCGCCGGG	GuideScan2	accept	reject
3.2197	ref_multiple_v_single	rejected_side	GGAGCGGGGGAGGAGGTCGCCGG	GuideScan2	accept	reject
2.0	ref_multiple_v_single	accepted	TGGCCGGACGCCGCCACCGCTGG	GuideScan2	accept	accept
3.675	ref_multiple_v_single	accepted	TTTTTATGGCAAGCAAACAACGG	GuideScan2	accept	accept
1.8	ref_multiple_v_single	accepted	GTGTGCCTCGCGGAGCTTCTTGG	GuideScan2	accept	accept
1.7333	ref_multiple_v_single	accepted	CGAGCACGTGGTGTGCCTCGCGG	GuideScan2	accept	accept
1.75	ref_multiple_v_single	accepted	CTAGAGGAAGTCATAAAAGCTGG	GuideScan2	accept	accept
2.0	ref_multiple_v_single	accepted	AAGGATCAATCCGGACCCAGAGG	GuideScan2	accept	accept
120.4556	ref_multiple_v_single	rejected_side	ATCGGCGTCGGCGTCGGCGTCGG	GuideScan2	accept	reject
17.975	ref_multiple_v_single	rejected_side	AAGCCACGCAGCCACAAGGACGG	GuideScan2	accept	reject
10.9062	ref_multiple_v_single	rejected_side	CCACGCAGCCACAAGGACGGCGG	GuideScan2	accept	reject
33.3022	ref_multiple_v_single	rejected_side	CGCAGCCACAAGGACGGCGGCGG	GuideScan2	accept	reject
50.6131	ref_multiple_v_single	rejected_side	AGCCACAAGGACGGCGGCGGCGG	GuideScan2	accept	reject
2.2347	ref_multiple_v_single	accepted	AAACAATTGGAAGCTGAGCCAGG	GuideScan2	accept	accept
82.2418	ref_multiple_v_single	rejected_side	GACGGTGGAGGTGGAGGTGGAGG	GuideScan2	accept	reject
1.0	ref_multiple_v_single	accepted	TGCAGGGCCGCGAGTTCGGCAGG	GuideScan2	accept	accept
1.0	ref_multiple_v_single	accepted	TCGCTGCAGGGCCGCGAGTTCGG	GuideScan2	accept	accept
1.0	ref_multiple_v_single	accepted	GCGGCCCTGCAGCGACCGCAAGG	GuideScan2	accept	accept
1.0	ref_multiple_v_single	accepted	AACGCCTTGCGGTCGCTGCAGGG	GuideScan2	accept	accept
1.0	ref_multiple_v_single	accepted	GAACGCCTTGCGGTCGCTGCAGG	GuideScan2	accept	accept
1.3529	ref_multiple_v_single	accepted	ACCGCAAGGCGTTCGTCTTCTGG	GuideScan2	accept	accept
1.0	ref_multiple_v_single	accepted	CCGCAAGGCGTTCGTCTTCTGGG	GuideScan2	accept	accept
1.0	ref_multiple_v_single	accepted	TCAGAGTCACTTTTGTTAAGAGG	GuideScan2	accept	accept
703.3722	ref_multiple_v_single	rejected_side	CGGCGGCGGCGGCGGCTGCGGGG	GuideScan2	accept	reject
2.6994	ref_multiple_v_single	rejected_side	GAGAGAGAGAGAGGCTGCGGCGG	GuideScan2	accept	reject
1.2632	ref_multiple_v_single	accepted	TGAACTGTATTCTGTAAGACAGG	GuideScan2	accept	accept
195.1341	ref_multiple_v_single	rejected_side	GGAGGAGGTGGCGGTGGTGGTGG	GuideScan2	accept	reject
1.6471	ref_multiple_v_single	accepted	GATCGCTCACCATCAGGTGCCGG	GuideScan2	accept	accept
2.4667	ref_multiple_v_single	accepted	GGCGAAGCTGTACGTGCAGGCGG	GuideScan2	accept	accept
3.0	ref_multiple_v_single	accepted	GGCAAAGAGATGCTGAGAGATGG	GuideScan2	accept	accept
2.3451	ref_multiple_v_single	accepted	TGACGTTGCCGAGCGAGGGAGGG	GuideScan2	accept	accept
2.6667	ref_multiple_v_single	accepted	GTGACGTTGCCGAGCGAGGGAGG	GuideScan2	accept	accept
1.4762	ref_multiple_v_single	accepted	ATTGGATGAATCTGATTCTTTGG	GuideScan2	accept	accept
2.0	ref_multiple_v_single	accepted	GGCGAAGGAGGGGAGCTGCACGG	GuideScan2	accept	accept
1.916	ref_multiple_v_single	accepted	GCTTGCGGTAGGCGGTGCGGAGG	GuideScan2	accept	accept
2.0	ref_multiple_v_single	accepted	TAGAACGCGCCGCGGAGTCCCGG	GuideScan2	accept	accept
1.6522	ref_multiple_v_single	accepted	GGACTCCGCGGCGCGTTCTACGG	GuideScan2	accept	accept
1.5556	ref_multiple_v_single	accepted	CTCCGCGGCGCGTTCTACGGCGG	GuideScan2	accept	accept
3.1704	ref_multiple_v_single	accepted	CGCCGCCGTAGAACGCGCCGCGG	GuideScan2	accept	accept
47.1194	ref_multiple_v_single	rejected_side	CGCCGCGGCGCCGCCGCCGGCGG	GuideScan2	accept	reject
163.8451	ref_multiple_v_single	rejected_side	GAAGCAGCAGCAGCAGCAGCCGG	GuideScan2	accept	reject
24.7282	ref_multiple_v_single	rejected_side	AGGCCGCGGCCGCGGCGGCGAGG	GuideScan2	accept	reject
1.0	present_v_absent	accepted	AGCCTCTCGAGATTACACGACGG	kRISP-meR	accept	accept
1.0	present_v_absent	accepted	ATCAATGGCGCCGCGACGCCTGG	kRISP-meR	accept	accept
1.0	present_v_absent	accepted	GCAAGAGCAGCCAGGCGTCGCGG	kRISP-meR	accept	accept
1.0	present_v_absent	accepted	ACAGAAGCATGTGGACAAGAGGG	kRISP-meR	accept	accept
1.0	present_v_absent	accepted	TACAGAAGCATGTGGACAAGAGG	kRISP-meR	accept	accept
1.0	present_v_absent	accepted	TGAAATGGTACAGAAGCATGTGG	kRISP-meR	accept	accept
1.6522	present_v_absent	rejected_side	GGAGTAGTACATGGTAAAAATGG	kRISP-meR	accept	reject
1.0	present_v_absent	accepted	ACCATGTACTACTCCACTTGTGG	kRISP-meR	accept	accept
1.0	present_v_absent	accepted	CCATGTACTACTCCACTTGTGGG	kRISP-meR	accept	accept
29.0837	present_v_absent	rejected_side	GGGGGAGGAGAAGAAGAAGAAGG	kRISP-meR	accept	reject
8.1976	present_v_absent	rejected_side	GGAGAAGGAGGAGAAGGCCGCGG	kRISP-meR	accept	reject
9.9212	present_v_absent	rejected_side	GAAGGAGGAGAAGGCCGCGGCGG	kRISP-meR	accept	reject
4.3692	present_v_absent	accepted	ATCGGCGCCCTCCGCCGCCGCGG	kRISP-meR	accept	accept
1.3784	present_v_absent	accepted	GGCGGCTGGCCTCGCCGGCATGG	kRISP-meR	accept	accept
2.3788	present_v_absent	accepted	GGCCTCGCCGGCATGGACGCCGG	kRISP-meR	accept	accept
1.2692	present_v_absent	accepted	CGCCGGCGTCCATGCCGGCGAGG	kRISP-meR	accept	accept
1.202	present_v_absent	accepted	CTCGCCGGCATGGACGCCGGCGG	kRISP-meR	accept	accept
1.6957	present_v_absent	rejected_side	TGTGCCGCCGGCGTCCATGCCGG	kRISP-meR	accept	reject
1.0	present_v_absent	accepted	TTGATCATCGGATGATCTGAAGG	kRISP-meR	accept	accept
3.1462	present_v_absent	rejected_side	GGGATCCTCGTCTCTGCCTCCGG	kRISP-meR	accept	reject
1.8791	present_v_absent	rejected_side	AGGCAGAGACGAGGATCCCTAGG	kRISP-meR	accept	reject
1.0	present_v_absent	accepted	TCGTCCTGTCGCCGATGAGCAGG	kRISP-meR	accept	accept
1.0	present_v_absent	accepted	AGTTCTTTCGGTCGCTGAGGAGG	kRISP-meR	accept	accept
1.0	present_v_absent	accepted	CGCAGTTCTTTCGGTCGCTGAGG	kRISP-meR	accept	accept
1.0	present_v_absent	accepted	CTCAGCGACCGAAAGAACTGCGG	kRISP-meR	accept	accept
1.0	present_v_absent	accepted	AGCAGTCGCCGCAGTTCTTTCGG	kRISP-meR	accept	accept
1.0	present_v_absent	accepted	TACACTTCTTGCTGGGGCAGCGG	kRISP-meR	accept	accept
1.0	present_v_absent	accepted	CGAAGCTACACTTCTTGCTGGGG	kRISP-meR	accept	accept
1.0	present_v_absent	accepted	CCCAGCAAGAAGTGTAGCTTCGG	kRISP-meR	accept	accept
1.0	present_v_absent	accepted	GCCGAAGCTACACTTCTTGCTGG	kRISP-meR	accept	accept
1.0	present_v_absent	accepted	GCTAGGGCAAGGTAAGGAGGAGG	kRISP-meR	accept	accept
1.0	present_v_absent	accepted	CGAGCTAGGGCAAGGTAAGGAGG	kRISP-meR	accept	accept
1.0	present_v_absent	accepted	ACTCGAGCTAGGGCAAGGTAAGG	kRISP-meR	accept	accept
1.0	present_v_absent	accepted	CGTCGACTCGAGCTAGGGCAAGG	kRISP-meR	accept	accept
1.0	present_v_absent	accepted	CGTCGCGTCGACTCGAGCTAGGG	kRISP-meR	accept	accept
1.0	present_v_absent	accepted	TCGTCGCGTCGACTCGAGCTAGG	kRISP-meR	accept	accept
1.0	present_v_absent	rejected_side	TCTTGCAAATTGCCATATGTTGG	kRISP-meR	accept	reject
1.0	present_v_absent	rejected_side	CTTGCAAATTGCCATATGTTGGG	kRISP-meR	accept	reject
1.0	present_v_absent	accepted	GCCATATGTTGGGTTGATTCTGG	kRISP-meR	accept	accept
1.0	present_v_absent	rejected_side	GCCAGAATCAACCCAACATATGG	kRISP-meR	accept	reject
1.0	present_v_absent	accepted	GCCCGAGGGGAAGGATAAAGAGG	kRISP-meR	accept	accept
1.0	present_v_absent	accepted	TCCTCTTTATCCTTCCCCTCGGG	kRISP-meR	accept	accept
2.6037	present_v_absent	rejected_side	CTCCTCTTTATCCTTCCCCTCGG	kRISP-meR	accept	reject
3.3272	present_v_absent	rejected_side	AGGGGAAGGATAAAGAGGAGAGG	kRISP-meR	accept	reject
1.2755	present_v_absent	accepted	GGAAGGATAAAGAGGAGAGGAGG	kRISP-meR	accept	accept
1.0	present_v_absent	accepted	TAAAGAGGAGAGGAGGTGCTCGG	kRISP-meR	accept	accept
1.0	present_v_absent	accepted	AAAGAGGAGAGGAGGTGCTCGGG	kRISP-meR	accept	accept
3.9246	present_v_absent	rejected_side	TACTGTCCATAGCTGGTGCCTGG	kRISP-meR	accept	reject
3.8873	present_v_absent	rejected_side	GTATAGATACTGTCCATAGCTGG	kRISP-meR	accept	reject
4.4675	present_v_absent	rejected_side	TGGACAGTATCTATACCTCAAGG	kRISP-meR	accept	reject
5.8	present_v_absent	rejected_side	AACATGAAGAGACTTCCTTGAGG	kRISP-meR	accept	reject
6.231	present_v_absent	rejected_side	ATCCAGAAAGAAATATTGAGGGG	kRISP-meR	accept	reject
5.0625	present_v_absent	rejected_side	CATCCAGAAAGAAATATTGAGGG	kRISP-meR	accept	reject
5.4	present_v_absent	rejected_side	GCATCCAGAAAGAAATATTGAGG	kRISP-meR	accept	reject
1.0	present_v_absent	accepted	ATCATGGAATTCTTCGCAGAAGG	kRISP-meR	accept	accept
1.0	present_v_absent	accepted	GCAACTGCGTGCTAAGTTAGAGG	kRISP-meR	accept	accept
1.0	present_v_absent	accepted	TATATTCCGATGTTTTCTGTCGG	kRISP-meR	accept	accept
1.0	present_v_absent	accepted	AGAAAACATCGGAATATATTTGG	kRISP-meR	accept	accept
1.0	present_v_absent	accepted	AAAAGGAGGTCATATTGCGAAGG	kRISP-meR	accept	accept
1.9231	present_v_absent	rejected_side	ATCAAATCAATTAAAGGACGCGG	kRISP-meR	accept	reject
1.875	present_v_absent	rejected_side	CGTCCTTTAATTGATTTGATTGG	kRISP-meR	accept	reject
1.8125	present_v_absent	rejected_side	GTCCTTTAATTGATTTGATTGGG	kRISP-meR	accept	reject
1.7143	present_v_absent	rejected_side	AACCCAATCAAATCAATTAAAGG	kRISP-meR	accept	reject
2.8375	present_v_absent	rejected_side	ATAATGGCAAGAGGGAATTAAGG	kRISP-meR	accept	reject
2.2013	present_v_absent	rejected_side	ATTCCCTCTTGCCATTATCGAGG	kRISP-meR	accept	reject
2.2333	present_v_absent	rejected_side	TTCCCTCTTGCCATTATCGAGGG	kRISP-meR	accept	reject
3.6429	present_v_absent	rejected_side	CTCCCTCGATAATGGCAAGAGGG	kRISP-meR	accept	reject
3.9333	present_v_absent	rejected_side	ACTCCCTCGATAATGGCAAGAGG	kRISP-meR	accept	reject
1.0	present_v_absent	accepted	GGCCATGTGGTGTGTCCAAGTGG	kRISP-meR	accept	accept
1.0	present_v_absent	accepted	CTCCACTTGGACACACCACATGG	kRISP-meR	accept	accept
1.0	present_v_absent	accepted	TCCAAGTGGAGCCGCAGTCTCGG	kRISP-meR	accept	accept
1.0	present_v_absent	accepted	GCCGAGACTGCGGCTCCACTTGG	kRISP-meR	accept	accept
1.0	present_v_absent	accepted	GCCGCAGTCTCGGCCATCCATGG	kRISP-meR	accept	accept
1.0	present_v_absent	accepted	TCCATGGATGGCCGAGACTGCGG	kRISP-meR	accept	accept
1.0	present_v_absent	accepted	CAGTCTCGGCCATCCATGGATGG	kRISP-meR	accept	accept
1.0	present_v_absent	accepted	AAGATGACACCATCCATGGATGG	kRISP-meR	accept	accept
1.0	present_v_absent	accepted	CATCAAGATGACACCATCCATGG	kRISP-meR	accept	accept
1.0	present_v_absent	accepted	GAAGCTAGAGGAGGAGGAAATGG	kRISP-meR	accept	accept
1.3846	present_v_absent	rejected_side	TAAGAAGAAGCTAGAGGAGGAGG	kRISP-meR	accept	reject
1.0	present_v_absent	accepted	ATTTTGCTAAACTAATTAGGGGG	kRISP-meR	accept	accept
1.0	present_v_absent	accepted	AATTTTGCTAAACTAATTAGGGG	kRISP-meR	accept	accept
1.0	present_v_absent	accepted	TAATTTTGCTAAACTAATTAGGG	kRISP-meR	accept	accept
1.0	present_v_absent	accepted	CTAATTTTGCTAAACTAATTAGG	kRISP-meR	accept	accept
1.0	present_v_absent	accepted	TACTGCCTTGTCATTTGTCGAGG	kRISP-meR	accept	accept
1.0	present_v_absent	accepted	AATAGCATACAATAAACAAGGGG	kRISP-meR	accept	accept
1.0	present_v_absent	accepted	AAATAGCATACAATAAACAAGGG	kRISP-meR	accept	accept
1.5573	present_v_absent	rejected_side	AAAATAGCATACAATAAACAAGG	kRISP-meR	accept	reject
1.0	present_v_absent	accepted	CAGGTTCCACTTCAGGCCAGTGG	kRISP-meR	accept	accept
1.0	present_v_absent	accepted	AAGCAAAGCCACGCCAACGGCGG	kRISP-meR	accept	accept
1.1837	present_v_absent	accepted	CAAAGCCACGCCAACGGCGGCGG	kRISP-meR	accept	accept
6.6798	present_v_absent	rejected_side	AGCCACGCCAACGGCGGCGGCGG	kRISP-meR	accept	reject
9.8188	present_v_absent	rejected_side	CGCCGCCGCCGCCGTTGGCGTGG	kRISP-meR	accept	reject
129.1258	present_v_absent	rejected_side	GCCAACGGCGGCGGCGGCGACGG	kRISP-meR	accept	reject
133.7983	present_v_absent	rejected_side	GGCGGCGACGGCGCCGCCGCCGG	kRISP-meR	accept	reject
6.3037	present_v_absent	rejected_side	CGGCGCCGCCGCCGGCAAGCCGG	kRISP-meR	accept	reject
2.25	present_v_absent	accepted	GGCTGCCGGCTTGCCGGCGGCGG	kRISP-meR	accept	accept
1.0	present_v_absent	accepted	TCATGTCAATTTCGCTTATTTGG	kRISP-meR	accept	accept
1.0	present_v_absent	accepted	CATGTCAATTTCGCTTATTTGGG	kRISP-meR	accept	accept
1.0	present_v_absent	accepted	ATGTCAATTTCGCTTATTTGGGG	kRISP-meR	accept	accept
1.0	present_v_absent	accepted	CAAAGTGGCAGCGGAGGGTGAGG	kRISP-meR	accept	accept
1.0	present_v_absent	accepted	GGCAGCAAAGTGGCAGCGGAGGG	kRISP-meR	accept	accept
1.4667	present_v_absent	accepted	TGGCAGCAAAGTGGCAGCGGAGG	kRISP-meR	accept	accept
1.0533	present_v_absent	accepted	CGGTGGCAGCAAAGTGGCAGCGG	kRISP-meR	accept	accept
1.0	present_v_absent	accepted	AGGCATCGGTGGCAGCAAAGTGG	kRISP-meR	accept	accept
1.9466	present_v_absent	rejected_side	GACTGGTGTGGGCGAAGCGCTGG	kRISP-meR	accept	reject
1.1905	present_v_absent	accepted	CTTCGCCCACACCAGTCTCCTGG	kRISP-meR	accept	accept
1.1846	present_v_absent	accepted	GAAGTCCAGGAGACTGGTGTGGG	kRISP-meR	accept	accept
1.0	present_v_absent	accepted	CGAAGTCCAGGAGACTGGTGTGG	kRISP-meR	accept	accept
1.0	present_v_absent	accepted	CTCTGCGAAGTCCAGGAGACTGG	kRISP-meR	accept	accept
3.2903	present_v_absent	rejected_side	CGGGGCGGCGAGGGCGGCGTCGG	kRISP-meR	accept	not_generated
1.0	present_v_absent	rejected_side	AATACTCGGGGCGGCGAGGGCGG	kRISP-meR	accept	not_generated
1.0	present_v_absent	rejected_side	GGCAATACTCGGGGCGGCGAGGG	kRISP-meR	accept	not_generated
1.0	present_v_absent	rejected_side	TGGCAATACTCGGGGCGGCGAGG	kRISP-meR	accept	not_generated
1.0	present_v_absent	rejected_side	TGGCGTGGCAATACTCGGGGCGG	kRISP-meR	accept	not_generated
3.0445	present_v_absent	rejected_side	TGGCTGCTCAAGAACTCGTGGGG	kRISP-meR	accept	reject
1.0756	present_v_absent	accepted	AGAACTCGTGGGGCACCGACTGG	kRISP-meR	accept	accept
1.8045	present_v_absent	rejected_side	GAACTCGTGGGGCACCGACTGGG	kRISP-meR	accept	reject
2.4874	present_v_absent	rejected_side	AACTCGTGGGGCACCGACTGGGG	kRISP-meR	accept	reject
1.4211	present_v_absent	accepted	ACTCGTGGGGCACCGACTGGGGG	kRISP-meR	accept	accept
1.5294	present_v_absent	rejected_side	CTCGTGGGGCACCGACTGGGGGG	kRISP-meR	accept	reject
1.0	present_v_absent	accepted	GGCACCGACTGGGGGGAGAACGG	kRISP-meR	accept	accept
1.0	present_v_absent	accepted	CAATGTGATCATGTAGTTTCTGG	kRISP-meR	accept	accept
1.0	present_v_absent	accepted	AAAATGCCTTTTTTGGTATTTGG	kRISP-meR	accept	accept
1.0	present_v_absent	accepted	TGTAAAAAAAATGCCTTTTTTGG	kRISP-meR	accept	accept
41.5763	present_v_absent	rejected_side	CGGGGGCGGGGGCGGGGCCGGGG	kRISP-meR	accept	reject
39.0666	present_v_absent	rejected_side	GCGGGGGCGGGGGCGGGGCCGGG	kRISP-meR	accept	reject
6.1108	present_v_absent	accepted	CGCCCCCGCCCCCGCCCTCTCGG	kRISP-meR	accept	accept
1.0	present_v_absent	accepted	ATCCGAGAGGGCGGGGGCGGGGG	kRISP-meR	accept	accept
1.0	present_v_absent	accepted	GATCCGAGAGGGCGGGGGCGGGG	kRISP-meR	accept	accept
1.0	present_v_absent	accepted	GGATCCGAGAGGGCGGGGGCGGG	kRISP-meR	accept	accept
1.0	present_v_absent	accepted	GGGATCCGAGAGGGCGGGGGCGG	kRISP-meR	accept	accept
1.0	present_v_absent	accepted	AAGGGGATCCGAGAGGGCGGGGG	kRISP-meR	accept	accept
1.0	present_v_absent	accepted	AAAGGGGATCCGAGAGGGCGGGG	kRISP-meR	accept	accept
1.0	present_v_absent	accepted	GAAAGGGGATCCGAGAGGGCGGG	kRISP-meR	accept	accept
1.0	present_v_absent	accepted	GGAAAGGGGATCCGAGAGGGCGG	kRISP-meR	accept	accept
1.0	present_v_absent	accepted	AGAGGAAAGGGGATCCGAGAGGG	kRISP-meR	accept	accept
1.0	present_v_absent	accepted	GAGAGGAAAGGGGATCCGAGAGG	kRISP-meR	accept	accept
1.0	present_v_absent	accepted	AATGTCAGAATTGCAGGGATTGG	kRISP-meR	accept	accept
1.0	present_v_absent	accepted	AATTGAATGTCAGAATTGCAGGG	kRISP-meR	accept	accept
1.0	present_v_absent	accepted	AAATTGAATGTCAGAATTGCAGG	kRISP-meR	accept	accept
1.0	present_v_absent	accepted	GCAATTCTGACATTCAATTTTGG	kRISP-meR	accept	accept
10.9144	present_v_absent	rejected_side	GTGCTAGCGACACTTGCTGCGGG	kRISP-meR	accept	reject
12.6667	present_v_absent	rejected_side	GGTGCTAGCGACACTTGCTGCGG	kRISP-meR	accept	reject
10.2429	present_v_absent	rejected_side	TTGTCGATGGACCTCCGAATTGG	kRISP-meR	accept	reject
21.615	present_v_absent	rejected_side	TCCATCGACAAATCACCGCTTGG	kRISP-meR	accept	reject
18.1319	present_v_absent	rejected_side	ACCAAGCGGTGATTTGTCGATGG	kRISP-meR	accept	reject
1.5625	present_v_absent	rejected_side	CATTGCAGGCTTGCAGCACAGGG	kRISP-meR	accept	reject
2.0	present_v_absent	rejected_side	GCATTGCAGGCTTGCAGCACAGG	kRISP-meR	accept	reject
1.0	present_v_absent	accepted	GCAAGCCTGCAATGCCTATCTGG	kRISP-meR	accept	accept
1.0	present_v_absent	accepted	CAAGCCTGCAATGCCTATCTGGG	kRISP-meR	accept	accept
1.0	present_v_absent	accepted	ATCTCCCAGATAGGCATTGCAGG	kRISP-meR	accept	accept
1.0	present_v_absent	accepted	ATTCAATGAGACTTTTCTCTTGG	kRISP-meR	accept	accept
1.0	present_v_absent	accepted	TTCAATGAGACTTTTCTCTTGGG	kRISP-meR	accept	accept
1.0	present_v_absent	accepted	ATGAGACTTTTCTCTTGGGATGG	kRISP-meR	accept	accept
1.0	present_v_absent	accepted	CGTGAAAGAGATATGGCCGGCGG	kRISP-meR	accept	accept
1.0	present_v_absent	accepted	TAGCGTGAAAGAGATATGGCCGG	kRISP-meR	accept	accept
1.0	present_v_absent	accepted	GCCATATCTCTTTCACGCTAAGG	kRISP-meR	accept	accept
1.0	present_v_absent	accepted	ACCTTAGCGTGAAAGAGATATGG	kRISP-meR	accept	accept
1.0	present_v_absent	accepted	ACGCGCGGTGGGCGCGGGCACGG	kRISP-meR	accept	accept
1.0	present_v_absent	accepted	CGCGCGGTGGGCGCGGGCACGGG	kRISP-meR	accept	accept
1.6923	present_v_absent	rejected_side	GCGCGGTGGGCGCGGGCACGGGG	kRISP-meR	accept	reject
1.0	present_v_absent	accepted	CGCGGTGGGCGCGGGCACGGGGG	kRISP-meR	accept	accept
1.0	present_v_absent	accepted	GCGGGCACGGGGGCTCCCGTCGG	kRISP-meR	accept	accept
1.0	present_v_absent	accepted	GGCACGGGGGCTCCCGTCGGCGG	kRISP-meR	accept	accept
1.0	present_v_absent	accepted	CGAGGCCGGGCGGCGCACGCTGG	kRISP-meR	accept	accept
1.0	present_v_absent	accepted	GGCCGGGCGGCGCACGCTGGAGG	kRISP-meR	accept	accept
1.0	present_v_absent	accepted	CTCCTCCAGCGTGCGCCGCCCGG	kRISP-meR	accept	accept
1.0	present_v_absent	accepted	GCGGCGCACGCTGGAGGAGACGG	kRISP-meR	accept	accept
1.0	present_v_absent	accepted	AGCGCCGCCACTTGCTTCCCAGG	kRISP-meR	accept	accept
1.0	present_v_absent	accepted	TGGGAAGCAAGTGGCGGCGCTGG	kRISP-meR	accept	accept
1.0	present_v_absent	accepted	GGGAAGCAAGTGGCGGCGCTGGG	kRISP-meR	accept	accept
1.0	present_v_absent	accepted	AAGCAAGTGGCGGCGCTGGGTGG	kRISP-meR	accept	accept
1.0	present_v_absent	accepted	AGCAAGTGGCGGCGCTGGGTGGG	kRISP-meR	accept	accept
1.0369	present_v_absent	accepted	GTGGCGGCGCTGGGTGGGCTAGG	kRISP-meR	accept	accept
1.0	present_v_absent	accepted	GGCGCTGGGTGGGCTAGGCGTGG	kRISP-meR	accept	accept
1.0	present_v_absent	accepted	GCGCTGGGTGGGCTAGGCGTGGG	kRISP-meR	accept	accept
1.0	present_v_absent	accepted	GGTGCAAGGTGCAAACGACGAGG	kRISP-meR	accept	accept
1.0	present_v_absent	accepted	GCACATCAGCAAAACTCGTGCGG	kRISP-meR	accept	accept
1.0	present_v_absent	accepted	GAGTTTTGCTGATGTGCAGATGG	kRISP-meR	accept	accept
1.0	present_v_absent	accepted	GAAGCCGAGTTTGGTGGCGGCGG	kRISP-meR	accept	accept
1.0	present_v_absent	accepted	GGAGAAGCCGAGTTTGGTGGCGG	kRISP-meR	accept	accept
1.0	present_v_absent	accepted	GGCGGAGAAGCCGAGTTTGGTGG	kRISP-meR	accept	accept
1.0	present_v_absent	accepted	GGAGGCGGAGAAGCCGAGTTTGG	kRISP-meR	accept	accept
1.0	present_v_absent	rejected_side	CAGACATCATTCAGGGGAAGTGG	kRISP-meR	accept	reject
1.0	present_v_absent	accepted	AAACATCAGACATCATTCAGGGG	kRISP-meR	accept	accept
1.0	present_v_absent	accepted	GAAACATCAGACATCATTCAGGG	kRISP-meR	accept	accept
1.0	present_v_absent	accepted	AGAAACATCAGACATCATTCAGG	kRISP-meR	accept	accept
1.448	present_v_absent	accepted	TCACCGATCGATCGGCCGGCCGG	kRISP-meR	accept	accept
1.4545	present_v_absent	accepted	TCGATCACCGATCGATCGGCCGG	kRISP-meR	accept	accept
1.7895	present_v_absent	rejected_side	TCGATCGATCACCGATCGATCGG	kRISP-meR	accept	reject
2.6286	present_v_absent	rejected_side	AGCCCTACACGCTCTACGTCTGG	kRISP-meR	accept	not_generated
1.7431	present_v_absent	rejected_side	CTCCAGACGTAGAGCGTGTAGGG	kRISP-meR	accept	not_generated
3.6875	present_v_absent	rejected_side	CCTACACGCTCTACGTCTGGAGG	kRISP-meR	accept	not_generated
4.8667	present_v_absent	rejected_side	GGAAAGTTTTTGAATAAGTAAGG	kRISP-meR	accept	not_generated
1.0	present_v_absent	accepted	AAAGCACATGTAGCATCATCTGG	kRISP-meR	accept	accept
1.0	present_v_absent	accepted	TGACTTACATTTACTTACGGCGG	kRISP-meR	accept	accept
1.0	present_v_absent	accepted	AAATGACTTACATTTACTTACGG	kRISP-meR	accept	accept
1.0	present_v_absent	rejected_side	GGAGGTCAGCAGCAGTGGGGAGG	kRISP-meR	accept	reject
1.0	present_v_absent	accepted	ACTCTGTATGTGCGCTTCTGCGG	kRISP-meR	accept	accept
1.0	present_v_absent	rejected_side	TGTATGTGCGCTTCTGCGGATGG	kRISP-meR	accept	reject
1.0	present_v_absent	rejected_side	TGCGCTTCTGCGGATGGCGATGG	kRISP-meR	accept	reject
1.0	present_v_absent	rejected_side	GGAACTATGTGGCGGCAATGCGG	kRISP-meR	accept	reject
1.0	present_v_absent	accepted	TGGCGGCAATGCGGATGCGAAGG	kRISP-meR	accept	accept
1.0	present_v_absent	accepted	GGCAATGCGGATGCGAAGGCTGG	kRISP-meR	accept	accept
1.0	present_v_absent	accepted	AAAAAGGGTTTCTGGCGTCCTGG	kRISP-meR	accept	accept
1.4556	present_v_absent	rejected_side	GATCAGGAGGCTCACTTGCCAGG	kRISP-meR	accept	reject
2.44	present_v_absent	rejected_side	CTAAGTATAGCATTAGATGATGG	kRISP-meR	accept	reject
1.0	present_v_absent	accepted	CAACTATCTCTTCGGCTTGCTGG	kRISP-meR	accept	accept
1.0	present_v_absent	accepted	CTATCTCTTCGGCTTGCTGGTGG	kRISP-meR	accept	accept
1.0	present_v_absent	accepted	AAATCTATCTCATTTTATGTTGG	kRISP-meR	accept	accept
1.0	present_v_absent	accepted	GCGGCAATGGCGGAAGCTCTGGG	kRISP-meR	accept	accept
1.0	present_v_absent	accepted	GGCGGCAATGGCGGAAGCTCTGG	kRISP-meR	accept	accept
4.6455	present_v_absent	rejected_side	GGCAGTAGTGGCGGCAATGGCGG	kRISP-meR	accept	reject
1.0271	present_v_absent	accepted	GACGGCAGTAGTGGCGGCAATGG	kRISP-meR	accept	accept
1.0	present_v_absent	accepted	GAAACTGACGGCAGTAGTGGCGG	kRISP-meR	accept	accept
4.9521	present_v_absent	rejected_side	GCGGCGGCGCCGCCACCAGCAGG	kRISP-meR	accept	reject
2.9941	present_v_absent	rejected_side	CTGGTGGCGGCGCCGCCGCACGG	kRISP-meR	accept	reject
3.3056	present_v_absent	rejected_side	GGCGGCGCCGCCGCACGGCGAGG	kRISP-meR	accept	reject
1.7204	present_v_absent	accepted	GCCGCCGCACGGCGAGGCCGTGG	kRISP-meR	accept	accept
1.2381	present_v_absent	accepted	ACCACGGCCTCGCCGTGCGGCGG	kRISP-meR	accept	accept
40.9225	present_v_absent	rejected_side	GGCGGCGGCGGCGAGGGGGATGG	kRISP-meR	accept	reject
16.0437	present_v_absent	rejected_side	GCGGCGGCGGCGAGGGGGATGGG	kRISP-meR	accept	reject
1.4	present_v_absent	accepted	GGCGGCGAGGGGGATGGGTATGG	kRISP-meR	accept	accept
1.0	present_v_absent	accepted	AGGGGGATGGGTATGGAGCGTGG	kRISP-meR	accept	accept
1.0	present_v_absent	accepted	GGGGGATGGGTATGGAGCGTGGG	kRISP-meR	accept	accept
1.0	present_v_absent	accepted	GGATGGGTATGGAGCGTGGGCGG	kRISP-meR	accept	accept
1.0	present_v_absent	accepted	GATGGGTATGGAGCGTGGGCGGG	kRISP-meR	accept	accept
1.0	present_v_absent	accepted	GATGTGTCCAGTGACACCAATGG	kRISP-meR	accept	accept
1.0	present_v_absent	accepted	CTCAGCTCCATTGGTGTCACTGG	kRISP-meR	accept	accept
1.5571	present_v_absent	rejected_side	TGACACCAATGGAGCTGAGCAGG	kRISP-meR	accept	reject
1.0	present_v_absent	accepted	AGCTTCCTGCTCAGCTCCATTGG	kRISP-meR	accept	accept
13.4689	present_v_absent	rejected_side	GCGGCGGCGCCGCCGCCGGGCGG	kRISP-meR	accept	reject
5.8256	present_v_absent	rejected_side	GCGGCGCCGCCGCCGGGCGGCGG	kRISP-meR	accept	reject
1.0	present_v_absent	accepted	CGTAGTCCGCCGCCCGGCGGCGG	kRISP-meR	accept	accept
1.0	present_v_absent	accepted	CTCTTGCATGTGCACTGAGTCGG	kRISP-meR	accept	accept
1.0	present_v_absent	accepted	TCTTGCATGTGCACTGAGTCGGG	kRISP-meR	accept	accept
1.0	present_v_absent	accepted	AGTCGGGAGTTGCATTGCAGCGG	kRISP-meR	accept	accept
1.0	present_v_absent	accepted	AGCCTCTCGAGATTACACGACGG	CRISPOR	accept	accept
1.0	present_v_absent	accepted	ATCAATGGCGCCGCGACGCCTGG	CRISPOR	accept	accept
1.0	present_v_absent	accepted	GCAAGAGCAGCCAGGCGTCGCGG	CRISPOR	accept	accept
1.0	present_v_absent	accepted	ACAGAAGCATGTGGACAAGAGGG	CRISPOR	accept	accept
1.0	present_v_absent	accepted	TACAGAAGCATGTGGACAAGAGG	CRISPOR	accept	accept
1.0	present_v_absent	accepted	TGAAATGGTACAGAAGCATGTGG	CRISPOR	accept	accept
1.6522	present_v_absent	rejected_side	GGAGTAGTACATGGTAAAAATGG	CRISPOR	accept	reject
1.0	present_v_absent	accepted	ACCATGTACTACTCCACTTGTGG	CRISPOR	accept	accept
1.0	present_v_absent	accepted	CCATGTACTACTCCACTTGTGGG	CRISPOR	accept	accept
29.0837	present_v_absent	rejected_side	GGGGGAGGAGAAGAAGAAGAAGG	CRISPOR	accept	reject
8.1976	present_v_absent	rejected_side	GGAGAAGGAGGAGAAGGCCGCGG	CRISPOR	accept	reject
9.9212	present_v_absent	rejected_side	GAAGGAGGAGAAGGCCGCGGCGG	CRISPOR	accept	reject
4.3692	present_v_absent	rejected_side	ATCGGCGCCCTCCGCCGCCGCGG	CRISPOR	accept	reject
1.3784	present_v_absent	accepted	GGCGGCTGGCCTCGCCGGCATGG	CRISPOR	accept	accept
2.3788	present_v_absent	accepted	GGCCTCGCCGGCATGGACGCCGG	CRISPOR	accept	accept
1.2692	present_v_absent	rejected_side	CGCCGGCGTCCATGCCGGCGAGG	CRISPOR	accept	reject
1.202	present_v_absent	accepted	CTCGCCGGCATGGACGCCGGCGG	CRISPOR	accept	accept
1.6957	present_v_absent	accepted	TGTGCCGCCGGCGTCCATGCCGG	CRISPOR	accept	accept
1.0	present_v_absent	rejected_side	TTGATCATCGGATGATCTGAAGG	CRISPOR	accept	reject
3.1462	present_v_absent	rejected_side	GGGATCCTCGTCTCTGCCTCCGG	CRISPOR	accept	reject
1.8791	present_v_absent	accepted	AGGCAGAGACGAGGATCCCTAGG	CRISPOR	accept	accept
1.0	present_v_absent	rejected_side	TCGTCCTGTCGCCGATGAGCAGG	CRISPOR	accept	reject
1.0	present_v_absent	accepted	AGTTCTTTCGGTCGCTGAGGAGG	CRISPOR	accept	accept
1.0	present_v_absent	accepted	CGCAGTTCTTTCGGTCGCTGAGG	CRISPOR	accept	accept
1.0	present_v_absent	accepted	CTCAGCGACCGAAAGAACTGCGG	CRISPOR	accept	accept
1.0	present_v_absent	accepted	AGCAGTCGCCGCAGTTCTTTCGG	CRISPOR	accept	accept
1.0	present_v_absent	rejected_side	TACACTTCTTGCTGGGGCAGCGG	CRISPOR	accept	reject
1.0	present_v_absent	accepted	CGAAGCTACACTTCTTGCTGGGG	CRISPOR	accept	accept
1.0	present_v_absent	accepted	CCCAGCAAGAAGTGTAGCTTCGG	CRISPOR	accept	accept
1.0	present_v_absent	accepted	GCCGAAGCTACACTTCTTGCTGG	CRISPOR	accept	accept
1.0	present_v_absent	rejected_side	GCTAGGGCAAGGTAAGGAGGAGG	CRISPOR	accept	reject
1.0	present_v_absent	rejected_side	CGAGCTAGGGCAAGGTAAGGAGG	CRISPOR	accept	reject
1.0	present_v_absent	accepted	ACTCGAGCTAGGGCAAGGTAAGG	CRISPOR	accept	accept
1.0	present_v_absent	accepted	CGTCGACTCGAGCTAGGGCAAGG	CRISPOR	accept	accept
1.0	present_v_absent	accepted	CGTCGCGTCGACTCGAGCTAGGG	CRISPOR	accept	accept
1.0	present_v_absent	accepted	TCGTCGCGTCGACTCGAGCTAGG	CRISPOR	accept	accept
1.0	present_v_absent	accepted	TCTTGCAAATTGCCATATGTTGG	CRISPOR	accept	accept
1.0	present_v_absent	accepted	CTTGCAAATTGCCATATGTTGGG	CRISPOR	accept	accept
1.0	present_v_absent	rejected_side	GCCATATGTTGGGTTGATTCTGG	CRISPOR	accept	reject
1.0	present_v_absent	accepted	GCCAGAATCAACCCAACATATGG	CRISPOR	accept	accept
1.0	present_v_absent	accepted	GCCCGAGGGGAAGGATAAAGAGG	CRISPOR	accept	accept
1.0	present_v_absent	accepted	TCCTCTTTATCCTTCCCCTCGGG	CRISPOR	accept	accept
2.6037	present_v_absent	accepted	CTCCTCTTTATCCTTCCCCTCGG	CRISPOR	accept	accept
3.3272	present_v_absent	rejected_side	AGGGGAAGGATAAAGAGGAGAGG	CRISPOR	accept	reject
1.2755	present_v_absent	rejected_side	GGAAGGATAAAGAGGAGAGGAGG	CRISPOR	accept	reject
1.0	present_v_absent	accepted	TAAAGAGGAGAGGAGGTGCTCGG	CRISPOR	accept	accept
1.0	present_v_absent	accepted	AAAGAGGAGAGGAGGTGCTCGGG	CRISPOR	accept	accept
3.9246	present_v_absent	rejected_side	TACTGTCCATAGCTGGTGCCTGG	CRISPOR	accept	reject
3.8873	present_v_absent	rejected_side	GTATAGATACTGTCCATAGCTGG	CRISPOR	accept	reject
4.4675	present_v_absent	rejected_side	TGGACAGTATCTATACCTCAAGG	CRISPOR	accept	reject
5.8	present_v_absent	rejected_side	AACATGAAGAGACTTCCTTGAGG	CRISPOR	accept	reject
6.231	present_v_absent	rejected_side	ATCCAGAAAGAAATATTGAGGGG	CRISPOR	accept	reject
5.0625	present_v_absent	rejected_side	CATCCAGAAAGAAATATTGAGGG	CRISPOR	accept	reject
5.4	present_v_absent	rejected_side	GCATCCAGAAAGAAATATTGAGG	CRISPOR	accept	reject
1.0	present_v_absent	accepted	ATCATGGAATTCTTCGCAGAAGG	CRISPOR	accept	accept
1.0	present_v_absent	accepted	GCAACTGCGTGCTAAGTTAGAGG	CRISPOR	accept	accept
1.0	present_v_absent	rejected_side	TATATTCCGATGTTTTCTGTCGG	CRISPOR	accept	reject
1.0	present_v_absent	accepted	AGAAAACATCGGAATATATTTGG	CRISPOR	accept	accept
1.0	present_v_absent	accepted	AAAAGGAGGTCATATTGCGAAGG	CRISPOR	accept	accept
1.9231	present_v_absent	accepted	ATCAAATCAATTAAAGGACGCGG	CRISPOR	accept	accept
1.875	present_v_absent	rejected_side	CGTCCTTTAATTGATTTGATTGG	CRISPOR	accept	reject
1.8125	present_v_absent	rejected_side	GTCCTTTAATTGATTTGATTGGG	CRISPOR	accept	reject
1.7143	present_v_absent	accepted	AACCCAATCAAATCAATTAAAGG	CRISPOR	accept	accept
2.8375	present_v_absent	rejected_side	ATAATGGCAAGAGGGAATTAAGG	CRISPOR	accept	reject
2.2013	present_v_absent	rejected_side	ATTCCCTCTTGCCATTATCGAGG	CRISPOR	accept	reject
2.2333	present_v_absent	rejected_side	TTCCCTCTTGCCATTATCGAGGG	CRISPOR	accept	reject
3.6429	present_v_absent	rejected_side	CTCCCTCGATAATGGCAAGAGGG	CRISPOR	accept	reject
3.9333	present_v_absent	accepted	ACTCCCTCGATAATGGCAAGAGG	CRISPOR	accept	accept
1.0	present_v_absent	accepted	GGCCATGTGGTGTGTCCAAGTGG	CRISPOR	accept	accept
1.0	present_v_absent	accepted	CTCCACTTGGACACACCACATGG	CRISPOR	accept	accept
1.0	present_v_absent	accepted	TCCAAGTGGAGCCGCAGTCTCGG	CRISPOR	accept	accept
1.0	present_v_absent	accepted	GCCGAGACTGCGGCTCCACTTGG	CRISPOR	accept	accept
1.0	present_v_absent	accepted	GCCGCAGTCTCGGCCATCCATGG	CRISPOR	accept	accept
1.0	present_v_absent	rejected_side	TCCATGGATGGCCGAGACTGCGG	CRISPOR	accept	reject
1.0	present_v_absent	accepted	CAGTCTCGGCCATCCATGGATGG	CRISPOR	accept	accept
1.0	present_v_absent	accepted	AAGATGACACCATCCATGGATGG	CRISPOR	accept	accept
1.0	present_v_absent	accepted	CATCAAGATGACACCATCCATGG	CRISPOR	accept	accept
1.0	present_v_absent	rejected_side	GAAGCTAGAGGAGGAGGAAATGG	CRISPOR	accept	reject
1.3846	present_v_absent	accepted	TAAGAAGAAGCTAGAGGAGGAGG	CRISPOR	accept	accept
1.0	present_v_absent	accepted	ATTTTGCTAAACTAATTAGGGGG	CRISPOR	accept	accept
1.0	present_v_absent	accepted	AATTTTGCTAAACTAATTAGGGG	CRISPOR	accept	accept
1.0	present_v_absent	accepted	TAATTTTGCTAAACTAATTAGGG	CRISPOR	accept	accept
1.0	present_v_absent	accepted	CTAATTTTGCTAAACTAATTAGG	CRISPOR	accept	accept
1.0	present_v_absent	rejected_side	TACTGCCTTGTCATTTGTCGAGG	CRISPOR	accept	reject
1.0	present_v_absent	rejected_side	AATAGCATACAATAAACAAGGGG	CRISPOR	accept	reject
1.0	present_v_absent	accepted	AAATAGCATACAATAAACAAGGG	CRISPOR	accept	accept
1.5573	present_v_absent	accepted	AAAATAGCATACAATAAACAAGG	CRISPOR	accept	accept
1.0	present_v_absent	accepted	CAGGTTCCACTTCAGGCCAGTGG	CRISPOR	accept	accept
1.0	present_v_absent	accepted	AAGCAAAGCCACGCCAACGGCGG	CRISPOR	accept	accept
1.1837	present_v_absent	accepted	CAAAGCCACGCCAACGGCGGCGG	CRISPOR	accept	accept
6.6798	present_v_absent	rejected_side	AGCCACGCCAACGGCGGCGGCGG	CRISPOR	accept	reject
9.8188	present_v_absent	rejected_side	CGCCGCCGCCGCCGTTGGCGTGG	CRISPOR	accept	reject
129.1258	present_v_absent	rejected_side	GCCAACGGCGGCGGCGGCGACGG	CRISPOR	accept	reject
133.7983	present_v_absent	rejected_side	GGCGGCGACGGCGCCGCCGCCGG	CRISPOR	accept	reject
6.3037	present_v_absent	rejected_side	CGGCGCCGCCGCCGGCAAGCCGG	CRISPOR	accept	reject
2.25	present_v_absent	rejected_side	GGCTGCCGGCTTGCCGGCGGCGG	CRISPOR	accept	reject
1.0	present_v_absent	accepted	TCATGTCAATTTCGCTTATTTGG	CRISPOR	accept	accept
1.0	present_v_absent	accepted	CATGTCAATTTCGCTTATTTGGG	CRISPOR	accept	accept
1.0	present_v_absent	accepted	ATGTCAATTTCGCTTATTTGGGG	CRISPOR	accept	accept
1.0	present_v_absent	rejected_side	CAAAGTGGCAGCGGAGGGTGAGG	CRISPOR	accept	reject
1.0	present_v_absent	rejected_side	GGCAGCAAAGTGGCAGCGGAGGG	CRISPOR	accept	reject
1.4667	present_v_absent	accepted	TGGCAGCAAAGTGGCAGCGGAGG	CRISPOR	accept	accept
1.0533	present_v_absent	accepted	CGGTGGCAGCAAAGTGGCAGCGG	CRISPOR	accept	accept
1.0	present_v_absent	accepted	AGGCATCGGTGGCAGCAAAGTGG	CRISPOR	accept	accept
1.9466	present_v_absent	rejected_side	GACTGGTGTGGGCGAAGCGCTGG	CRISPOR	accept	reject
1.1905	present_v_absent	accepted	CTTCGCCCACACCAGTCTCCTGG	CRISPOR	accept	accept
1.1846	present_v_absent	accepted	GAAGTCCAGGAGACTGGTGTGGG	CRISPOR	accept	accept
1.0	present_v_absent	accepted	CGAAGTCCAGGAGACTGGTGTGG	CRISPOR	accept	accept
1.0	present_v_absent	accepted	CTCTGCGAAGTCCAGGAGACTGG	CRISPOR	accept	accept
3.2903	present_v_absent	rejected_side	CGGGGCGGCGAGGGCGGCGTCGG	CRISPOR	accept	reject
1.0	present_v_absent	accepted	AATACTCGGGGCGGCGAGGGCGG	CRISPOR	accept	accept
1.0	present_v_absent	rejected_side	GGCAATACTCGGGGCGGCGAGGG	CRISPOR	accept	reject
1.0	present_v_absent	accepted	TGGCAATACTCGGGGCGGCGAGG	CRISPOR	accept	accept
1.0	present_v_absent	accepted	TGGCGTGGCAATACTCGGGGCGG	CRISPOR	accept	accept
3.0445	present_v_absent	accepted	TGGCTGCTCAAGAACTCGTGGGG	CRISPOR	accept	accept
1.0756	present_v_absent	accepted	AGAACTCGTGGGGCACCGACTGG	CRISPOR	accept	accept
1.8045	present_v_absent	rejected_side	GAACTCGTGGGGCACCGACTGGG	CRISPOR	accept	reject
2.4874	present_v_absent	rejected_side	AACTCGTGGGGCACCGACTGGGG	CRISPOR	accept	reject
1.4211	present_v_absent	accepted	ACTCGTGGGGCACCGACTGGGGG	CRISPOR	accept	accept
1.5294	present_v_absent	accepted	CTCGTGGGGCACCGACTGGGGGG	CRISPOR	accept	accept
1.0	present_v_absent	rejected_side	GGCACCGACTGGGGGGAGAACGG	CRISPOR	accept	reject
1.0	present_v_absent	accepted	CAATGTGATCATGTAGTTTCTGG	CRISPOR	accept	accept
1.0	present_v_absent	rejected_side	AAAATGCCTTTTTTGGTATTTGG	CRISPOR	accept	reject
1.0	present_v_absent	accepted	TGTAAAAAAAATGCCTTTTTTGG	CRISPOR	accept	accept
41.5763	present_v_absent	rejected_side	CGGGGGCGGGGGCGGGGCCGGGG	CRISPOR	accept	reject
39.0666	present_v_absent	rejected_side	GCGGGGGCGGGGGCGGGGCCGGG	CRISPOR	accept	reject
6.1108	present_v_absent	rejected_side	CGCCCCCGCCCCCGCCCTCTCGG	CRISPOR	accept	reject
1.0	present_v_absent	rejected_side	ATCCGAGAGGGCGGGGGCGGGGG	CRISPOR	accept	reject
1.0	present_v_absent	rejected_side	GATCCGAGAGGGCGGGGGCGGGG	CRISPOR	accept	reject
1.0	present_v_absent	accepted	GGATCCGAGAGGGCGGGGGCGGG	CRISPOR	accept	accept
1.0	present_v_absent	accepted	GGGATCCGAGAGGGCGGGGGCGG	CRISPOR	accept	accept
1.0	present_v_absent	accepted	AAGGGGATCCGAGAGGGCGGGGG	CRISPOR	accept	accept
1.0	present_v_absent	accepted	AAAGGGGATCCGAGAGGGCGGGG	CRISPOR	accept	accept
1.0	present_v_absent	accepted	GAAAGGGGATCCGAGAGGGCGGG	CRISPOR	accept	accept
1.0	present_v_absent	accepted	GGAAAGGGGATCCGAGAGGGCGG	CRISPOR	accept	accept
1.0	present_v_absent	accepted	AGAGGAAAGGGGATCCGAGAGGG	CRISPOR	accept	accept
1.0	present_v_absent	accepted	GAGAGGAAAGGGGATCCGAGAGG	CRISPOR	accept	accept
1.0	present_v_absent	accepted	AATGTCAGAATTGCAGGGATTGG	CRISPOR	accept	accept
1.0	present_v_absent	accepted	AATTGAATGTCAGAATTGCAGGG	CRISPOR	accept	accept
1.0	present_v_absent	accepted	AAATTGAATGTCAGAATTGCAGG	CRISPOR	accept	accept
1.0	present_v_absent	rejected_side	GCAATTCTGACATTCAATTTTGG	CRISPOR	accept	reject
10.9144	present_v_absent	rejected_side	GTGCTAGCGACACTTGCTGCGGG	CRISPOR	accept	reject
12.6667	present_v_absent	rejected_side	GGTGCTAGCGACACTTGCTGCGG	CRISPOR	accept	reject
10.2429	present_v_absent	rejected_side	TTGTCGATGGACCTCCGAATTGG	CRISPOR	accept	reject
21.615	present_v_absent	rejected_side	TCCATCGACAAATCACCGCTTGG	CRISPOR	accept	reject
18.1319	present_v_absent	rejected_side	ACCAAGCGGTGATTTGTCGATGG	CRISPOR	accept	reject
1.5625	present_v_absent	rejected_side	CATTGCAGGCTTGCAGCACAGGG	CRISPOR	accept	reject
2.0	present_v_absent	rejected_side	GCATTGCAGGCTTGCAGCACAGG	CRISPOR	accept	reject
1.0	present_v_absent	accepted	GCAAGCCTGCAATGCCTATCTGG	CRISPOR	accept	accept
1.0	present_v_absent	accepted	CAAGCCTGCAATGCCTATCTGGG	CRISPOR	accept	accept
1.0	present_v_absent	accepted	ATCTCCCAGATAGGCATTGCAGG	CRISPOR	accept	accept
1.0	present_v_absent	accepted	ATTCAATGAGACTTTTCTCTTGG	CRISPOR	accept	accept
1.0	present_v_absent	rejected_side	TTCAATGAGACTTTTCTCTTGGG	CRISPOR	accept	reject
1.0	present_v_absent	rejected_side	ATGAGACTTTTCTCTTGGGATGG	CRISPOR	accept	reject
1.0	present_v_absent	rejected_side	CGTGAAAGAGATATGGCCGGCGG	CRISPOR	accept	reject
1.0	present_v_absent	rejected_side	TAGCGTGAAAGAGATATGGCCGG	CRISPOR	accept	reject
1.0	present_v_absent	accepted	GCCATATCTCTTTCACGCTAAGG	CRISPOR	accept	accept
1.0	present_v_absent	accepted	ACCTTAGCGTGAAAGAGATATGG	CRISPOR	accept	accept
1.0	present_v_absent	accepted	ACGCGCGGTGGGCGCGGGCACGG	CRISPOR	accept	accept
1.0	present_v_absent	accepted	CGCGCGGTGGGCGCGGGCACGGG	CRISPOR	accept	accept
1.6923	present_v_absent	accepted	GCGCGGTGGGCGCGGGCACGGGG	CRISPOR	accept	accept
1.0	present_v_absent	rejected_side	CGCGGTGGGCGCGGGCACGGGGG	CRISPOR	accept	reject
1.0	present_v_absent	rejected_side	GCGGGCACGGGGGCTCCCGTCGG	CRISPOR	accept	reject
1.0	present_v_absent	rejected_side	GGCACGGGGGCTCCCGTCGGCGG	CRISPOR	accept	reject
1.0	present_v_absent	rejected_side	CGAGGCCGGGCGGCGCACGCTGG	CRISPOR	accept	reject
1.0	present_v_absent	accepted	GGCCGGGCGGCGCACGCTGGAGG	CRISPOR	accept	accept
1.0	present_v_absent	accepted	CTCCTCCAGCGTGCGCCGCCCGG	CRISPOR	accept	accept
1.0	present_v_absent	rejected_side	GCGGCGCACGCTGGAGGAGACGG	CRISPOR	accept	reject
1.0	present_v_absent	accepted	AGCGCCGCCACTTGCTTCCCAGG	CRISPOR	accept	accept
1.0	present_v_absent	accepted	TGGGAAGCAAGTGGCGGCGCTGG	CRISPOR	accept	accept
1.0	present_v_absent	accepted	GGGAAGCAAGTGGCGGCGCTGGG	CRISPOR	accept	accept
1.0	present_v_absent	accepted	AAGCAAGTGGCGGCGCTGGGTGG	CRISPOR	accept	accept
1.0	present_v_absent	accepted	AGCAAGTGGCGGCGCTGGGTGGG	CRISPOR	accept	accept
1.0369	present_v_absent	accepted	GTGGCGGCGCTGGGTGGGCTAGG	CRISPOR	accept	accept
1.0	present_v_absent	accepted	GGCGCTGGGTGGGCTAGGCGTGG	CRISPOR	accept	accept
1.0	present_v_absent	accepted	GCGCTGGGTGGGCTAGGCGTGGG	CRISPOR	accept	accept
1.0	present_v_absent	accepted	GGTGCAAGGTGCAAACGACGAGG	CRISPOR	accept	accept
1.0	present_v_absent	accepted	GCACATCAGCAAAACTCGTGCGG	CRISPOR	accept	accept
1.0	present_v_absent	rejected_side	GAGTTTTGCTGATGTGCAGATGG	CRISPOR	accept	reject
1.0	present_v_absent	rejected_side	GAAGCCGAGTTTGGTGGCGGCGG	CRISPOR	accept	reject
1.0	present_v_absent	accepted	GGAGAAGCCGAGTTTGGTGGCGG	CRISPOR	accept	accept
1.0	present_v_absent	accepted	GGCGGAGAAGCCGAGTTTGGTGG	CRISPOR	accept	accept
1.0	present_v_absent	accepted	GGAGGCGGAGAAGCCGAGTTTGG	CRISPOR	accept	accept
1.0	present_v_absent	accepted	CAGACATCATTCAGGGGAAGTGG	CRISPOR	accept	accept
1.0	present_v_absent	accepted	AAACATCAGACATCATTCAGGGG	CRISPOR	accept	accept
1.0	present_v_absent	accepted	GAAACATCAGACATCATTCAGGG	CRISPOR	accept	accept
1.0	present_v_absent	accepted	AGAAACATCAGACATCATTCAGG	CRISPOR	accept	accept
1.448	present_v_absent	rejected_side	TCACCGATCGATCGGCCGGCCGG	CRISPOR	accept	reject
1.4545	present_v_absent	rejected_side	TCGATCACCGATCGATCGGCCGG	CRISPOR	accept	reject
1.7895	present_v_absent	accepted	TCGATCGATCACCGATCGATCGG	CRISPOR	accept	accept
2.6286	present_v_absent	rejected_side	AGCCCTACACGCTCTACGTCTGG	CRISPOR	accept	reject
1.7431	present_v_absent	rejected_side	CTCCAGACGTAGAGCGTGTAGGG	CRISPOR	accept	reject
3.6875	present_v_absent	rejected_side	CCTACACGCTCTACGTCTGGAGG	CRISPOR	accept	reject
4.8667	present_v_absent	rejected_side	GGAAAGTTTTTGAATAAGTAAGG	CRISPOR	accept	reject
1.0	present_v_absent	rejected_side	AAAGCACATGTAGCATCATCTGG	CRISPOR	accept	reject
1.0	present_v_absent	accepted	TGACTTACATTTACTTACGGCGG	CRISPOR	accept	accept
1.0	present_v_absent	accepted	AAATGACTTACATTTACTTACGG	CRISPOR	accept	accept
1.0	present_v_absent	accepted	GGAGGTCAGCAGCAGTGGGGAGG	CRISPOR	accept	accept
1.0	present_v_absent	accepted	ACTCTGTATGTGCGCTTCTGCGG	CRISPOR	accept	accept
1.0	present_v_absent	accepted	TGTATGTGCGCTTCTGCGGATGG	CRISPOR	accept	accept
1.0	present_v_absent	rejected_side	TGCGCTTCTGCGGATGGCGATGG	CRISPOR	accept	reject
1.0	present_v_absent	accepted	GGAACTATGTGGCGGCAATGCGG	CRISPOR	accept	accept
1.0	present_v_absent	accepted	TGGCGGCAATGCGGATGCGAAGG	CRISPOR	accept	accept
1.0	present_v_absent	rejected_side	GGCAATGCGGATGCGAAGGCTGG	CRISPOR	accept	reject
1.0	present_v_absent	accepted	AAAAAGGGTTTCTGGCGTCCTGG	CRISPOR	accept	accept
1.4556	present_v_absent	accepted	GATCAGGAGGCTCACTTGCCAGG	CRISPOR	accept	accept
2.44	present_v_absent	rejected_side	CTAAGTATAGCATTAGATGATGG	CRISPOR	accept	reject
1.0	present_v_absent	accepted	CAACTATCTCTTCGGCTTGCTGG	CRISPOR	accept	accept
1.0	present_v_absent	accepted	CTATCTCTTCGGCTTGCTGGTGG	CRISPOR	accept	accept
1.0	present_v_absent	accepted	AAATCTATCTCATTTTATGTTGG	CRISPOR	accept	accept
1.0	present_v_absent	rejected_side	GCGGCAATGGCGGAAGCTCTGGG	CRISPOR	accept	reject
1.0	present_v_absent	rejected_side	GGCGGCAATGGCGGAAGCTCTGG	CRISPOR	accept	reject
4.6455	present_v_absent	rejected_side	GGCAGTAGTGGCGGCAATGGCGG	CRISPOR	accept	reject
1.0271	present_v_absent	accepted	GACGGCAGTAGTGGCGGCAATGG	CRISPOR	accept	accept
1.0	present_v_absent	accepted	GAAACTGACGGCAGTAGTGGCGG	CRISPOR	accept	accept
4.9521	present_v_absent	rejected_side	GCGGCGGCGCCGCCACCAGCAGG	CRISPOR	accept	reject
2.9941	present_v_absent	rejected_side	CTGGTGGCGGCGCCGCCGCACGG	CRISPOR	accept	reject
3.3056	present_v_absent	rejected_side	GGCGGCGCCGCCGCACGGCGAGG	CRISPOR	accept	reject
1.7204	present_v_absent	rejected_side	GCCGCCGCACGGCGAGGCCGTGG	CRISPOR	accept	reject
1.2381	present_v_absent	accepted	ACCACGGCCTCGCCGTGCGGCGG	CRISPOR	accept	accept
40.9225	present_v_absent	rejected_side	GGCGGCGGCGGCGAGGGGGATGG	CRISPOR	accept	reject
16.0437	present_v_absent	rejected_side	GCGGCGGCGGCGAGGGGGATGGG	CRISPOR	accept	reject
1.4	present_v_absent	accepted	GGCGGCGAGGGGGATGGGTATGG	CRISPOR	accept	accept
1.0	present_v_absent	accepted	AGGGGGATGGGTATGGAGCGTGG	CRISPOR	accept	accept
1.0	present_v_absent	accepted	GGGGGATGGGTATGGAGCGTGGG	CRISPOR	accept	accept
1.0	present_v_absent	rejected_side	GGATGGGTATGGAGCGTGGGCGG	CRISPOR	accept	reject
1.0	present_v_absent	rejected_side	GATGGGTATGGAGCGTGGGCGGG	CRISPOR	accept	reject
1.0	present_v_absent	accepted	GATGTGTCCAGTGACACCAATGG	CRISPOR	accept	accept
1.0	present_v_absent	rejected_side	CTCAGCTCCATTGGTGTCACTGG	CRISPOR	accept	reject
1.5571	present_v_absent	accepted	TGACACCAATGGAGCTGAGCAGG	CRISPOR	accept	accept
1.0	present_v_absent	accepted	AGCTTCCTGCTCAGCTCCATTGG	CRISPOR	accept	accept
13.4689	present_v_absent	rejected_side	GCGGCGGCGCCGCCGCCGGGCGG	CRISPOR	accept	reject
5.8256	present_v_absent	rejected_side	GCGGCGCCGCCGCCGGGCGGCGG	CRISPOR	accept	reject
1.0	present_v_absent	accepted	CGTAGTCCGCCGCCCGGCGGCGG	CRISPOR	accept	accept
1.0	present_v_absent	accepted	CTCTTGCATGTGCACTGAGTCGG	CRISPOR	accept	accept
1.0	present_v_absent	accepted	TCTTGCATGTGCACTGAGTCGGG	CRISPOR	accept	accept
1.0	present_v_absent	rejected_side	AGTCGGGAGTTGCATTGCAGCGG	CRISPOR	accept	reject
1.0	present_v_absent	rejected_side	AGCCTCTCGAGATTACACGACGG	GuideScan2	accept	not_generated
1.0	present_v_absent	rejected_side	ATCAATGGCGCCGCGACGCCTGG	GuideScan2	accept	not_generated
1.0	present_v_absent	rejected_side	GCAAGAGCAGCCAGGCGTCGCGG	GuideScan2	accept	not_generated
1.0	present_v_absent	rejected_side	ACAGAAGCATGTGGACAAGAGGG	GuideScan2	accept	not_generated
1.0	present_v_absent	rejected_side	TACAGAAGCATGTGGACAAGAGG	GuideScan2	accept	not_generated
1.0	present_v_absent	rejected_side	TGAAATGGTACAGAAGCATGTGG	GuideScan2	accept	not_generated
1.6522	present_v_absent	rejected_side	GGAGTAGTACATGGTAAAAATGG	GuideScan2	accept	not_generated
1.0	present_v_absent	rejected_side	ACCATGTACTACTCCACTTGTGG	GuideScan2	accept	not_generated
1.0	present_v_absent	rejected_side	CCATGTACTACTCCACTTGTGGG	GuideScan2	accept	not_generated
29.0837	present_v_absent	rejected_side	GGGGGAGGAGAAGAAGAAGAAGG	GuideScan2	accept	not_generated
8.1976	present_v_absent	rejected_side	GGAGAAGGAGGAGAAGGCCGCGG	GuideScan2	accept	not_generated
9.9212	present_v_absent	rejected_side	GAAGGAGGAGAAGGCCGCGGCGG	GuideScan2	accept	not_generated
4.3692	present_v_absent	rejected_side	ATCGGCGCCCTCCGCCGCCGCGG	GuideScan2	accept	not_generated
1.3784	present_v_absent	rejected_side	GGCGGCTGGCCTCGCCGGCATGG	GuideScan2	accept	not_generated
2.3788	present_v_absent	rejected_side	GGCCTCGCCGGCATGGACGCCGG	GuideScan2	accept	not_generated
1.2692	present_v_absent	rejected_side	CGCCGGCGTCCATGCCGGCGAGG	GuideScan2	accept	not_generated
1.202	present_v_absent	rejected_side	CTCGCCGGCATGGACGCCGGCGG	GuideScan2	accept	not_generated
1.6957	present_v_absent	rejected_side	TGTGCCGCCGGCGTCCATGCCGG	GuideScan2	accept	not_generated
1.0	present_v_absent	rejected_side	TTGATCATCGGATGATCTGAAGG	GuideScan2	accept	not_generated
3.1462	present_v_absent	rejected_side	GGGATCCTCGTCTCTGCCTCCGG	GuideScan2	accept	not_generated
1.8791	present_v_absent	rejected_side	AGGCAGAGACGAGGATCCCTAGG	GuideScan2	accept	not_generated
1.0	present_v_absent	rejected_side	TCGTCCTGTCGCCGATGAGCAGG	GuideScan2	accept	not_generated
1.0	present_v_absent	rejected_side	AGTTCTTTCGGTCGCTGAGGAGG	GuideScan2	accept	not_generated
1.0	present_v_absent	rejected_side	CGCAGTTCTTTCGGTCGCTGAGG	GuideScan2	accept	not_generated
1.0	present_v_absent	rejected_side	CTCAGCGACCGAAAGAACTGCGG	GuideScan2	accept	not_generated
1.0	present_v_absent	rejected_side	AGCAGTCGCCGCAGTTCTTTCGG	GuideScan2	accept	not_generated
1.0	present_v_absent	rejected_side	TACACTTCTTGCTGGGGCAGCGG	GuideScan2	accept	not_generated
1.0	present_v_absent	rejected_side	CGAAGCTACACTTCTTGCTGGGG	GuideScan2	accept	not_generated
1.0	present_v_absent	rejected_side	CCCAGCAAGAAGTGTAGCTTCGG	GuideScan2	accept	not_generated
1.0	present_v_absent	rejected_side	GCCGAAGCTACACTTCTTGCTGG	GuideScan2	accept	not_generated
1.0	present_v_absent	rejected_side	GCTAGGGCAAGGTAAGGAGGAGG	GuideScan2	accept	not_generated
1.0	present_v_absent	rejected_side	CGAGCTAGGGCAAGGTAAGGAGG	GuideScan2	accept	not_generated
1.0	present_v_absent	rejected_side	ACTCGAGCTAGGGCAAGGTAAGG	GuideScan2	accept	not_generated
1.0	present_v_absent	rejected_side	CGTCGACTCGAGCTAGGGCAAGG	GuideScan2	accept	not_generated
1.0	present_v_absent	rejected_side	CGTCGCGTCGACTCGAGCTAGGG	GuideScan2	accept	not_generated
1.0	present_v_absent	rejected_side	TCGTCGCGTCGACTCGAGCTAGG	GuideScan2	accept	not_generated
1.0	present_v_absent	rejected_side	TCTTGCAAATTGCCATATGTTGG	GuideScan2	accept	not_generated
1.0	present_v_absent	rejected_side	CTTGCAAATTGCCATATGTTGGG	GuideScan2	accept	not_generated
1.0	present_v_absent	rejected_side	GCCATATGTTGGGTTGATTCTGG	GuideScan2	accept	not_generated
1.0	present_v_absent	rejected_side	GCCAGAATCAACCCAACATATGG	GuideScan2	accept	not_generated
1.0	present_v_absent	rejected_side	GCCCGAGGGGAAGGATAAAGAGG	GuideScan2	accept	not_generated
1.0	present_v_absent	rejected_side	TCCTCTTTATCCTTCCCCTCGGG	GuideScan2	accept	not_generated
2.6037	present_v_absent	rejected_side	CTCCTCTTTATCCTTCCCCTCGG	GuideScan2	accept	not_generated
3.3272	present_v_absent	rejected_side	AGGGGAAGGATAAAGAGGAGAGG	GuideScan2	accept	not_generated
1.2755	present_v_absent	rejected_side	GGAAGGATAAAGAGGAGAGGAGG	GuideScan2	accept	not_generated
1.0	present_v_absent	rejected_side	TAAAGAGGAGAGGAGGTGCTCGG	GuideScan2	accept	not_generated
1.0	present_v_absent	rejected_side	AAAGAGGAGAGGAGGTGCTCGGG	GuideScan2	accept	not_generated
3.9246	present_v_absent	rejected_side	TACTGTCCATAGCTGGTGCCTGG	GuideScan2	accept	not_generated
3.8873	present_v_absent	rejected_side	GTATAGATACTGTCCATAGCTGG	GuideScan2	accept	not_generated
4.4675	present_v_absent	rejected_side	TGGACAGTATCTATACCTCAAGG	GuideScan2	accept	not_generated
5.8	present_v_absent	rejected_side	AACATGAAGAGACTTCCTTGAGG	GuideScan2	accept	not_generated
6.231	present_v_absent	rejected_side	ATCCAGAAAGAAATATTGAGGGG	GuideScan2	accept	not_generated
5.0625	present_v_absent	rejected_side	CATCCAGAAAGAAATATTGAGGG	GuideScan2	accept	not_generated
5.4	present_v_absent	rejected_side	GCATCCAGAAAGAAATATTGAGG	GuideScan2	accept	not_generated
1.0	present_v_absent	rejected_side	ATCATGGAATTCTTCGCAGAAGG	GuideScan2	accept	not_generated
1.0	present_v_absent	rejected_side	GCAACTGCGTGCTAAGTTAGAGG	GuideScan2	accept	not_generated
1.0	present_v_absent	rejected_side	TATATTCCGATGTTTTCTGTCGG	GuideScan2	accept	not_generated
1.0	present_v_absent	rejected_side	AGAAAACATCGGAATATATTTGG	GuideScan2	accept	not_generated
1.0	present_v_absent	rejected_side	AAAAGGAGGTCATATTGCGAAGG	GuideScan2	accept	not_generated
1.9231	present_v_absent	rejected_side	ATCAAATCAATTAAAGGACGCGG	GuideScan2	accept	not_generated
1.875	present_v_absent	rejected_side	CGTCCTTTAATTGATTTGATTGG	GuideScan2	accept	not_generated
1.8125	present_v_absent	rejected_side	GTCCTTTAATTGATTTGATTGGG	GuideScan2	accept	not_generated
1.7143	present_v_absent	rejected_side	AACCCAATCAAATCAATTAAAGG	GuideScan2	accept	not_generated
2.8375	present_v_absent	rejected_side	ATAATGGCAAGAGGGAATTAAGG	GuideScan2	accept	not_generated
2.2013	present_v_absent	rejected_side	ATTCCCTCTTGCCATTATCGAGG	GuideScan2	accept	not_generated
2.2333	present_v_absent	rejected_side	TTCCCTCTTGCCATTATCGAGGG	GuideScan2	accept	not_generated
3.6429	present_v_absent	rejected_side	CTCCCTCGATAATGGCAAGAGGG	GuideScan2	accept	not_generated
3.9333	present_v_absent	rejected_side	ACTCCCTCGATAATGGCAAGAGG	GuideScan2	accept	not_generated
1.0	present_v_absent	rejected_side	GGCCATGTGGTGTGTCCAAGTGG	GuideScan2	accept	not_generated
1.0	present_v_absent	rejected_side	CTCCACTTGGACACACCACATGG	GuideScan2	accept	not_generated
1.0	present_v_absent	rejected_side	TCCAAGTGGAGCCGCAGTCTCGG	GuideScan2	accept	not_generated
1.0	present_v_absent	rejected_side	GCCGAGACTGCGGCTCCACTTGG	GuideScan2	accept	not_generated
1.0	present_v_absent	rejected_side	GCCGCAGTCTCGGCCATCCATGG	GuideScan2	accept	not_generated
1.0	present_v_absent	rejected_side	TCCATGGATGGCCGAGACTGCGG	GuideScan2	accept	not_generated
1.0	present_v_absent	rejected_side	CAGTCTCGGCCATCCATGGATGG	GuideScan2	accept	not_generated
1.0	present_v_absent	rejected_side	AAGATGACACCATCCATGGATGG	GuideScan2	accept	not_generated
1.0	present_v_absent	rejected_side	CATCAAGATGACACCATCCATGG	GuideScan2	accept	not_generated
1.0	present_v_absent	rejected_side	GAAGCTAGAGGAGGAGGAAATGG	GuideScan2	accept	not_generated
1.3846	present_v_absent	rejected_side	TAAGAAGAAGCTAGAGGAGGAGG	GuideScan2	accept	not_generated
1.0	present_v_absent	rejected_side	ATTTTGCTAAACTAATTAGGGGG	GuideScan2	accept	not_generated
1.0	present_v_absent	rejected_side	AATTTTGCTAAACTAATTAGGGG	GuideScan2	accept	not_generated
1.0	present_v_absent	rejected_side	TAATTTTGCTAAACTAATTAGGG	GuideScan2	accept	not_generated
1.0	present_v_absent	rejected_side	CTAATTTTGCTAAACTAATTAGG	GuideScan2	accept	not_generated
1.0	present_v_absent	rejected_side	TACTGCCTTGTCATTTGTCGAGG	GuideScan2	accept	not_generated
1.0	present_v_absent	rejected_side	AATAGCATACAATAAACAAGGGG	GuideScan2	accept	not_generated
1.0	present_v_absent	rejected_side	AAATAGCATACAATAAACAAGGG	GuideScan2	accept	not_generated
1.5573	present_v_absent	rejected_side	AAAATAGCATACAATAAACAAGG	GuideScan2	accept	not_generated
1.0	present_v_absent	rejected_side	CAGGTTCCACTTCAGGCCAGTGG	GuideScan2	accept	not_generated
1.0	present_v_absent	rejected_side	AAGCAAAGCCACGCCAACGGCGG	GuideScan2	accept	not_generated
1.1837	present_v_absent	rejected_side	CAAAGCCACGCCAACGGCGGCGG	GuideScan2	accept	not_generated
6.6798	present_v_absent	rejected_side	AGCCACGCCAACGGCGGCGGCGG	GuideScan2	accept	not_generated
9.8188	present_v_absent	rejected_side	CGCCGCCGCCGCCGTTGGCGTGG	GuideScan2	accept	not_generated
129.1258	present_v_absent	rejected_side	GCCAACGGCGGCGGCGGCGACGG	GuideScan2	accept	not_generated
133.7983	present_v_absent	rejected_side	GGCGGCGACGGCGCCGCCGCCGG	GuideScan2	accept	not_generated
6.3037	present_v_absent	rejected_side	CGGCGCCGCCGCCGGCAAGCCGG	GuideScan2	accept	not_generated
2.25	present_v_absent	rejected_side	GGCTGCCGGCTTGCCGGCGGCGG	GuideScan2	accept	not_generated
1.0	present_v_absent	rejected_side	TCATGTCAATTTCGCTTATTTGG	GuideScan2	accept	not_generated
1.0	present_v_absent	rejected_side	CATGTCAATTTCGCTTATTTGGG	GuideScan2	accept	not_generated
1.0	present_v_absent	rejected_side	ATGTCAATTTCGCTTATTTGGGG	GuideScan2	accept	not_generated
1.0	present_v_absent	rejected_side	CAAAGTGGCAGCGGAGGGTGAGG	GuideScan2	accept	not_generated
1.0	present_v_absent	rejected_side	GGCAGCAAAGTGGCAGCGGAGGG	GuideScan2	accept	not_generated
1.4667	present_v_absent	rejected_side	TGGCAGCAAAGTGGCAGCGGAGG	GuideScan2	accept	not_generated
1.0533	present_v_absent	rejected_side	CGGTGGCAGCAAAGTGGCAGCGG	GuideScan2	accept	not_generated
1.0	present_v_absent	rejected_side	AGGCATCGGTGGCAGCAAAGTGG	GuideScan2	accept	not_generated
1.9466	present_v_absent	rejected_side	GACTGGTGTGGGCGAAGCGCTGG	GuideScan2	accept	not_generated
1.1905	present_v_absent	rejected_side	CTTCGCCCACACCAGTCTCCTGG	GuideScan2	accept	not_generated
1.1846	present_v_absent	rejected_side	GAAGTCCAGGAGACTGGTGTGGG	GuideScan2	accept	not_generated
1.0	present_v_absent	rejected_side	CGAAGTCCAGGAGACTGGTGTGG	GuideScan2	accept	not_generated
1.0	present_v_absent	rejected_side	CTCTGCGAAGTCCAGGAGACTGG	GuideScan2	accept	not_generated
3.2903	present_v_absent	rejected_side	CGGGGCGGCGAGGGCGGCGTCGG	GuideScan2	accept	not_generated
1.0	present_v_absent	rejected_side	AATACTCGGGGCGGCGAGGGCGG	GuideScan2	accept	not_generated
1.0	present_v_absent	rejected_side	GGCAATACTCGGGGCGGCGAGGG	GuideScan2	accept	not_generated
1.0	present_v_absent	rejected_side	TGGCAATACTCGGGGCGGCGAGG	GuideScan2	accept	not_generated
1.0	present_v_absent	rejected_side	TGGCGTGGCAATACTCGGGGCGG	GuideScan2	accept	not_generated
3.0445	present_v_absent	rejected_side	TGGCTGCTCAAGAACTCGTGGGG	GuideScan2	accept	not_generated
1.0756	present_v_absent	rejected_side	AGAACTCGTGGGGCACCGACTGG	GuideScan2	accept	not_generated
1.8045	present_v_absent	rejected_side	GAACTCGTGGGGCACCGACTGGG	GuideScan2	accept	not_generated
2.4874	present_v_absent	rejected_side	AACTCGTGGGGCACCGACTGGGG	GuideScan2	accept	not_generated
1.4211	present_v_absent	rejected_side	ACTCGTGGGGCACCGACTGGGGG	GuideScan2	accept	not_generated
1.5294	present_v_absent	rejected_side	CTCGTGGGGCACCGACTGGGGGG	GuideScan2	accept	not_generated
1.0	present_v_absent	rejected_side	GGCACCGACTGGGGGGAGAACGG	GuideScan2	accept	not_generated
1.0	present_v_absent	rejected_side	CAATGTGATCATGTAGTTTCTGG	GuideScan2	accept	not_generated
1.0	present_v_absent	rejected_side	AAAATGCCTTTTTTGGTATTTGG	GuideScan2	accept	not_generated
1.0	present_v_absent	rejected_side	TGTAAAAAAAATGCCTTTTTTGG	GuideScan2	accept	not_generated
41.5763	present_v_absent	rejected_side	CGGGGGCGGGGGCGGGGCCGGGG	GuideScan2	accept	not_generated
39.0666	present_v_absent	rejected_side	GCGGGGGCGGGGGCGGGGCCGGG	GuideScan2	accept	not_generated
6.1108	present_v_absent	rejected_side	CGCCCCCGCCCCCGCCCTCTCGG	GuideScan2	accept	not_generated
1.0	present_v_absent	rejected_side	ATCCGAGAGGGCGGGGGCGGGGG	GuideScan2	accept	not_generated
1.0	present_v_absent	rejected_side	GATCCGAGAGGGCGGGGGCGGGG	GuideScan2	accept	not_generated
1.0	present_v_absent	rejected_side	GGATCCGAGAGGGCGGGGGCGGG	GuideScan2	accept	not_generated
1.0	present_v_absent	rejected_side	GGGATCCGAGAGGGCGGGGGCGG	GuideScan2	accept	not_generated
1.0	present_v_absent	rejected_side	AAGGGGATCCGAGAGGGCGGGGG	GuideScan2	accept	not_generated
1.0	present_v_absent	rejected_side	AAAGGGGATCCGAGAGGGCGGGG	GuideScan2	accept	not_generated
1.0	present_v_absent	rejected_side	GAAAGGGGATCCGAGAGGGCGGG	GuideScan2	accept	not_generated
1.0	present_v_absent	rejected_side	GGAAAGGGGATCCGAGAGGGCGG	GuideScan2	accept	not_generated
1.0	present_v_absent	rejected_side	AGAGGAAAGGGGATCCGAGAGGG	GuideScan2	accept	not_generated
1.0	present_v_absent	rejected_side	GAGAGGAAAGGGGATCCGAGAGG	GuideScan2	accept	not_generated
1.0	present_v_absent	rejected_side	AATGTCAGAATTGCAGGGATTGG	GuideScan2	accept	not_generated
1.0	present_v_absent	rejected_side	AATTGAATGTCAGAATTGCAGGG	GuideScan2	accept	not_generated
1.0	present_v_absent	rejected_side	AAATTGAATGTCAGAATTGCAGG	GuideScan2	accept	not_generated
1.0	present_v_absent	rejected_side	GCAATTCTGACATTCAATTTTGG	GuideScan2	accept	not_generated
10.9144	present_v_absent	rejected_side	GTGCTAGCGACACTTGCTGCGGG	GuideScan2	accept	not_generated
12.6667	present_v_absent	rejected_side	GGTGCTAGCGACACTTGCTGCGG	GuideScan2	accept	not_generated
10.2429	present_v_absent	rejected_side	TTGTCGATGGACCTCCGAATTGG	GuideScan2	accept	not_generated
21.615	present_v_absent	rejected_side	TCCATCGACAAATCACCGCTTGG	GuideScan2	accept	not_generated
18.1319	present_v_absent	rejected_side	ACCAAGCGGTGATTTGTCGATGG	GuideScan2	accept	not_generated
1.5625	present_v_absent	rejected_side	CATTGCAGGCTTGCAGCACAGGG	GuideScan2	accept	not_generated
2.0	present_v_absent	rejected_side	GCATTGCAGGCTTGCAGCACAGG	GuideScan2	accept	not_generated
1.0	present_v_absent	rejected_side	GCAAGCCTGCAATGCCTATCTGG	GuideScan2	accept	not_generated
1.0	present_v_absent	rejected_side	CAAGCCTGCAATGCCTATCTGGG	GuideScan2	accept	not_generated
1.0	present_v_absent	rejected_side	ATCTCCCAGATAGGCATTGCAGG	GuideScan2	accept	not_generated
1.0	present_v_absent	rejected_side	ATTCAATGAGACTTTTCTCTTGG	GuideScan2	accept	not_generated
1.0	present_v_absent	rejected_side	TTCAATGAGACTTTTCTCTTGGG	GuideScan2	accept	not_generated
1.0	present_v_absent	rejected_side	ATGAGACTTTTCTCTTGGGATGG	GuideScan2	accept	not_generated
1.0	present_v_absent	rejected_side	CGTGAAAGAGATATGGCCGGCGG	GuideScan2	accept	not_generated
1.0	present_v_absent	rejected_side	TAGCGTGAAAGAGATATGGCCGG	GuideScan2	accept	not_generated
1.0	present_v_absent	rejected_side	GCCATATCTCTTTCACGCTAAGG	GuideScan2	accept	not_generated
1.0	present_v_absent	rejected_side	ACCTTAGCGTGAAAGAGATATGG	GuideScan2	accept	not_generated
1.0	present_v_absent	rejected_side	ACGCGCGGTGGGCGCGGGCACGG	GuideScan2	accept	not_generated
1.0	present_v_absent	rejected_side	CGCGCGGTGGGCGCGGGCACGGG	GuideScan2	accept	not_generated
1.6923	present_v_absent	rejected_side	GCGCGGTGGGCGCGGGCACGGGG	GuideScan2	accept	not_generated
1.0	present_v_absent	rejected_side	CGCGGTGGGCGCGGGCACGGGGG	GuideScan2	accept	not_generated
1.0	present_v_absent	rejected_side	GCGGGCACGGGGGCTCCCGTCGG	GuideScan2	accept	not_generated
1.0	present_v_absent	rejected_side	GGCACGGGGGCTCCCGTCGGCGG	GuideScan2	accept	not_generated
1.0	present_v_absent	rejected_side	CGAGGCCGGGCGGCGCACGCTGG	GuideScan2	accept	not_generated
1.0	present_v_absent	rejected_side	GGCCGGGCGGCGCACGCTGGAGG	GuideScan2	accept	not_generated
1.0	present_v_absent	rejected_side	CTCCTCCAGCGTGCGCCGCCCGG	GuideScan2	accept	not_generated
1.0	present_v_absent	rejected_side	GCGGCGCACGCTGGAGGAGACGG	GuideScan2	accept	not_generated
1.0	present_v_absent	rejected_side	AGCGCCGCCACTTGCTTCCCAGG	GuideScan2	accept	not_generated
1.0	present_v_absent	rejected_side	TGGGAAGCAAGTGGCGGCGCTGG	GuideScan2	accept	not_generated
1.0	present_v_absent	rejected_side	GGGAAGCAAGTGGCGGCGCTGGG	GuideScan2	accept	not_generated
1.0	present_v_absent	rejected_side	AAGCAAGTGGCGGCGCTGGGTGG	GuideScan2	accept	not_generated
1.0	present_v_absent	rejected_side	AGCAAGTGGCGGCGCTGGGTGGG	GuideScan2	accept	not_generated
1.0369	present_v_absent	rejected_side	GTGGCGGCGCTGGGTGGGCTAGG	GuideScan2	accept	not_generated
1.0	present_v_absent	rejected_side	GGCGCTGGGTGGGCTAGGCGTGG	GuideScan2	accept	not_generated
1.0	present_v_absent	rejected_side	GCGCTGGGTGGGCTAGGCGTGGG	GuideScan2	accept	not_generated
1.0	present_v_absent	rejected_side	GGTGCAAGGTGCAAACGACGAGG	GuideScan2	accept	not_generated
1.0	present_v_absent	rejected_side	GCACATCAGCAAAACTCGTGCGG	GuideScan2	accept	not_generated
1.0	present_v_absent	rejected_side	GAGTTTTGCTGATGTGCAGATGG	GuideScan2	accept	not_generated
1.0	present_v_absent	rejected_side	GAAGCCGAGTTTGGTGGCGGCGG	GuideScan2	accept	not_generated
1.0	present_v_absent	rejected_side	GGAGAAGCCGAGTTTGGTGGCGG	GuideScan2	accept	not_generated
1.0	present_v_absent	rejected_side	GGCGGAGAAGCCGAGTTTGGTGG	GuideScan2	accept	not_generated
1.0	present_v_absent	rejected_side	GGAGGCGGAGAAGCCGAGTTTGG	GuideScan2	accept	not_generated
1.0	present_v_absent	rejected_side	CAGACATCATTCAGGGGAAGTGG	GuideScan2	accept	not_generated
1.0	present_v_absent	rejected_side	AAACATCAGACATCATTCAGGGG	GuideScan2	accept	not_generated
1.0	present_v_absent	rejected_side	GAAACATCAGACATCATTCAGGG	GuideScan2	accept	not_generated
1.0	present_v_absent	rejected_side	AGAAACATCAGACATCATTCAGG	GuideScan2	accept	not_generated
1.448	present_v_absent	rejected_side	TCACCGATCGATCGGCCGGCCGG	GuideScan2	accept	not_generated
1.4545	present_v_absent	rejected_side	TCGATCACCGATCGATCGGCCGG	GuideScan2	accept	not_generated
1.7895	present_v_absent	rejected_side	TCGATCGATCACCGATCGATCGG	GuideScan2	accept	not_generated
2.6286	present_v_absent	rejected_side	AGCCCTACACGCTCTACGTCTGG	GuideScan2	accept	not_generated
1.7431	present_v_absent	rejected_side	CTCCAGACGTAGAGCGTGTAGGG	GuideScan2	accept	not_generated
3.6875	present_v_absent	rejected_side	CCTACACGCTCTACGTCTGGAGG	GuideScan2	accept	not_generated
4.8667	present_v_absent	rejected_side	GGAAAGTTTTTGAATAAGTAAGG	GuideScan2	accept	not_generated
1.0	present_v_absent	rejected_side	AAAGCACATGTAGCATCATCTGG	GuideScan2	accept	not_generated
1.0	present_v_absent	rejected_side	TGACTTACATTTACTTACGGCGG	GuideScan2	accept	not_generated
1.0	present_v_absent	rejected_side	AAATGACTTACATTTACTTACGG	GuideScan2	accept	not_generated
1.0	present_v_absent	rejected_side	GGAGGTCAGCAGCAGTGGGGAGG	GuideScan2	accept	not_generated
1.0	present_v_absent	rejected_side	ACTCTGTATGTGCGCTTCTGCGG	GuideScan2	accept	not_generated
1.0	present_v_absent	rejected_side	TGTATGTGCGCTTCTGCGGATGG	GuideScan2	accept	not_generated
1.0	present_v_absent	rejected_side	TGCGCTTCTGCGGATGGCGATGG	GuideScan2	accept	not_generated
1.0	present_v_absent	rejected_side	GGAACTATGTGGCGGCAATGCGG	GuideScan2	accept	not_generated
1.0	present_v_absent	rejected_side	TGGCGGCAATGCGGATGCGAAGG	GuideScan2	accept	not_generated
1.0	present_v_absent	rejected_side	GGCAATGCGGATGCGAAGGCTGG	GuideScan2	accept	not_generated
1.0	present_v_absent	rejected_side	AAAAAGGGTTTCTGGCGTCCTGG	GuideScan2	accept	not_generated
1.4556	present_v_absent	rejected_side	GATCAGGAGGCTCACTTGCCAGG	GuideScan2	accept	not_generated
2.44	present_v_absent	rejected_side	CTAAGTATAGCATTAGATGATGG	GuideScan2	accept	not_generated
1.0	present_v_absent	rejected_side	CAACTATCTCTTCGGCTTGCTGG	GuideScan2	accept	not_generated
1.0	present_v_absent	rejected_side	CTATCTCTTCGGCTTGCTGGTGG	GuideScan2	accept	not_generated
1.0	present_v_absent	rejected_side	AAATCTATCTCATTTTATGTTGG	GuideScan2	accept	not_generated
1.0	present_v_absent	rejected_side	GCGGCAATGGCGGAAGCTCTGGG	GuideScan2	accept	not_generated
1.0	present_v_absent	rejected_side	GGCGGCAATGGCGGAAGCTCTGG	GuideScan2	accept	not_generated
4.6455	present_v_absent	rejected_side	GGCAGTAGTGGCGGCAATGGCGG	GuideScan2	accept	not_generated
1.0271	present_v_absent	rejected_side	GACGGCAGTAGTGGCGGCAATGG	GuideScan2	accept	not_generated
1.0	present_v_absent	rejected_side	GAAACTGACGGCAGTAGTGGCGG	GuideScan2	accept	not_generated
4.9521	present_v_absent	rejected_side	GCGGCGGCGCCGCCACCAGCAGG	GuideScan2	accept	not_generated
2.9941	present_v_absent	rejected_side	CTGGTGGCGGCGCCGCCGCACGG	GuideScan2	accept	not_generated
3.3056	present_v_absent	rejected_side	GGCGGCGCCGCCGCACGGCGAGG	GuideScan2	accept	not_generated
1.7204	present_v_absent	rejected_side	GCCGCCGCACGGCGAGGCCGTGG	GuideScan2	accept	not_generated
1.2381	present_v_absent	rejected_side	ACCACGGCCTCGCCGTGCGGCGG	GuideScan2	accept	not_generated
40.9225	present_v_absent	rejected_side	GGCGGCGGCGGCGAGGGGGATGG	GuideScan2	accept	not_generated
16.0437	present_v_absent	rejected_side	GCGGCGGCGGCGAGGGGGATGGG	GuideScan2	accept	not_generated
1.4	present_v_absent	rejected_side	GGCGGCGAGGGGGATGGGTATGG	GuideScan2	accept	not_generated
1.0	present_v_absent	rejected_side	AGGGGGATGGGTATGGAGCGTGG	GuideScan2	accept	not_generated
1.0	present_v_absent	rejected_side	GGGGGATGGGTATGGAGCGTGGG	GuideScan2	accept	not_generated
1.0	present_v_absent	rejected_side	GGATGGGTATGGAGCGTGGGCGG	GuideScan2	accept	not_generated
1.0	present_v_absent	rejected_side	GATGGGTATGGAGCGTGGGCGGG	GuideScan2	accept	not_generated
1.0	present_v_absent	rejected_side	GATGTGTCCAGTGACACCAATGG	GuideScan2	accept	not_generated
1.0	present_v_absent	rejected_side	CTCAGCTCCATTGGTGTCACTGG	GuideScan2	accept	not_generated
1.5571	present_v_absent	rejected_side	TGACACCAATGGAGCTGAGCAGG	GuideScan2	accept	not_generated
1.0	present_v_absent	rejected_side	AGCTTCCTGCTCAGCTCCATTGG	GuideScan2	accept	not_generated
13.4689	present_v_absent	rejected_side	GCGGCGGCGCCGCCGCCGGGCGG	GuideScan2	accept	not_generated
5.8256	present_v_absent	rejected_side	GCGGCGCCGCCGCCGGGCGGCGG	GuideScan2	accept	not_generated
1.0	present_v_absent	rejected_side	CGTAGTCCGCCGCCCGGCGGCGG	GuideScan2	accept	not_generated
1.0	present_v_absent	rejected_side	CTCTTGCATGTGCACTGAGTCGG	GuideScan2	accept	not_generated
1.0	present_v_absent	rejected_side	TCTTGCATGTGCACTGAGTCGGG	GuideScan2	accept	not_generated
1.0	present_v_absent	rejected_side	AGTCGGGAGTTGCATTGCAGCGG	GuideScan2	accept	not_generated
