Target,gRNA,Expected_Cuts
target_duplicated_1_NC_000079.7_13630536:13630686.fasta,GCCTCTCCCTCGAGGATTGTNGG,2.4918
target_duplicated_1_NC_000079.7_13630536:13630686.fasta,CTGCTGCTCTGTTTCTTATTNGG,3.857
target_duplicated_1_NC_000079.7_13630536:13630686.fasta,GCATTCCACTGTTCTGGAGANGG,2.0
target_duplicated_1_NC_000079.7_13630536:13630686.fasta,TGGAGAAGGCCTCTCCCTCGNGG,1.6775
target_duplicated_1_NC_000079.7_13630536:13630686.fasta,CGAGGATTGTAGGCTGCCCTNGG,2.0
target_duplicated_1_NC_000079.7_13630536:13630686.fasta,TCGAGGATTGTAGGCTGCCCNGG,2.0
target_duplicated_1_NC_000079.7_13630536:13630686.fasta,CCTCAAGCATTCCACTGTTCNGG,2.0
target_duplicated_1_NC_000079.7_13630536:13630686.fasta,TGCTGCTCTGTTTCTTATTTNGG,3.7185
target_duplicated_1_NC_000079.7_13630536:13630686.fasta,CCNCTCCCTCGAGGATTGTAGGC,0.0486
target_duplicated_1_NC_000079.7_13630536:13630686.fasta,CCNCAAGCATTCCACTGCCTCAA,0.0
target_duplicated_1_NC_000079.7_13630536:13630686.fasta,GAGGATTGTAGGCTGCCCTGNGG,2.7844
target_duplicated_1_NC_000079.7_13630536:13630686.fasta,CCNCAAGCATTCCACTGTTCTGG,2.0
target_duplicated_1_NC_000079.7_13630536:13630686.fasta,CCNTTTGTGTTTCTCTGCTGCTC,0.0
target_duplicated_1_NC_000079.7_13630536:13630686.fasta,CCNGGGGACTGCCACTTGTTGCA,0.0
target_duplicated_1_NC_000079.7_13630536:13630686.fasta,CCNCGAGGATTGTAGGCTGCCCT,0.0
target_duplicated_1_NC_000079.7_13630536:13630686.fasta,CCNTCGAGGATTGTAGGCTGCCC,0.0
target_duplicated_1_NC_000079.7_13630536:13630686.fasta,CCNTGCAGCCATTTGTGTTTCTC,0.0
target_duplicated_1_NC_000079.7_13630536:13630686.fasta,CCNCTGTTCTGGAGAAGGCCTCT,0.0
target_duplicated_1_NC_000079.7_13630536:13630686.fasta,CCNCTGCCTCAAGCATTCCACTG,0.0779
target_duplicated_1_NC_000079.7_13630536:13630686.fasta,CCNGTGCAGCCATTTGTGTTTCT,0.0
target_duplicated_1_NC_000079.7_13630536:13630686.fasta,CCNTGGGGACTGCCACTTGTTGC,0.0444
target_gene_10_6_41661631:41661781.fasta,TAGCATGAAATAATAGCTGTNGG,1.5335
target_gene_10_6_41661631:41661781.fasta,GGTTTTCTTGGATTCACATCNGG,1.0
target_gene_10_6_41661631:41661781.fasta,TCAGGCTCCAGCAGCAGACTNGG,2.25
target_gene_10_6_41661631:41661781.fasta,GGGGAGGGGTGCTGGACATANGG,3.7022
target_gene_10_6_41661631:41661781.fasta,AGACTAGGTCATGGTTAATANGG,1.2353
target_gene_10_6_41661631:41661781.fasta,GCTGGACATAAGGGTTTTCTNGG,1.0
target_gene_10_6_41661631:41661781.fasta,TCCAGCAGCAGACTAGGTCANGG,1.0
target_gene_10_6_41661631:41661781.fasta,TTAATATGGGGTTTGAATTTNGG,2.5556
target_gene_10_6_41661631:41661781.fasta,ACTAGGTCATGGTTAATATGNGG,1.0
target_gene_10_6_41661631:41661781.fasta,GACTAGGTCATGGTTAATATNGG,1.2071
target_gene_10_6_41661631:41661781.fasta,GGGAGGGGTGCTGGACATAANGG,2.2009
target_gene_10_6_41661631:41661781.fasta,CCNATCACCATAGCATGAAATAA,0.0
target_gene_10_6_41661631:41661781.fasta,CCNTATCACCATAGCATGAAATA,0.0
target_gene_10_6_41661631:41661781.fasta,CCNGCAGCAGACTAGGTCATGGT,0.0441
target_gene_10_6_41661631:41661781.fasta,CCNTAGCATGAAATAATAGCTGT,0.0161
target_duplicated_46_NC_000077.7_51055650:51055800.fasta,ACTGGGGGCCATGTCTAGATNGG,5.7653
target_duplicated_46_NC_000077.7_51055650:51055800.fasta,ATCGGTGACTATGCAGCAGCNGG,3.3685
target_duplicated_46_NC_000077.7_51055650:51055800.fasta,GAGATGGAACTGGAGACTTGNGG,96.5232
target_duplicated_46_NC_000077.7_51055650:51055800.fasta,TGCCACCTGGGGCCATGATGNGG,59.7756
target_duplicated_46_NC_000077.7_51055650:51055800.fasta,AGATGGAACTGGAGACTTGANGG,96.3543
target_duplicated_46_NC_000077.7_51055650:51055800.fasta,GTCCCAGCCAGAGCTGCCACNGG,14.4837
target_duplicated_46_NC_000077.7_51055650:51055800.fasta,GACTTGAGGGTAGAGAGAAGNGG,4.6495
target_duplicated_46_NC_000077.7_51055650:51055800.fasta,AAGTGGCTAGCCCTGCCACCNGG,21.0119
target_duplicated_46_NC_000077.7_51055650:51055800.fasta,AGTGGCTAGCCCTGCCACCTNGG,42.349
target_duplicated_46_NC_000077.7_51055650:51055800.fasta,CCCAGCCAGAGCTGCCACTGNGG,35.6825
target_duplicated_46_NC_000077.7_51055650:51055800.fasta,TCCCAGCCAGAGCTGCCACTNGG,16.0694
target_duplicated_46_NC_000077.7_51055650:51055800.fasta,GTGGCTAGCCCTGCCACCTGNGG,50.8318
target_duplicated_46_NC_000077.7_51055650:51055800.fasta,CGGTGACTATGCAGCAGCAGNGG,5.5475
target_duplicated_46_NC_000077.7_51055650:51055800.fasta,TCGGTGACTATGCAGCAGCANGG,4.1354
target_duplicated_46_NC_000077.7_51055650:51055800.fasta,CCAGCCAGAGCTGCCACTGGNGG,11.5246
target_duplicated_46_NC_000077.7_51055650:51055800.fasta,CCNGCCACCTGGGGCCATGATGA,4.9891
target_duplicated_46_NC_000077.7_51055650:51055800.fasta,CCNGGGGCCATGATGAGGTCCCA,0.0
target_duplicated_46_NC_000077.7_51055650:51055800.fasta,CCNGCCAGAGCTGCCACTGGGGG,11.9205
target_duplicated_46_NC_000077.7_51055650:51055800.fasta,CCNTGATGAGGTCCCAGCCAGAG,20.2916
target_duplicated_46_NC_000077.7_51055650:51055800.fasta,CCNCCTGGGGCCATGATGAGGTC,0.0
target_duplicated_46_NC_000077.7_51055650:51055800.fasta,CCNGAGCTGCCACTGGGGGCCAT,0.0
target_duplicated_46_NC_000077.7_51055650:51055800.fasta,CCNTGCCACCTGGGGCCATGATG,2.1788
target_duplicated_46_NC_000077.7_51055650:51055800.fasta,CCNTGTCTAGATCGGTGACTATG,0.1351
target_duplicated_46_NC_000077.7_51055650:51055800.fasta,CCNCTGGGGGCCATGTCTAGATC,0.0
target_duplicated_46_NC_000077.7_51055650:51055800.fasta,CCNAGCCAGAGCTGCCACTGGGG,21.4607
target_duplicated_9_NC_000069.7_50923738:50923888.fasta,TCCAATTTAGATCTGTGGATNGG,1.0
target_duplicated_9_NC_000069.7_50923738:50923888.fasta,TGTTTTGTTTGAGGTTGTTTNGG,8.0989
target_duplicated_9_NC_000069.7_50923738:50923888.fasta,TTGAGGTTGTTTTGGGTTTTNGG,8.4003
target_duplicated_9_NC_000069.7_50923738:50923888.fasta,TGCTGCTGTTGTTTTGTTTGNGG,24.4905
target_duplicated_9_NC_000069.7_50923738:50923888.fasta,GGTTGTTTTGGGTTTTTGGTNGG,22.1889
target_duplicated_9_NC_000069.7_50923738:50923888.fasta,GTTTTGGGTTTTTGGTTGGTNGG,67.7488
target_duplicated_9_NC_000069.7_50923738:50923888.fasta,TTTTTGGTTGGTTGGTTGACNGG,85.2175
target_duplicated_9_NC_000069.7_50923738:50923888.fasta,TGGTTGGTTGGTTGACTGGCNGG,540.6228
target_duplicated_9_NC_000069.7_50923738:50923888.fasta,TGGTTGACTGGCTGGTTGGTNGG,752.8787
target_duplicated_9_NC_000069.7_50923738:50923888.fasta,TGGTTGGTTGACTGGCTGGTNGG,624.0149
target_duplicated_9_NC_000069.7_50923738:50923888.fasta,TGACTGGCTGGTTGGTTGGTNGG,739.2756
target_duplicated_9_NC_000069.7_50923738:50923888.fasta,TGGCTGGTTGGTTGGTTGGTNGG,9719.2256
target_duplicated_9_NC_000069.7_50923738:50923888.fasta,TGGTTGGTTGGTTGGTTGGTNGG,18631.5693
target_duplicated_9_NC_000069.7_50923738:50923888.fasta,GTTTTGTTTGAGGTTGTTTTNGG,5.9224
target_duplicated_9_NC_000069.7_50923738:50923888.fasta,CCNATTTAGATCTGTGGATTGGC,0.0222
target_intergenic_0_13_11055816:11055966.fasta,TCAGTTCCAATATGCCTTCCNGG,57.9359
target_intergenic_0_13_11055816:11055966.fasta,GTCTCTGTGCCCTCTGGTCANGG,17.8808
target_intergenic_0_13_11055816:11055966.fasta,TTCCAATATGCCTTCCAGGCNGG,124.7744
target_intergenic_0_13_11055816:11055966.fasta,ATGCCTTCCAGGCTGGAACCNGG,34.718
target_intergenic_0_13_11055816:11055966.fasta,AACCCGGACACGTGAGCCACNGG,91.4611
target_intergenic_0_13_11055816:11055966.fasta,CGGACACGTGAGCCACTGGCNGG,66.0498
target_intergenic_0_13_11055816:11055966.fasta,CCNAGGCTCCCTCTTTTCTTTCA,0.0
target_intergenic_0_13_11055816:11055966.fasta,CCNTCCAGGCTGGAACCCGGACA,0.0
target_intergenic_0_13_11055816:11055966.fasta,CCNCTTTTCTTTCAGTTCCAATA,0.0
target_intergenic_0_13_11055816:11055966.fasta,CCNATATGCCTTCCAGGCTGGAA,0.0
target_intergenic_0_13_11055816:11055966.fasta,CCNGACACGTGAGCCACTGGCTG,3.5711
target_intergenic_0_13_11055816:11055966.fasta,CCNCCTAGGCTCCCTCTTTTCTT,0.0
target_intergenic_0_13_11055816:11055966.fasta,AATACTGTCTCTGTGCCCTCNGG,1585.6954
target_intergenic_0_13_11055816:11055966.fasta,CCNCTGGCTGGCCCCAACACCTT,0.0
target_intergenic_0_13_11055816:11055966.fasta,CCNACACCTTTCCATTTCTGATT,0.0
target_intergenic_0_13_11055816:11055966.fasta,CCNTTTCTGATTTTGTTAATTTG,617.3918
target_intergenic_0_13_11055816:11055966.fasta,CCNGGACACGTGAGCCACTGGCT,0.0
target_intergenic_0_13_11055816:11055966.fasta,CCNCAACACCTTTCCATTTCTGA,0.2103
target_intergenic_0_13_11055816:11055966.fasta,CCNTCTTTTCTTTCAGTTCCAAT,0.0
target_intergenic_0_13_11055816:11055966.fasta,CCNTTCCATTTCTGATTTTGTTA,0.0
target_intergenic_0_13_11055816:11055966.fasta,CCNGGCTGGAACCCGGACACGTG,0.4696
target_intergenic_0_13_11055816:11055966.fasta,CCNACCTAGGCTCCCTCTTTTCT,0.0
target_intergenic_0_13_11055816:11055966.fasta,CCNAACACCTTTCCATTTCTGAT,0.0
target_gene_33_16_19942531:19942681.fasta,AGGCTTTTTGGGGTTTTGTTNGG,5.338
target_gene_33_16_19942531:19942681.fasta,AGAAATGACTTTATCCATACNGG,1.0
target_gene_33_16_19942531:19942681.fasta,ATACTGGTTAATTCTATTGANGG,1.6429
target_gene_33_16_19942531:19942681.fasta,TAATTCTATTGAAGGCTTTTNGG,1.4556
target_gene_33_16_19942531:19942681.fasta,ATTCTATTGAAGGCTTTTTGNGG,1.0
target_gene_33_16_19942531:19942681.fasta,AATTCTATTGAAGGCTTTTTNGG,1.5
target_gene_33_16_19942531:19942681.fasta,CCNGTCCTTTGGAAGAACAGACA,0.0
target_gene_33_16_19942531:19942681.fasta,CCNTCTCTCAAGCCCCAAGAAAT,0.0
target_gene_33_16_19942531:19942681.fasta,CCNTACTGGTTAATTCTATTGAA,0.0
target_gene_33_16_19942531:19942681.fasta,CCNAAGAAATGACTTTATCCATA,0.0
target_gene_33_16_19942531:19942681.fasta,CCNGGTCCTTTGGAAGAACAGAC,0.0
target_gene_33_16_19942531:19942681.fasta,CCNTTGGAAGAACAGACAGTGCT,0.0
target_gene_33_16_19942531:19942681.fasta,CCNAGAAATGACTTTATCCATAC,0.0
target_gene_33_16_19942531:19942681.fasta,CCNCAAGAAATGACTTTATCCAT,0.0
target_gene_33_16_19942531:19942681.fasta,CCNCTGAGCCATCTCTCAAGCCC,0.0
target_gene_33_16_19942531:19942681.fasta,CCNCGGTCCTTTGGAAGAACAGA,5.6262
target_intergenic_5_7_35298899:35299049.fasta,GTGCAGTGCCTCCAGACGCCNGG,3.0823
target_intergenic_5_7_35298899:35299049.fasta,TTATGCATAATAATGCACTANGG,1.6222
target_intergenic_5_7_35298899:35299049.fasta,GTGCCTCCAGACGCCAGGAGNGG,13.8615
target_intergenic_5_7_35298899:35299049.fasta,TATGTGTGTATATCAGTGTTNGG,8.3672
target_intergenic_5_7_35298899:35299049.fasta,TGCCTCCAGACGCCAGGAGANGG,14.6036
target_intergenic_5_7_35298899:35299049.fasta,CCNCCAGACGCCAGGAGAGGGCG,0.979
target_intergenic_5_7_35298899:35299049.fasta,ATGTGTGTATATCAGTGTTTNGG,9.7082
target_intergenic_5_7_35298899:35299049.fasta,CAGACGCCAGGAGAGGGCGTNGG,47.7617
target_intergenic_5_7_35298899:35299049.fasta,CCNGACGCCAGGAGAGGGCGTTG,0.216
target_intergenic_5_7_35298899:35299049.fasta,CCNGGAGAGGGCGTTGGATCCCC,0.0
target_intergenic_6_8_29907485:29907635.fasta,TCCACAACATAATTACACATNGG,8.9882
target_intergenic_6_8_29907485:29907635.fasta,GTCCACAACATAATTACACANGG,18.4721
target_intergenic_6_8_29907485:29907635.fasta,TACACTTGTAGCCAAAGCTANGG,7.5956
target_intergenic_6_8_29907485:29907635.fasta,CCAAGAAATTAGGATAGAGANGG,38.009
target_intergenic_6_8_29907485:29907635.fasta,CCNCAACATAATTACACATGGGA,1.404
target_intergenic_6_8_29907485:29907635.fasta,CCNTTATTGTCCTCCAAACTCTG,1.1177
target_intergenic_6_8_29907485:29907635.fasta,CCNCCAAACTCTGATGAATACAC,0.0
target_intergenic_6_8_29907485:29907635.fasta,CCNAGAAATTAGGATAGAGATGG,37.758
target_intergenic_6_8_29907485:29907635.fasta,CCNAACTCTGATGAATACACTTG,1.3632
target_intergenic_6_8_29907485:29907635.fasta,CCNAAGCTAAGGTCACATTTTGT,0.0176
target_duplicated_10_NC_000068.8_81782486:81782636.fasta,CTCCCGGGTTACCTTGGGCTNGG,2.008
target_duplicated_10_NC_000068.8_81782486:81782636.fasta,GTGGGAGGAAACTGGGAAAANGG,11.6732
target_duplicated_10_NC_000068.8_81782486:81782636.fasta,GACACCACCAAGGTCCCTAGNGG,742.4539
target_duplicated_10_NC_000068.8_81782486:81782636.fasta,GGAGTCTGCGGACACCACCANGG,145.4167
target_duplicated_10_NC_000068.8_81782486:81782636.fasta,AAATAAAGAAAGTATCCTCCNGG,2.7071
target_duplicated_10_NC_000068.8_81782486:81782636.fasta,TGCCAACAGTGGGAGGAAACNGG,3.5065
target_duplicated_10_NC_000068.8_81782486:81782636.fasta,AGGACTCTCCATGTGATCTTNGG,568.6375
target_duplicated_10_NC_000068.8_81782486:81782636.fasta,TACCTTGGGCTAGGAGTCTGNGG,43.446
target_duplicated_10_NC_000068.8_81782486:81782636.fasta,GTATCCTCCCGGGTTACCTTNGG,1.65
target_duplicated_10_NC_000068.8_81782486:81782636.fasta,AGTATCCTCCCGGGTTACCTNGG,1.6421
target_duplicated_10_NC_000068.8_81782486:81782636.fasta,GCCAACAGTGGGAGGAAACTNGG,2.8141
target_duplicated_10_NC_000068.8_81782486:81782636.fasta,CCNGGTTACCTTGGGCTAGGAGT,0.2209
target_duplicated_10_NC_000068.8_81782486:81782636.fasta,CCNCCCGGGTTACCTTGGGCTAG,0.363
target_duplicated_10_NC_000068.8_81782486:81782636.fasta,AATAAAGAAAGTATCCTCCCNGG,2.0912
target_duplicated_10_NC_000068.8_81782486:81782636.fasta,CCNTGGGCTAGGAGTCTGCGGAC,0.0
target_duplicated_10_NC_000068.8_81782486:81782636.fasta,CCNTGTGATCTTAGGACCACCTG,4.4084
target_duplicated_10_NC_000068.8_81782486:81782636.fasta,CCNACAGTGGGAGGAAACTGGGA,0.0988
target_duplicated_10_NC_000068.8_81782486:81782636.fasta,CCNGGGTTACCTTGGGCTAGGAG,0.7249
target_duplicated_10_NC_000068.8_81782486:81782636.fasta,CCNAGAGGACTCTCCATGTGATC,0.0
target_duplicated_10_NC_000068.8_81782486:81782636.fasta,CCNCCAAGGTCCCTAGAGGACTC,0.0
target_duplicated_10_NC_000068.8_81782486:81782636.fasta,CCNTAGAGGACTCTCCATGTGAT,0.0
target_duplicated_10_NC_000068.8_81782486:81782636.fasta,CCNAGGTCCCTAGAGGACTCTCC,0.0
target_duplicated_6_NC_000073.7_7379056:7379206.fasta,GGTGTGTGGGTCCTAAGCCCNGG,21.6
target_duplicated_6_NC_000073.7_7379056:7379206.fasta,GTCTGCTGGCCTGTTGATGCNGG,9.8482
target_duplicated_6_NC_000073.7_7379056:7379206.fasta,TGGGTCCTAAGCCCAGGCAGNGG,28.6831
target_duplicated_6_NC_000073.7_7379056:7379206.fasta,CTCTGGACATCCCTGTCTGCNGG,15.1734
target_duplicated_6_NC_000073.7_7379056:7379206.fasta,TGTTGCAGCACCCTGGTGTGNGG,14.8335
target_duplicated_6_NC_000073.7_7379056:7379206.fasta,TGGCCTGTTGATGCTGGATGNGG,9.8006
target_duplicated_6_NC_000073.7_7379056:7379206.fasta,ACCTGGTTGTTGCAGCACCCNGG,13.4511
target_duplicated_6_NC_000073.7_7379056:7379206.fasta,CAGAGAATTCTTAGCTTACCNGG,10.3885
target_duplicated_6_NC_000073.7_7379056:7379206.fasta,GTTGCAGCACCCTGGTGTGTNGG,15.2632
target_duplicated_6_NC_000073.7_7379056:7379206.fasta,CCNGTCTGCTGGCCTGTTGATGC,0.2015
target_duplicated_6_NC_000073.7_7379056:7379206.fasta,GGGTCCTAAGCCCAGGCAGANGG,28.0169
target_duplicated_6_NC_000073.7_7379056:7379206.fasta,CCNCTGGACATCCCTGTCTGCTG,0.476
target_duplicated_6_NC_000073.7_7379056:7379206.fasta,CCNGTTGATGCTGGATGTGGTAG,1.9877
target_duplicated_6_NC_000073.7_7379056:7379206.fasta,CCNAAGCCCAGGCAGAGGGCTGA,1.9626
target_duplicated_6_NC_000073.7_7379056:7379206.fasta,CCNGGCAGAGGGCTGATGTCCCT,0.0
target_duplicated_6_NC_000073.7_7379056:7379206.fasta,CCNGGTTGTTGCAGCACCCTGGT,0.2323
target_duplicated_6_NC_000073.7_7379056:7379206.fasta,CCNGGTGTGTGGGTCCTAAGCCC,0.0
target_duplicated_6_NC_000073.7_7379056:7379206.fasta,CCNTGTCTGCTGGCCTGTTGATG,0.3961
target_duplicated_6_NC_000073.7_7379056:7379206.fasta,CCNTGGTGTGTGGGTCCTAAGCC,0.0
target_duplicated_6_NC_000073.7_7379056:7379206.fasta,CCNCTCTGGACATCCCTGTCTGC,0.418
target_duplicated_6_NC_000073.7_7379056:7379206.fasta,CCNTCTGGACATCCCTGTCTGCT,0.0
target_duplicated_6_NC_000073.7_7379056:7379206.fasta,CCNAGGCAGAGGGCTGATGTCCC,0.0
target_intergenic_24_12_80436280:80436430.fasta,AGACCAACAGTTCAATCTCTNGG,1.0
target_intergenic_24_12_80436280:80436430.fasta,TAGACCAACAGTTCAATCTCNGG,1.0
target_intergenic_24_12_80436280:80436430.fasta,GTCTAAAGGACATGTGAGCCNGG,1.0
target_intergenic_24_12_80436280:80436430.fasta,TTGATAATCATGAAGTCTAANGG,2.3636
target_intergenic_24_12_80436280:80436430.fasta,CCNCTGCTCTAGACCAACAGTTC,0.0
target_intergenic_24_12_80436280:80436430.fasta,CCNGGAGTCCTCCACCAATGAGC,0.0413
target_intergenic_24_12_80436280:80436430.fasta,CCNCCACCAATGAGCAAAACTGA,0.0694
target_intergenic_24_12_80436280:80436430.fasta,CCNGATGCTTGATAATCATGAAG,0.2745
target_intergenic_24_12_80436280:80436430.fasta,CCNAGCAACCTGATGCTTGATAA,0.0
target_intergenic_24_12_80436280:80436430.fasta,CCNATGAGCAAAACTGATTTCAC,0.0
target_intergenic_24_12_80436280:80436430.fasta,CCNACAGTTCAATCTCTGGGCAC,0.0
target_intergenic_24_12_80436280:80436430.fasta,CCNCCAATGAGCAAAACTGATTT,0.0
target_duplicated_41_NC_000079.7_119302093:119302243.fasta,ATACTTTTACATCTGGGTCTNGG,147.7867
target_duplicated_41_NC_000079.7_119302093:119302243.fasta,GGGGTGCCCAGGACTGGGTGNGG,2631.6615
target_duplicated_41_NC_000079.7_119302093:119302243.fasta,ATGAGATATACTTTTACATCNGG,695.9969
target_duplicated_41_NC_000079.7_119302093:119302243.fasta,ACATCTGGGTCTAGGTTTTCNGG,1486.0614
target_duplicated_41_NC_000079.7_119302093:119302243.fasta,TCTGGTGTGTTGGGGTGCCCNGG,4853.2751
target_duplicated_41_NC_000079.7_119302093:119302243.fasta,TGAGATATACTTTTACATCTNGG,26.4288
target_duplicated_41_NC_000079.7_119302093:119302243.fasta,GTGCCCAGGACTGGGTGAGGNGG,3284.7563
target_duplicated_41_NC_000079.7_119302093:119302243.fasta,TGTGTTGGGGTGCCCAGGACNGG,12408.4082
target_duplicated_41_NC_000079.7_119302093:119302243.fasta,GTCTAGGTTTTCTGGTGTGTNGG,1823.9627
target_duplicated_41_NC_000079.7_119302093:119302243.fasta,TGCCCAGGACTGGGTGAGGTNGG,4427.9335
target_duplicated_41_NC_000079.7_119302093:119302243.fasta,GTGTTGGGGTGCCCAGGACTNGG,10417.256
target_duplicated_41_NC_000079.7_119302093:119302243.fasta,CTAGGTTTTCTGGTGTGTTGNGG,2241.6804
target_duplicated_41_NC_000079.7_119302093:119302243.fasta,CCNTCATCATGAGATATACTTTT,0.0
target_duplicated_41_NC_000079.7_119302093:119302243.fasta,TCTAGGTTTTCTGGTGTGTTNGG,2189.4106
target_duplicated_41_NC_000079.7_119302093:119302243.fasta,CCNTCTTGATGTCCTCTACCATC,0.0
target_duplicated_41_NC_000079.7_119302093:119302243.fasta,CCNCTACCATCATCATGAGATAT,0.0
target_duplicated_41_NC_000079.7_119302093:119302243.fasta,CCNAGGACTGGGTGAGGTGGGAG,1128.9368
target_duplicated_41_NC_000079.7_119302093:119302243.fasta,CCNGTATTTCTTTAAGTGAGTTA,0.0
target_duplicated_41_NC_000079.7_119302093:119302243.fasta,CCNGGACTGGGTGAGGTGGGAGT,84.3622
target_intergenic_14_10_116220680:116220830.fasta,CCNGCTCTCCTTAGTCTAAAAAC,0.0
target_intergenic_14_10_116220680:116220830.fasta,CCNTCAAATGCTCTTTCTAAGTA,0.0
target_intergenic_14_10_116220680:116220830.fasta,CCNTTCAAATGCTCTTTCTAAGT,0.022
target_intergenic_14_10_116220680:116220830.fasta,CCNTAGTCTAAAAACCCTTCAAA,0.0
target_gene_36_9_119989465:119989615.fasta,CCNAGCTGATTTTTACCATTTTC,0.0
target_gene_36_9_119989465:119989615.fasta,CCNGCTGATTTTTACCATTTTCT,0.0
target_gene_36_9_119989465:119989615.fasta,CCNGCTTCTGCCCAGCTGATTTT,0.0
target_gene_36_9_119989465:119989615.fasta,CCNTTTTCTTCTCTCTGTCTCTC,0.0
target_intergenic_18_7_57036394:57036544.fasta,CGCCGCCCTTCCGCCCCCGCNGG,1.0
target_intergenic_18_7_57036394:57036544.fasta,GAGCATGCAAGCCCGAGAACNGG,1.0
target_intergenic_18_7_57036394:57036544.fasta,GCAAGCCCGAGAACAGGCAGNGG,1.6779
target_intergenic_18_7_57036394:57036544.fasta,GCTTTGCAGCCATGGCTCTCNGG,1.8161
target_intergenic_18_7_57036394:57036544.fasta,GCCGGCCTCTTGGAAACGCCNGG,1.0
target_intergenic_18_7_57036394:57036544.fasta,TTCCGCCCCCGCCGGCCTCTNGG,1.0
target_intergenic_18_7_57036394:57036544.fasta,CAGCCATGGCTCTCCGGGAGNGG,1.0769
target_intergenic_18_7_57036394:57036544.fasta,AAGCAGCAGCTTTGCAGCCANGG,2.543
target_intergenic_18_7_57036394:57036544.fasta,AGCCATGGCTCTCCGGGAGCNGG,1.4333
target_intergenic_18_7_57036394:57036544.fasta,CCGGCCTCTTGGAAACGCCTNGG,1.0
target_intergenic_18_7_57036394:57036544.fasta,CCNTCCGCCCCCGCCGGCCTCTT,0.0
target_intergenic_18_7_57036394:57036544.fasta,CCNGCAGACGGCGCCCCCCGCCG,0.1643
target_intergenic_18_7_57036394:57036544.fasta,CCNCTTGGAAACGCCTGGGAGCC,0.0
target_intergenic_18_7_57036394:57036544.fasta,CCNCCGCCCTTCCGCCCCCGCCG,0.2815
target_intergenic_18_7_57036394:57036544.fasta,CCNCCGGCCTCTTGGAAACGCCT,0.0
target_intergenic_18_7_57036394:57036544.fasta,CCNCCCTTCCGCCCCCGCCGGCC,0.0
target_intergenic_18_7_57036394:57036544.fasta,CCNGCCTCTTGGAAACGCCTGGG,1.0
target_intergenic_18_7_57036394:57036544.fasta,CTTTGCAGCCATGGCTCTCCNGG,19.714
target_intergenic_18_7_57036394:57036544.fasta,CCNCTTACCGAGCATGCAAGCCC,0.0
target_intergenic_18_7_57036394:57036544.fasta,CCNAGCATGCAAGCCCGAGAACA,0.0
target_intergenic_18_7_57036394:57036544.fasta,CCNTGGCTCTCCGGGAGCGGGTC,0.0
target_intergenic_18_7_57036394:57036544.fasta,CCNGGGAGCCACTTACCGAGCAT,0.0
target_intergenic_18_7_57036394:57036544.fasta,CCNCGCCGCCCTTCCGCCCCCGC,0.0222
target_intergenic_18_7_57036394:57036544.fasta,CCNGCCGCCCTTCCGCCCCCGCC,0.0
target_intergenic_18_7_57036394:57036544.fasta,CCNCCCGCCGCCCTTCCGCCCCC,0.0
target_intergenic_18_7_57036394:57036544.fasta,CCNCCCCCGCCGGCCTCTTGGAA,0.0
target_intergenic_18_7_57036394:57036544.fasta,CCNCGCCGGCCTCTTGGAAACGC,0.0222
target_intergenic_18_7_57036394:57036544.fasta,CCNGCCGGCCTCTTGGAAACGCC,0.0
target_intergenic_18_7_57036394:57036544.fasta,CCNTTCCGCCCCCGCCGGCCTCT,0.0
target_intergenic_18_7_57036394:57036544.fasta,CCNGAGAACAGGCAGAGGAGAAG,1.9525
target_intergenic_18_7_57036394:57036544.fasta,CCNAGAACAGGCAGAGGAGAAGC,0.0636
target_intergenic_18_7_57036394:57036544.fasta,CCNCCGCCGCCCTTCCGCCCCCG,0.2993
target_intergenic_18_7_57036394:57036544.fasta,CCNCCGCCGGCCTCTTGGAAACG,0.1393
target_duplicated_19_NC_000087.8_11508906:11509056.fasta,AAAAAAAGATTTCTTACCTGNGG,228.2149
target_duplicated_19_NC_000087.8_11508906:11509056.fasta,CCNGAGGAATACCGAATGGCAGA,1820.557
target_duplicated_19_NC_000087.8_11508906:11509056.fasta,CTTACCTGAGGAATACCGAANGG,17776.6965
target_duplicated_19_NC_000087.8_11508906:11509056.fasta,CCNGAAAAAATGTTCAACATACT,0.0
target_duplicated_19_NC_000087.8_11508906:11509056.fasta,CCNAATGGCAGAGAAGCACCTGA,1805.1597
target_intergenic_11_3_98495290:98495440.fasta,CCNCATTACACCCCGTCCATATC,0.0
target_intergenic_11_3_98495290:98495440.fasta,CCNGTTGTGAGTGAGGACTGAAT,0.0
target_intergenic_11_3_98495290:98495440.fasta,CCNAATTTTTATGCTGTAGATAA,0.0
target_intergenic_11_3_98495290:98495440.fasta,CCNTGACCAGTTGTGAGTGAGGA,0.0694
target_intergenic_11_3_98495290:98495440.fasta,CCNTCATTACACCCCGTCCATAT,0.0
target_intergenic_11_3_98495290:98495440.fasta,CCNATTGTGAATATTGTTTATAG,0.2593
target_intergenic_11_3_98495290:98495440.fasta,CCNACTATACAGTGACTTTTGTG,0.211
target_intergenic_11_3_98495290:98495440.fasta,CCNCCTAATTTTTATGCTGTAGA,0.1687
target_intergenic_8_4_41578015:41578165.fasta,GGACATTGATTCCTGCAGGANGG,1.881
target_intergenic_8_4_41578015:41578165.fasta,TTCAGGACATTGATTCCTGCNGG,1.8067
target_intergenic_8_4_41578015:41578165.fasta,GCACTGGCCATGCGCAGTTCNGG,1.0
target_intergenic_8_4_41578015:41578165.fasta,AATTCTAAGGCTGTCATTTTNGG,1.0
target_intergenic_8_4_41578015:41578165.fasta,AGGCTGTCATTTTAGGGCACNGG,1.56
target_intergenic_8_4_41578015:41578165.fasta,ATTCTAAGGCTGTCATTTTANGG,1.4643
target_intergenic_8_4_41578015:41578165.fasta,ATACTTTCTTGATCATGGCANGG,1.1875
target_intergenic_8_4_41578015:41578165.fasta,TCCTGATACTTTCTTGATCANGG,1.2215
target_intergenic_8_4_41578015:41578165.fasta,GACATTGATTCCTGCAGGAANGG,1.0504
target_intergenic_8_4_41578015:41578165.fasta,ACTTTCTTGATCATGGCATGNGG,1.369
target_intergenic_8_4_41578015:41578165.fasta,CCNGCAGGAAGGGAGACAGCCAA,0.0
target_intergenic_8_4_41578015:41578165.fasta,TACTTTCTTGATCATGGCATNGG,2.5425
target_intergenic_8_4_41578015:41578165.fasta,CCNCCTGATACTTTCTTGATCAT,0.0
target_intergenic_8_4_41578015:41578165.fasta,CCNTGCGCAGTTCAGGACATTGA,0.0694
target_intergenic_8_4_41578015:41578165.fasta,CCNTGCTCTCTGCCTCCTGATAC,0.0
target_intergenic_8_4_41578015:41578165.fasta,CCNGATACTTTCTTGATCATGGC,0.0229
target_intergenic_8_4_41578015:41578165.fasta,CCNATGTGAGTCACACATTTACC,0.0
target_intergenic_8_4_41578015:41578165.fasta,CCNGTGCTCTCTGCCTCCTGATA,0.0
target_intergenic_43_8_13540217:13540367.fasta,TACCAGTATCCGCCCACTGGNGG,1.0
target_intergenic_43_8_13540217:13540367.fasta,CCGCCACTGAGGAATGCGGGNGG,1.0
target_intergenic_43_8_13540217:13540367.fasta,CCACTGAGGAATGCGGGTGGNGG,1.0
target_intergenic_43_8_13540217:13540367.fasta,TTTCCTCCCCAGAGAAAGTCNGG,2.5462
target_intergenic_43_8_13540217:13540367.fasta,CCCACTGGAGGGCTCAGATCNGG,1.341
target_intergenic_43_8_13540217:13540367.fasta,AGCTACCAGTATCCGCCCACNGG,1.0
target_intergenic_43_8_13540217:13540367.fasta,CCACCGCCACTGAGGAATGCNGG,1.0
target_intergenic_43_8_13540217:13540367.fasta,GGAGGCACACAGTAGCTGTCNGG,1.913
target_intergenic_43_8_13540217:13540367.fasta,CCNGCATTTCCTCCCCAGAGAAA,0.0
target_intergenic_43_8_13540217:13540367.fasta,CCNCCCCAGAGAAAGTCAGGAAG,0.6222
target_intergenic_43_8_13540217:13540367.fasta,ACCAGTATCCGCCCACTGGANGG,1.0
target_intergenic_43_8_13540217:13540367.fasta,CCNTTTTTCCTAATGTCAGAAGA,0.0842
target_intergenic_43_8_13540217:13540367.fasta,CCNCCGCCACTGAGGAATGCGGG,1.0
target_intergenic_43_8_13540217:13540367.fasta,CCNCCCACTGGAGGGCTCAGATC,0.0
target_intergenic_43_8_13540217:13540367.fasta,CCNCCACTGAGGAATGCGGGTGG,1.0
target_intergenic_43_8_13540217:13540367.fasta,CCNCTGAGGAATGCGGGTGGAGG,1.0
target_intergenic_43_8_13540217:13540367.fasta,CCNGTATCCGCCCACTGGAGGGC,0.0252
target_intergenic_43_8_13540217:13540367.fasta,CCNCTGGAGGGCTCAGATCTGGC,0.0222
target_intergenic_43_8_13540217:13540367.fasta,CCNGAGAAAGTCAGGAAGAAGCT,0.0
target_intergenic_43_8_13540217:13540367.fasta,CCNCAGAGAAAGTCAGGAAGAAG,0.8005
target_intergenic_43_8_13540217:13540367.fasta,CCNACTGGAGGGCTCAGATCTGG,1.5838
target_intergenic_43_8_13540217:13540367.fasta,CCNCTTTTTTCCTAATGTCAGAA,0.0
target_intergenic_43_8_13540217:13540367.fasta,CCNTTTTTTCCTAATGTCAGAAG,0.3333
target_intergenic_43_8_13540217:13540367.fasta,CCNAGAGAAAGTCAGGAAGAAGC,0.0826
target_gene_19_13_69769414:69769564.fasta,ATGTAGCCAACACTTCTCCANGG,1.0
target_gene_19_13_69769414:69769564.fasta,GCAGCAAAGCACTGTGGATCNGG,1.7941
target_gene_19_13_69769414:69769564.fasta,AGTCTCTTCAGAATCAAATGNGG,3.4018
target_gene_19_13_69769414:69769564.fasta,TTGTCTGCAGCAAAGCACTGNGG,1.0
target_gene_19_13_69769414:69769564.fasta,CCNCATGTAGCCAACACTTCTCC,0.0
target_gene_19_13_69769414:69769564.fasta,CCNCTGCAAAGACACCTAGCACT,0.0
target_gene_19_13_69769414:69769564.fasta,CCNACACTTCTCCATGGAAGCAG,0.4926
target_gene_19_13_69769414:69769564.fasta,CCNAGCACTTGTCTGCAGCAAAG,0.2593
target_gene_19_13_69769414:69769564.fasta,CCNTGGAAGCAGTCTCTTCAGAA,0.0
target_duplicated_22_NC_000086.8_39120914:39121064.fasta,CTAAGAGTGGCCCCCTTCTCNGG,1.0
target_duplicated_22_NC_000086.8_39120914:39121064.fasta,CCCATCCCCCACCTCTGAGANGG,8.5526
target_duplicated_22_NC_000086.8_39120914:39121064.fasta,CCCCATCCCCCACCTCTGAGNGG,6.781
target_duplicated_22_NC_000086.8_39120914:39121064.fasta,ATTTATTTACATTCTAAGAGNGG,5.4671
target_duplicated_22_NC_000086.8_39120914:39121064.fasta,CCNTCTCCGGTACCCCCCCCCCG,0.4698
target_duplicated_22_NC_000086.8_39120914:39121064.fasta,CCNACCCACCTGTACCTCACTCA,0.0
target_duplicated_22_NC_000086.8_39120914:39121064.fasta,CCNATTTATTTACATTCTAAGAG,0.6659
target_duplicated_22_NC_000086.8_39120914:39121064.fasta,CCNCACTCATCCCTCTTTGCTGA,0.0972
target_duplicated_22_NC_000086.8_39120914:39121064.fasta,CCNGTACCCCCCCCCCGAGTTCT,0.0
target_duplicated_22_NC_000086.8_39120914:39121064.fasta,CCNGTACCTCACTCATCCCTCTT,0.0
target_duplicated_22_NC_000086.8_39120914:39121064.fasta,CCNCTGAGAGGGTGCTCCCCTAC,0.0
target_duplicated_22_NC_000086.8_39120914:39121064.fasta,CCNTCCCCCATCCCCCACCTCTG,0.9199
target_duplicated_22_NC_000086.8_39120914:39121064.fasta,CCNAGTTCTTCACCCCATCCCCC,0.0
target_duplicated_22_NC_000086.8_39120914:39121064.fasta,CCNCTTTGCTGAGACATCAAGTT,0.0
target_duplicated_22_NC_000086.8_39120914:39121064.fasta,CCNCCTTCTCCGGTACCCCCCCC,0.0
target_duplicated_22_NC_000086.8_39120914:39121064.fasta,CCNCCTCTGAGAGGGTGCTCCCC,0.0
target_duplicated_22_NC_000086.8_39120914:39121064.fasta,CCNCCTGTACCTCACTCATCCCT,0.0
target_duplicated_22_NC_000086.8_39120914:39121064.fasta,CCNTTCTCCGGTACCCCCCCCCC,0.0
target_duplicated_22_NC_000086.8_39120914:39121064.fasta,CCNCCCCCCGAGTTCTTCACCCC,0.0
target_duplicated_22_NC_000086.8_39120914:39121064.fasta,CCNTCCCCCACCTCTGAGAGGGT,0.4815
target_duplicated_22_NC_000086.8_39120914:39121064.fasta,CCNCCCCCCCGAGTTCTTCACCC,0.0
target_duplicated_22_NC_000086.8_39120914:39121064.fasta,CCNCCCCGAGTTCTTCACCCCAT,0.0
target_duplicated_22_NC_000086.8_39120914:39121064.fasta,CCNCTTCTCCGGTACCCCCCCCC,0.0
target_duplicated_22_NC_000086.8_39120914:39121064.fasta,CCNCCGAGTTCTTCACCCCATCC,0.0
target_duplicated_22_NC_000086.8_39120914:39121064.fasta,CCNCCCGAGTTCTTCACCCCATC,0.0
target_duplicated_22_NC_000086.8_39120914:39121064.fasta,CCNCCCCCGAGTTCTTCACCCCA,0.0
target_duplicated_22_NC_000086.8_39120914:39121064.fasta,CCNGAGTTCTTCACCCCATCCCC,0.0
target_duplicated_22_NC_000086.8_39120914:39121064.fasta,CCNATCCCCCATCCCCCACCTCT,0.0
target_duplicated_22_NC_000086.8_39120914:39121064.fasta,CCNCATCCCCCACCTCTGAGAGG,9.0147
target_duplicated_22_NC_000086.8_39120914:39121064.fasta,CCNCGAGTTCTTCACCCCATCCC,0.0
target_duplicated_22_NC_000086.8_39120914:39121064.fasta,CCNCATCCCCCATCCCCCACCTC,0.0
target_duplicated_22_NC_000086.8_39120914:39121064.fasta,CCNCCACCTCTGAGAGGGTGCTC,0.0
target_duplicated_22_NC_000086.8_39120914:39121064.fasta,CCNACCTCTGAGAGGGTGCTCCC,0.0
target_duplicated_22_NC_000086.8_39120914:39121064.fasta,CCNCCATCCCCCACCTCTGAGAG,2.006
target_duplicated_22_NC_000086.8_39120914:39121064.fasta,CCNATCCCCCACCTCTGAGAGGG,8.9224
target_duplicated_22_NC_000086.8_39120914:39121064.fasta,CCNTACCCACCTGTACCTCACTC,0.0
target_duplicated_22_NC_000086.8_39120914:39121064.fasta,CCNCTACCCACCTGTACCTCACT,0.0
target_duplicated_22_NC_000086.8_39120914:39121064.fasta,CCNTCTTTGCTGAGACATCAAGT,0.0819
target_duplicated_22_NC_000086.8_39120914:39121064.fasta,CCNCACCTCTGAGAGGGTGCTCC,0.0
target_duplicated_22_NC_000086.8_39120914:39121064.fasta,CCNACCTGTACCTCACTCATCCC,0.0
target_gene_15_15_38051807:38051957.fasta,CTTTCTTAGCAGTACCTATTNGG,1.0
target_gene_15_15_38051807:38051957.fasta,CAGTCAGTGCTCTTAACTGCNGG,12797.621
target_gene_15_15_38051807:38051957.fasta,CCNATTAGGAGCTAACACTACTA,0.0
target_gene_15_15_38051807:38051957.fasta,GGATATGAACTCAGGACCTTNGG,12223.8057
target_gene_15_15_38051807:38051957.fasta,AGTCAGTGCTCTTAACTGCTNGG,11576.0588
target_gene_15_15_38051807:38051957.fasta,CCNGCTCGAGAATCGTTAAGTGG,1.0
target_gene_15_15_38051807:38051957.fasta,GGTTGCTGGGATATGAACTCNGG,30442.1458
target_gene_15_15_38051807:38051957.fasta,CCAGCTCGAGAATCGTTAAGNGG,1.0
target_gene_15_15_38051807:38051957.fasta,CCNTTTTGCCAGCTCGAGAATCG,0.1071
target_gene_15_15_38051807:38051957.fasta,CCNTCGGAAGAGCAGTCAGTGCT,0.0
target_duplicated_40_NC_000084.7_25361562:25361712.fasta,ATGTACTGTAGATGGGTGTCNGG,1.1019
target_duplicated_40_NC_000084.7_25361562:25361712.fasta,AGATGGGTGTCAGGGGATAANGG,1.5688
target_duplicated_40_NC_000084.7_25361562:25361712.fasta,GTGCTCTGGGAGGGCAGACGNGG,75.8303
target_duplicated_40_NC_000084.7_25361562:25361712.fasta,CAGAGTTCCGGTGCTCTGGGNGG,644.8174
target_duplicated_40_NC_000084.7_25361562:25361712.fasta,CCTGGGTCCCCCCAGAGTTCNGG,10.9925
target_duplicated_40_NC_000084.7_25361562:25361712.fasta,CAAGCTTTCCACACAGCACCNGG,6.6053
target_duplicated_40_NC_000084.7_25361562:25361712.fasta,GTGTCAGGGGATAAAGGGAGNGG,7.0233
target_duplicated_40_NC_000084.7_25361562:25361712.fasta,CTGTGTAGATGTACTGTAGANGG,1.0
target_duplicated_40_NC_000084.7_25361562:25361712.fasta,AAAGGGAGTGGGAGAAAACCNGG,250.123
target_duplicated_40_NC_000084.7_25361562:25361712.fasta,CCCCCAGAGTTCCGGTGCTCNGG,95.3805
target_duplicated_40_NC_000084.7_25361562:25361712.fasta,TGTGTAGATGTACTGTAGATNGG,1.0
target_duplicated_40_NC_000084.7_25361562:25361712.fasta,GTACTGTAGATGGGTGTCAGNGG,1.0
target_duplicated_40_NC_000084.7_25361562:25361712.fasta,TGTACTGTAGATGGGTGTCANGG,1.0
target_duplicated_40_NC_000084.7_25361562:25361712.fasta,TGTCAGGGGATAAAGGGAGTNGG,8.0353
target_duplicated_40_NC_000084.7_25361562:25361712.fasta,GCTTTCCACACAGCACCAGGNGG,21.7727
target_duplicated_40_NC_000084.7_25361562:25361712.fasta,AAGGGAGTGGGAGAAAACCTNGG,116.255
target_duplicated_40_NC_000084.7_25361562:25361712.fasta,CCCCAGAGTTCCGGTGCTCTNGG,206.7158
target_duplicated_40_NC_000084.7_25361562:25361712.fasta,CTTTCCACACAGCACCAGGTNGG,43.3394
target_duplicated_40_NC_000084.7_25361562:25361712.fasta,GATGGGTGTCAGGGGATAAANGG,1.0
target_duplicated_40_NC_000084.7_25361562:25361712.fasta,CCNGGGTCCCCCCAGAGTTCCGG,11.8996
target_duplicated_40_NC_000084.7_25361562:25361712.fasta,CCNGTGCTCTGGGAGGGCAGACG,9.1977
target_duplicated_40_NC_000084.7_25361562:25361712.fasta,CCNCCCAGAGTTCCGGTGCTCTG,5.94
target_duplicated_40_NC_000084.7_25361562:25361712.fasta,CCNCCAGAGTTCCGGTGCTCTGG,399.1436
target_duplicated_40_NC_000084.7_25361562:25361712.fasta,AGAGTTCCGGTGCTCTGGGANGG,341.4511
target_duplicated_40_NC_000084.7_25361562:25361712.fasta,CCNCAGAGTTCCGGTGCTCTGGG,211.7741
target_duplicated_40_NC_000084.7_25361562:25361712.fasta,CCNGAGTTCCGGTGCTCTGGGAG,61.616
target_duplicated_40_NC_000084.7_25361562:25361712.fasta,CCNAGAGTTCCGGTGCTCTGGGA,6.5825
target_duplicated_25_NC_000075.7_90016849:90016999.fasta,CAGATATAATCCCAGTACTCNGG,27.8679
target_duplicated_25_NC_000075.7_90016849:90016999.fasta,ATATAATCCCAGTACTCAGGNGG,749.9872
target_duplicated_25_NC_000075.7_90016849:90016999.fasta,TTCAAATCCCATCAATCATANGG,238.1978
target_duplicated_25_NC_000075.7_90016849:90016999.fasta,AAATCCCATCAATCATATGGNGG,405.2468
target_duplicated_25_NC_000075.7_90016849:90016999.fasta,AGTACTCAGGAGGCAGAAGCNGG,7973.3054
target_duplicated_25_NC_000075.7_90016849:90016999.fasta,CCNAATGGTCCTCAGTTCAAATC,0.0
target_duplicated_25_NC_000075.7_90016849:90016999.fasta,CCNCTTCTGGTATATCTCAAGAC,0.0
target_duplicated_25_NC_000075.7_90016849:90016999.fasta,CCNTCCGTAAAGAGATCTGACGC,126.9176
target_duplicated_25_NC_000075.7_90016849:90016999.fasta,AGAGATCTGACGCCCTCTTCNGG,16542.1142
target_duplicated_25_NC_000075.7_90016849:90016999.fasta,ACTCAGGAGGCAGAAGCAGGNGG,29846.6194
target_duplicated_25_NC_000075.7_90016849:90016999.fasta,CCNCAGTTCAAATCCCATCAATC,0.0
target_duplicated_25_NC_000075.7_90016849:90016999.fasta,CCNTAAAGAGATCTGACGCCCTC,0.0
target_duplicated_25_NC_000075.7_90016849:90016999.fasta,CCNGTACTCAGGAGGCAGAAGCA,0.0
target_duplicated_25_NC_000075.7_90016849:90016999.fasta,CCNTCAATCATATGGTGGCTCAC,0.0
target_duplicated_25_NC_000075.7_90016849:90016999.fasta,CCNATCAATCATATGGTGGCTCA,0.0
target_duplicated_25_NC_000075.7_90016849:90016999.fasta,CCNAGTACTCAGGAGGCAGAAGC,295.5049
target_duplicated_25_NC_000075.7_90016849:90016999.fasta,CCNTCTTCTGGTATATCTCAAGA,65.9634
target_gene_2_7_15677097:15677247.fasta,GATCCGATCCACCACAGCCTNGG,1.0
target_gene_2_7_15677097:15677247.fasta,CCACCACAGCCTCGGCAAGCNGG,1.6252
target_gene_2_7_15677097:15677247.fasta,AGCCTCGGCAAGCAGGAGATNGG,1.0
target_gene_2_7_15677097:15677247.fasta,GCAGGAGATAGGCCTTGTGANGG,1.0
target_gene_2_7_15677097:15677247.fasta,AGGAGATAGGCCTTGTGATGNGG,1.0
target_gene_2_7_15677097:15677247.fasta,CCNCGGCAAGCAGGAGATAGGCC,0.0
target_gene_2_7_15677097:15677247.fasta,CAGGAGATAGGCCTTGTGATNGG,1.2143
target_gene_2_7_15677097:15677247.fasta,CCNATCCACCACAGCCTCGGCAA,0.0
target_gene_2_7_15677097:15677247.fasta,CCNAAAAAGAAAACCCAAAAAAG,11.0569
target_gene_2_7_15677097:15677247.fasta,CCNCCACAGCCTCGGCAAGCAGG,1.6252
target_gene_2_7_15677097:15677247.fasta,CCNAAAAAAGAACCCAGACTCCC,0.0
target_gene_2_7_15677097:15677247.fasta,CCNGGGCTACAAAGAGAAACCCC,0.0
target_gene_2_7_15677097:15677247.fasta,CCNGACTCCCAGATCCGATCCAC,0.0
target_gene_2_7_15677097:15677247.fasta,CCNCATCTCGAAAAAACCAAAAA,0.0
target_gene_2_7_15677097:15677247.fasta,CCNAGATCCGATCCACCACAGCC,0.0
target_gene_2_7_15677097:15677247.fasta,CCNAGACAGCCAGGGCTACAAAG,9615.3273
target_gene_2_7_15677097:15677247.fasta,CCNAAAAAGAACCCAGACTCCCA,0.0
target_gene_2_7_15677097:15677247.fasta,CCNCAGCCTCGGCAAGCAGGAGA,0.1718
target_gene_2_7_15677097:15677247.fasta,CCNAGACTCCCAGATCCGATCCA,0.0
target_gene_2_7_15677097:15677247.fasta,AGTGAGTTCCAAGACAGCCANGG,99853.2187
target_gene_2_7_15677097:15677247.fasta,CCNTGTGATGGGGACTAAGTCCC,0.0
target_gene_2_7_15677097:15677247.fasta,CCNTCTCGAAAAAACCAAAAAAG,129.8394
target_gene_2_7_15677097:15677247.fasta,CCNGATCCGATCCACCACAGCCT,0.0
target_gene_2_7_15677097:15677247.fasta,CCNATCTCGAAAAAACCAAAAAA,0.0
target_intergenic_38_6_37345119:37345269.fasta,GTACTTAGCTAAACAGAGACNGG,1.0
target_intergenic_38_6_37345119:37345269.fasta,TAAATGAAAAAGTGTTCTTCNGG,1.9524
target_intergenic_38_6_37345119:37345269.fasta,CTTTTATAAATTCTGCAATTNGG,1.0267
target_intergenic_30_8_125354036:125354186.fasta,GTCCGGAACTTCAGTCTCAANGG,1.5591
target_intergenic_30_8_125354036:125354186.fasta,CACTGCAATGACACGATGTGNGG,1.0
target_intergenic_30_8_125354036:125354186.fasta,ATTTTAAAAATAAAAATGATNGG,31.0283
target_intergenic_30_8_125354036:125354186.fasta,TGCCCTCTTCTGACCTTCATNGG,443.5667
target_intergenic_30_8_125354036:125354186.fasta,CCNCTTCTGACCTTCATGGGCAC,0.0
target_intergenic_30_8_125354036:125354186.fasta,CCNTCATGGGCACTGCAATGACA,0.0
target_intergenic_30_8_125354036:125354186.fasta,TTTTAAAAATAAAAATGATANGG,23.8573
target_intergenic_30_8_125354036:125354186.fasta,ATGCCCTCTTCTGACCTTCANGG,657.455
target_intergenic_30_8_125354036:125354186.fasta,CCNTCCGGAACTTCAGTCTCAAA,0.0
target_intergenic_30_8_125354036:125354186.fasta,CCNTCTTCTGACCTTCATGGGCA,0.0
target_intergenic_30_8_125354036:125354186.fasta,TTTAAAAATAAAAATGATAGNGG,14.0871
target_intergenic_30_8_125354036:125354186.fasta,CCNGAACTTCAGTCTCAAAGGAT,0.0
target_duplicated_5_NC_000069.7_46864944:46865094.fasta,ACCCACCCACTCCCTGTTTTNGG,405.7859
target_duplicated_5_NC_000069.7_46864944:46865094.fasta,CCACTCCCTGTTTTTGGCCCNGG,9915.8539
target_duplicated_5_NC_000069.7_46864944:46865094.fasta,TATAAAGTTTGCGTGTCCAANGG,25142.1308
target_duplicated_5_NC_000069.7_46864944:46865094.fasta,GCCCTGGCGTTCCCCTGTACNGG,65933.3835
target_duplicated_5_NC_000069.7_46864944:46865094.fasta,CCNACCCACCCACTCCCTGTTTT,0.0
target_duplicated_5_NC_000069.7_46864944:46865094.fasta,ATAAAGTTTGCGTGTCCAATNGG,25156.2034
target_duplicated_5_NC_000069.7_46864944:46865094.fasta,CCTGGCGTTCCCCTGTACTGNGG,69812.0073
target_duplicated_5_NC_000069.7_46864944:46865094.fasta,CCCTGGCGTTCCCCTGTACTNGG,63863.2187
target_duplicated_5_NC_000069.7_46864944:46865094.fasta,CCNATGCTATACCAAAAGTCCCC,0.0
target_duplicated_5_NC_000069.7_46864944:46865094.fasta,CCNGTTTTTGGCCCTGGCGTTCC,0.0
target_duplicated_5_NC_000069.7_46864944:46865094.fasta,CCNGGCGTTCCCCTGTACTGGGG,67194.5544
target_duplicated_5_NC_000069.7_46864944:46865094.fasta,CCNGTACTGGGGCATATAAAGTT,0.0
target_duplicated_5_NC_000069.7_46864944:46865094.fasta,CCNCCCCCACTCCCCTACCCACC,0.0
target_duplicated_5_NC_000069.7_46864944:46865094.fasta,CCNCCCACCCCCACTCCCCTACC,0.0
target_duplicated_5_NC_000069.7_46864944:46865094.fasta,CCNTACCCACCCACCCCCACTCC,0.0
target_duplicated_5_NC_000069.7_46864944:46865094.fasta,CCNCCATACCCACCCACCCCCAC,0.0
target_duplicated_5_NC_000069.7_46864944:46865094.fasta,CCNAAAGTCCCCCATACCCACCC,0.0
target_duplicated_5_NC_000069.7_46864944:46865094.fasta,CCNCCCACTCCCTGTTTTTGGCC,0.0
target_duplicated_5_NC_000069.7_46864944:46865094.fasta,CCNCTCCCTGTTTTTGGCCCTGG,9932.7346
target_duplicated_5_NC_000069.7_46864944:46865094.fasta,CCNACCCCCACTCCCCTACCCAC,0.0
target_duplicated_5_NC_000069.7_46864944:46865094.fasta,CCNACCCACCCCCACTCCCCTAC,0.0
target_duplicated_5_NC_000069.7_46864944:46865094.fasta,CCNATACCCACCCACCCCCACTC,0.0
target_duplicated_5_NC_000069.7_46864944:46865094.fasta,CCNCTACCCACCCACTCCCTGTT,0.0
target_duplicated_5_NC_000069.7_46864944:46865094.fasta,CCNCTCCCCTACCCACCCACTCC,0.0
target_duplicated_5_NC_000069.7_46864944:46865094.fasta,CCNCACTCCCCTACCCACCCACT,0.0
target_duplicated_5_NC_000069.7_46864944:46865094.fasta,CCNTGTTTTTGGCCCTGGCGTTC,0.0
target_duplicated_5_NC_000069.7_46864944:46865094.fasta,CCNACTCCCCTACCCACCCACTC,0.0
target_duplicated_5_NC_000069.7_46864944:46865094.fasta,CCNCATACCCACCCACCCCCACT,0.0
target_duplicated_5_NC_000069.7_46864944:46865094.fasta,CCNACCCACTCCCTGTTTTTGGC,26.4338
target_duplicated_5_NC_000069.7_46864944:46865094.fasta,CCNACTCCCTGTTTTTGGCCCTG,293.6201
target_duplicated_5_NC_000069.7_46864944:46865094.fasta,CCNCCACTCCCCTACCCACCCAC,0.0
target_duplicated_5_NC_000069.7_46864944:46865094.fasta,CCNCTGTACTGGGGCATATAAAG,18792.8918
target_duplicated_5_NC_000069.7_46864944:46865094.fasta,CCNTACCCACCCACTCCCTGTTT,0.0
target_duplicated_5_NC_000069.7_46864944:46865094.fasta,CCNTGTACTGGGGCATATAAAGT,1160.5668
target_duplicated_5_NC_000069.7_46864944:46865094.fasta,CCNTGGCGTTCCCCTGTACTGGG,64301.5269
target_duplicated_18_NC_000073.7_112471294:112471444.fasta,GTATACCTGCACATTAGAAANGG,1.0
target_duplicated_18_NC_000073.7_112471294:112471444.fasta,GCACCAGATCACGTTATAGANGG,192.0063
target_duplicated_18_NC_000073.7_112471294:112471444.fasta,TATACCTGCACATTAGAAAANGG,2.8158
target_duplicated_18_NC_000073.7_112471294:112471444.fasta,CCNGATCACGTTATAGATGGTTA,0.0
target_duplicated_18_NC_000073.7_112471294:112471444.fasta,ACTCAGGACCTCTGGAAGAANGG,17635.7162
target_duplicated_18_NC_000073.7_112471294:112471444.fasta,GATGGTTATGAGCCAGCATGNGG,7085.7775
target_duplicated_18_NC_000073.7_112471294:112471444.fasta,GGTTGCTGGGAATTGAACTCNGG,64829.9399
target_duplicated_18_NC_000073.7_112471294:112471444.fasta,GGAATTGAACTCAGGACCTCNGG,32963.2115
target_duplicated_18_NC_000073.7_112471294:112471444.fasta,CCNCTGGAAGAAAGGCCAGTGCT,0.0
target_duplicated_18_NC_000073.7_112471294:112471444.fasta,TGAGCCAGCATGTGGTTGCTNGG,41315.886
target_duplicated_18_NC_000073.7_112471294:112471444.fasta,ATGAGCCAGCATGTGGTTGCNGG,26167.1984
target_duplicated_18_NC_000073.7_112471294:112471444.fasta,CCNGCACATTAGAAAAGGGCACC,0.0
target_duplicated_18_NC_000073.7_112471294:112471444.fasta,CCNGCATGTGGTTGCTGGGAATT,0.0
target_gene_37_7_126872264:126872414.fasta,TCTCCTACCACGGCACTATCNGG,1.0
target_gene_37_7_126872264:126872414.fasta,TACCAGCACATCTCCTACCANGG,1.0
target_gene_37_7_126872264:126872414.fasta,GCAGCAACCTGGGTTCCTAANGG,1.5333
target_gene_37_7_126872264:126872414.fasta,TCTCAGGATTATCCAGCCATNGG,1.0
target_gene_37_7_126872264:126872414.fasta,ATCCAGCCATTGGTGGGCATNGG,3.1992
target_gene_37_7_126872264:126872414.fasta,GGTGGGCATTGGCAGCAACCNGG,1.0
target_gene_37_7_126872264:126872414.fasta,CAGGATTATCCAGCCATTGGNGG,1.0
target_gene_37_7_126872264:126872414.fasta,AACCTGGGTTCCTAAAGGTTNGG,2.6667
target_gene_37_7_126872264:126872414.fasta,AGGATTATCCAGCCATTGGTNGG,1.3125
target_gene_37_7_126872264:126872414.fasta,GTGGGCATTGGCAGCAACCTNGG,1.0
target_gene_37_7_126872264:126872414.fasta,CCNACCACGGCACTATCAGGCAT,0.0
target_gene_37_7_126872264:126872414.fasta,CCNGGGTTCCTAAAGGTTTGGTT,0.0
target_gene_37_7_126872264:126872414.fasta,ATTTTGCTGACACACCACCGNGG,1.0
target_gene_37_7_126872264:126872414.fasta,CCNTTTCTCAGGATTATCCAGCC,0.0
target_gene_37_7_126872264:126872414.fasta,CCNGCACATCTCCTACCACGGCA,0.0
target_gene_37_7_126872264:126872414.fasta,CCNCGGCACTATCAGGCATTATG,0.0435
target_gene_37_7_126872264:126872414.fasta,CCNGCCATTGGTGGGCATTGGCA,0.0
target_gene_37_7_126872264:126872414.fasta,CCNAAAGGTTTGGTTAATACCAG,0.4043
target_gene_37_7_126872264:126872414.fasta,CCNTTGGTGGGCATTGGCAGCAA,0.0
target_gene_20_15_98850390:98850540.fasta,AGGTTTTCCACTGTATGGAANGG,1.1111
target_gene_20_15_98850390:98850540.fasta,TTTGAAGGTTTTCCACTGTANGG,1.3365
target_gene_20_15_98850390:98850540.fasta,GAAAATCCATTGTTTTTTGANGG,2.1619
target_gene_20_15_98850390:98850540.fasta,AATGGAAATATTCTTAAAGCNGG,1.4786
target_gene_20_15_98850390:98850540.fasta,CCNCTGTATGGAATGGAAATATT,0.0
target_gene_20_15_98850390:98850540.fasta,CCNTTGTTTTTTGAAGGTTTTCC,0.0
target_gene_20_15_98850390:98850540.fasta,CCNACATTTTTTAAAAAAACAAG,2.4612
target_intergenic_9_2_144129316:144129466.fasta,GTATTTCTGGGTAACTGAGTNGG,1.0
target_intergenic_9_2_144129316:144129466.fasta,GGTATTTCTGGGTAACTGAGNGG,1.4863
target_intergenic_9_2_144129316:144129466.fasta,CTGAGTGGGTAATATAGGTCNGG,1.0
target_intergenic_9_2_144129316:144129466.fasta,GGTAACTGAGTGGGTAATATNGG,1.0
target_intergenic_9_2_144129316:144129466.fasta,CCNTGGGTATTTCTGGGTAACTG,0.039
target_intergenic_9_2_144129316:144129466.fasta,CCNCTTTCCTAGTTTCCCTTCCG,204.4282
target_intergenic_9_2_144129316:144129466.fasta,CCNTTTCCTAGTTTCCCTTCCGA,177.2073
target_duplicated_31_NC_000072.7_79007482:79007632.fasta,TGGTCGGCAGACGTGCTAGGNGG,74.8595
target_duplicated_31_NC_000072.7_79007482:79007632.fasta,CTGTGGTCGGCAGACGTGCTNGG,83.9231
target_duplicated_31_NC_000072.7_79007482:79007632.fasta,AGACGTGCTAGGAGGACCACNGG,88.2935
target_duplicated_31_NC_000072.7_79007482:79007632.fasta,GGGAATCAAGCCTTCACCAANGG,6.8116
target_duplicated_31_NC_000072.7_79007482:79007632.fasta,CTTCACCAAAGGACTGTGGTNGG,2.3125
target_duplicated_31_NC_000072.7_79007482:79007632.fasta,CAGGGATGCCTGGCCGTCTCNGG,39.185
target_duplicated_31_NC_000072.7_79007482:79007632.fasta,CCTGGGAAGTAAGGAGAGCCNGG,84.5937
target_duplicated_31_NC_000072.7_79007482:79007632.fasta,GGGGGACGCCCTGGGAAGTANGG,81.5951
target_duplicated_31_NC_000072.7_79007482:79007632.fasta,TGCCACCCTGGGGGACGCCCNGG,44.0709
target_duplicated_31_NC_000072.7_79007482:79007632.fasta,AGGACCACAGGCTGCCACCCNGG,44.1961
target_duplicated_31_NC_000072.7_79007482:79007632.fasta,AAGCCTTCACCAAAGGACTGNGG,1.3492
target_duplicated_31_NC_000072.7_79007482:79007632.fasta,GGACCACAGGCTGCCACCCTNGG,46.0237
target_duplicated_31_NC_000072.7_79007482:79007632.fasta,CTGGGAAGTAAGGAGAGCCANGG,72.6353
target_duplicated_31_NC_000072.7_79007482:79007632.fasta,CCTGGCATTCCCCTACATTGNGG,6758.0977
target_duplicated_31_NC_000072.7_79007482:79007632.fasta,CCCTGGCATTCCCCTACATTNGG,4618.1664
target_duplicated_31_NC_000072.7_79007482:79007632.fasta,GCCCTGGCATTCCCCTACATNGG,2723.1258
target_duplicated_31_NC_000072.7_79007482:79007632.fasta,GCCACCCTGGGGGACGCCCTNGG,29.2338
target_duplicated_31_NC_000072.7_79007482:79007632.fasta,ACCACAGGCTGCCACCCTGGNGG,44.8244
target_duplicated_31_NC_000072.7_79007482:79007632.fasta,GGATGCCTGGCCGTCTCCGGNGG,11.9703
target_duplicated_31_NC_000072.7_79007482:79007632.fasta,TAAGGAGAGCCAGGGATGCCNGG,36.9422
target_duplicated_31_NC_000072.7_79007482:79007632.fasta,GGGATGCCTGGCCGTCTCCGNGG,11.5796
target_duplicated_31_NC_000072.7_79007482:79007632.fasta,CCNGGGGGACGCCCTGGGAAGTA,0.0
target_duplicated_31_NC_000072.7_79007482:79007632.fasta,CCNTCACCAAAGGACTGTGGTCG,0.199
target_duplicated_31_NC_000072.7_79007482:79007632.fasta,GACCACAGGCTGCCACCCTGNGG,42.1127
target_duplicated_31_NC_000072.7_79007482:79007632.fasta,CCNCAGGCTGCCACCCTGGGGGA,2.7942
target_duplicated_31_NC_000072.7_79007482:79007632.fasta,CCNAAGGACTGTGGTCGGCAGAC,0.0
target_duplicated_31_NC_000072.7_79007482:79007632.fasta,AGGGATGCCTGGCCGTCTCCNGG,34.0228
target_duplicated_31_NC_000072.7_79007482:79007632.fasta,CCNCTACATTGGGGAATCAAGCC,0.0
target_duplicated_31_NC_000072.7_79007482:79007632.fasta,CCNGGCATTCCCCTACATTGGGG,6495.9952
target_duplicated_31_NC_000072.7_79007482:79007632.fasta,CCNACATTGGGGAATCAAGCCTT,0.0
target_duplicated_31_NC_000072.7_79007482:79007632.fasta,CCNGGGAAGTAAGGAGAGCCAGG,84.9785
target_duplicated_31_NC_000072.7_79007482:79007632.fasta,CCNCCCTGGGGGACGCCCTGGGA,4.1719
target_duplicated_31_NC_000072.7_79007482:79007632.fasta,CCNTACATTGGGGAATCAAGCCT,0.0
target_duplicated_31_NC_000072.7_79007482:79007632.fasta,CCNCCCTGGCATTCCCCTACATT,0.0
target_duplicated_31_NC_000072.7_79007482:79007632.fasta,CCNGGGATGCCTGGCCGTCTCCG,4.0695
target_duplicated_31_NC_000072.7_79007482:79007632.fasta,CCNTGGGGGACGCCCTGGGAAGT,1.5116
target_duplicated_31_NC_000072.7_79007482:79007632.fasta,CCNTGGCATTCCCCTACATTGGG,4686.5293
target_duplicated_31_NC_000072.7_79007482:79007632.fasta,CCNTGGGAAGTAAGGAGAGCCAG,20.8399
target_duplicated_33_NC_000074.7_111112715:111112865.fasta,TGGCATCTGCTGGCACTCATNGG,1.0
target_duplicated_33_NC_000074.7_111112715:111112865.fasta,CTGGCATCTGCTGGCACTCANGG,1.3429
target_duplicated_33_NC_000074.7_111112715:111112865.fasta,CCNCTGGCATCTGCTGGCACTCA,0.0
target_duplicated_33_NC_000074.7_111112715:111112865.fasta,CCNTCCCCCTTCCCCCTTTCCCC,0.0
target_duplicated_33_NC_000074.7_111112715:111112865.fasta,CCNCCCCCTTCCCCCTTCCCCCT,0.0
target_duplicated_33_NC_000074.7_111112715:111112865.fasta,CCNTCCCCCTTTCCCCTTCCCCC,0.0
target_duplicated_33_NC_000074.7_111112715:111112865.fasta,CCNTTCCCCTTCCCCCCTCCCCT,0.0
target_duplicated_33_NC_000074.7_111112715:111112865.fasta,CCNCCCCCTTCACCTCCCCTTCC,0.0
target_duplicated_33_NC_000074.7_111112715:111112865.fasta,CCNTCACCTCCCCTTCCCTCTTC,0.0
target_duplicated_33_NC_000074.7_111112715:111112865.fasta,CCNCCCCTCCCCCTTCACCTCCC,0.0
target_duplicated_33_NC_000074.7_111112715:111112865.fasta,CCNCTTCATTTCCCTCTCCCCCT,0.0
target_duplicated_33_NC_000074.7_111112715:111112865.fasta,CCNTCCCCCCTCCCCTCCCCCTT,0.0
target_duplicated_33_NC_000074.7_111112715:111112865.fasta,CCNCCCCTTCCCTCTTCATTTCC,0.0
target_duplicated_33_NC_000074.7_111112715:111112865.fasta,CCNCCTCTCCCTCTCTTGTGTGT,0.2175
target_duplicated_33_NC_000074.7_111112715:111112865.fasta,CCNCCTCCCCCTTCCCCCTTCCC,0.0
target_duplicated_33_NC_000074.7_111112715:111112865.fasta,CCNCTCCCCCTCCTCTCCCTCTC,0.0
target_duplicated_33_NC_000074.7_111112715:111112865.fasta,CCNCTTCCCCCTTCCCCCTTTCC,0.0
target_duplicated_33_NC_000074.7_111112715:111112865.fasta,CCNTCCCCCTTCCCCCTTCCCCC,0.0
target_duplicated_33_NC_000074.7_111112715:111112865.fasta,CCNTCCCTCTTCATTTCCCTCTC,0.0
target_duplicated_33_NC_000074.7_111112715:111112865.fasta,CCNCTCCCTCTCTTGTGTGTGTG,4.6788
target_duplicated_33_NC_000074.7_111112715:111112865.fasta,CCNTTCCCCCTTTCCCCTTCCCC,0.0
target_duplicated_33_NC_000074.7_111112715:111112865.fasta,CCNCCTTCCCCCTTTCCCCTTCC,0.0
target_duplicated_33_NC_000074.7_111112715:111112865.fasta,CCNCTCCCCCTTCCCCCTTCCCC,0.0
target_duplicated_33_NC_000074.7_111112715:111112865.fasta,CCNCCTTCCCCCTTCCCCCTTTC,0.0
target_duplicated_33_NC_000074.7_111112715:111112865.fasta,CCNCTTTCCCCTTCCCCCCTCCC,0.0
target_duplicated_33_NC_000074.7_111112715:111112865.fasta,CCNTTCCCCCTTCCCCCTTTCCC,0.0
target_duplicated_33_NC_000074.7_111112715:111112865.fasta,CCNCTTCCCCCTTTCCCCTTCCC,0.0
target_duplicated_33_NC_000074.7_111112715:111112865.fasta,CCNCCCTCCCCTCCCCCTTCACC,0.0
target_duplicated_33_NC_000074.7_111112715:111112865.fasta,CCNCTTCCCCCCTCCCCTCCCCC,0.0
target_duplicated_33_NC_000074.7_111112715:111112865.fasta,CCNCCTTTCCCCTTCCCCCCTCC,0.0
target_duplicated_33_NC_000074.7_111112715:111112865.fasta,CCNTTTCCCCTTCCCCCCTCCCC,0.0
target_duplicated_33_NC_000074.7_111112715:111112865.fasta,CCNCTCCCCCTTCACCTCCCCTT,0.0
target_duplicated_33_NC_000074.7_111112715:111112865.fasta,CCNCTCCCCTCCCCCTTCACCTC,0.0
target_duplicated_33_NC_000074.7_111112715:111112865.fasta,CCNTTCACCTCCCCTTCCCTCTT,0.0
target_duplicated_33_NC_000074.7_111112715:111112865.fasta,CCNCCTCCCCTCCCCCTTCACCT,0.0
target_duplicated_33_NC_000074.7_111112715:111112865.fasta,CCNCCTTCACCTCCCCTTCCCTC,0.0
target_duplicated_33_NC_000074.7_111112715:111112865.fasta,CCNTCTCCCCCTCCTCTCCCTCT,0.0
target_duplicated_33_NC_000074.7_111112715:111112865.fasta,CCNTTCCCCCCTCCCCTCCCCCT,0.0
target_duplicated_33_NC_000074.7_111112715:111112865.fasta,CCNTTCCCTCTTCATTTCCCTCT,0.0
target_duplicated_33_NC_000074.7_111112715:111112865.fasta,CCNCTCCTCTCCCTCTCTTGTGT,0.2022
target_duplicated_33_NC_000074.7_111112715:111112865.fasta,CCNTCCCCCTTCACCTCCCCTTC,0.0
target_duplicated_33_NC_000074.7_111112715:111112865.fasta,CCNCTTCCCTCTTCATTTCCCTC,0.0
target_duplicated_33_NC_000074.7_111112715:111112865.fasta,CCNTCCCCTCCCCCTTCACCTCC,0.0
target_duplicated_33_NC_000074.7_111112715:111112865.fasta,CCNCCTCCTCTCCCTCTCTTGTG,0.7664
target_duplicated_33_NC_000074.7_111112715:111112865.fasta,CCNCTTCACCTCCCCTTCCCTCT,0.0
target_duplicated_33_NC_000074.7_111112715:111112865.fasta,CCNTCTTCATTTCCCTCTCCCCC,0.0
target_duplicated_33_NC_000074.7_111112715:111112865.fasta,CCNTCCTCTCCCTCTCTTGTGTG,0.3872
target_gene_45_2_151416080:151416230.fasta,AAGTGGGAAAATGTTTATCANGG,2.0382
target_gene_45_2_151416080:151416230.fasta,TTCTTTAAGAGGCTTTCTACNGG,1.0429
target_gene_45_2_151416080:151416230.fasta,ACACCTAGTTTTTCTTTAAGNGG,1.5709
target_gene_45_2_151416080:151416230.fasta,TACTTTCTGTGTATCTCACTNGG,2.011
target_gene_45_2_151416080:151416230.fasta,GGCTTTCTACAGGTGGTAAGNGG,1.0
target_gene_45_2_151416080:151416230.fasta,ACTTTCTGTGTATCTCACTANGG,1.0
target_gene_45_2_151416080:151416230.fasta,TTTAAGAGGCTTTCTACAGGNGG,1.0
target_gene_45_2_151416080:151416230.fasta,TCTGTGTATCTCACTAGGGCNGG,1.0
target_gene_45_2_151416080:151416230.fasta,CCNACACCTAGTTTTTCTTTAAG,0.3284
target_gene_45_2_151416080:151416230.fasta,CCNAGTTTTTCTTTAAGAGGCTT,0.0
target_gene_45_2_151416080:151416230.fasta,GCTTTCTACAGGTGGTAAGTNGG,1.24
target_gene_45_2_151416080:151416230.fasta,CCNCCCTACACCTAGTTTTTCTT,0.0
target_gene_45_2_151416080:151416230.fasta,CCNTCCCTACACCTAGTTTTTCT,0.0
target_gene_45_2_151416080:151416230.fasta,CCNTACACCTAGTTTTTCTTTAA,0.0
target_intergenic_7_19_47210574:47210724.fasta,AGGTCACTCCTTTCCCTGGGNGG,1.0
target_intergenic_7_19_47210574:47210724.fasta,CTGCATTCCTGACAGTGGTCNGG,1.3963
target_intergenic_7_19_47210574:47210724.fasta,TCCCCCTGCATTCCTGACAGNGG,2.3231
target_intergenic_7_19_47210574:47210724.fasta,CCCTGTCTTGTCCCTATTATNGG,1.5714
target_intergenic_7_19_47210574:47210724.fasta,GTCACTCCTTTCCCTGGGTGNGG,2.284
target_intergenic_7_19_47210574:47210724.fasta,CCCAGGTCACTCCTTTCCCTNGG,2.5028
target_intergenic_7_19_47210574:47210724.fasta,CCNTTCCCTGGGTGGGGTAGATC,0.0
target_intergenic_7_19_47210574:47210724.fasta,GGTCACTCCTTTCCCTGGGTNGG,1.0
target_intergenic_7_19_47210574:47210724.fasta,CCNGGGTGGGGTAGATCCTTAAG,0.5946
target_intergenic_7_19_47210574:47210724.fasta,CCNGCATTCCTGACAGTGGTCAG,0.463
target_intergenic_7_19_47210574:47210724.fasta,CCNGACAGTGGTCAGGCATCTTG,0.0581
target_intergenic_7_19_47210574:47210724.fasta,CCNTAAGCTCCCCCTGCATTCCT,0.0
target_intergenic_7_19_47210574:47210724.fasta,CCNCCCTGTCTTGTCCCTATTAT,0.0
target_intergenic_7_19_47210574:47210724.fasta,CCNTGCAGACATTGTGTCTCTTG,0.1107
target_intergenic_7_19_47210574:47210724.fasta,CCNGGTCACTCCTTTCCCTGGGT,0.0266
target_intergenic_7_19_47210574:47210724.fasta,CCNGTCTTGTCCCTATTATAGGA,0.0694
target_intergenic_7_19_47210574:47210724.fasta,CCNCCTGCATTCCTGACAGTGGT,0.0239
target_intergenic_7_19_47210574:47210724.fasta,CCNAGGTCACTCCTTTCCCTGGG,2.0612
target_intergenic_7_19_47210574:47210724.fasta,CCNCTGCATTCCTGACAGTGGTC,0.0
target_intergenic_7_19_47210574:47210724.fasta,CCNTGCATTCCTGACAGTGGTCA,0.0
target_intergenic_7_19_47210574:47210724.fasta,CCNTGGGTGGGGTAGATCCTTAA,0.0
target_intergenic_7_19_47210574:47210724.fasta,CCNTGTCTTGTCCCTATTATAGG,1.8971
target_gene_42_12_51875640:51875790.fasta,CGGGCGGCTGAGCCTTACCANGG,1.0
target_gene_42_12_51875640:51875790.fasta,GCGGGTCTCCCGGAACTCGGNGG,1.1497
target_gene_42_12_51875640:51875790.fasta,AGCAAACCTGCGAGCTCAAGNGG,1.0
target_gene_42_12_51875640:51875790.fasta,GCTGAGCCTTACCAAGGACANGG,1.0
target_gene_42_12_51875640:51875790.fasta,GCCGCCGAGCGGCTGGGGTGNGG,1.6154
target_gene_42_12_51875640:51875790.fasta,CGGCTGGGGTGCGGGTCTCCNGG,1.0
target_gene_42_12_51875640:51875790.fasta,GGTGCGGGTCTCCCGGAACTNGG,1.0
target_gene_42_12_51875640:51875790.fasta,CTCAAGAGGAAGCCGCCGAGNGG,1.0
target_gene_42_12_51875640:51875790.fasta,GGGACGTCCCCGGTCCCCGCNGG,1.0
target_gene_42_12_51875640:51875790.fasta,GAGGCCCAGCGGGACGTCCCNGG,1.0
target_gene_42_12_51875640:51875790.fasta,CGTCCCCGGTCCCCGCCGGGNGG,1.0
target_gene_42_12_51875640:51875790.fasta,CCCGGAACTCGGAGGCCCAGNGG,1.7143
target_gene_42_12_51875640:51875790.fasta,GAGGAAGCCGCCGAGCGGCTNGG,1.0
target_gene_42_12_51875640:51875790.fasta,AGAGGAAGCCGCCGAGCGGCNGG,1.0
target_gene_42_12_51875640:51875790.fasta,AGGAAGCCGCCGAGCGGCTGNGG,1.1091
target_gene_42_12_51875640:51875790.fasta,AAGGACAAGGAGCGCGTAGCNGG,1.0
target_gene_42_12_51875640:51875790.fasta,GGACGTCCCCGGTCCCCGCCNGG,1.0
target_gene_42_12_51875640:51875790.fasta,CCGGAACTCGGAGGCCCAGCNGG,1.0
target_gene_42_12_51875640:51875790.fasta,CCNGCGAGCTCAAGAGGAAGCCG,0.1071
target_gene_42_12_51875640:51875790.fasta,CCGCCGAGCGGCTGGGGTGCNGG,1.0
target_gene_42_12_51875640:51875790.fasta,CCNAGCGGCTGGGGTGCGGGTCT,0.0
target_gene_42_12_51875640:51875790.fasta,CCNCCGAGCGGCTGGGGTGCGGG,1.0
target_gene_42_12_51875640:51875790.fasta,CCNGAACTCGGAGGCCCAGCGGG,1.3673
target_gene_42_12_51875640:51875790.fasta,CCNTACCAAGGACAAGGAGCGCG,0.199
target_gene_42_12_51875640:51875790.fasta,CCNGGCGGCTGAGCCTTACCAAG,0.2593
target_gene_42_12_51875640:51875790.fasta,CCNGCGGGACGTCCCCGGTCCCC,0.0
target_gene_42_12_51875640:51875790.fasta,CCNCCGGGCGGCTGAGCCTTACC,0.0
target_gene_42_12_51875640:51875790.fasta,CCNGTCCCCGCCGGGCGGCTGAG,0.2593
target_gene_42_12_51875640:51875790.fasta,CCNAGCGGGACGTCCCCGGTCCC,0.0
target_gene_42_12_51875640:51875790.fasta,CCNCGGTCCCCGCCGGGCGGCTG,0.039
target_gene_42_12_51875640:51875790.fasta,CCNAGGACAAGGAGCGCGTAGCC,0.0
target_gene_42_12_51875640:51875790.fasta,CCNGGTCCCCGCCGGGCGGCTGA,0.0694
target_gene_42_12_51875640:51875790.fasta,CCNGGAACTCGGAGGCCCAGCGG,1.0
target_gene_42_12_51875640:51875790.fasta,CCNGCCGGGCGGCTGAGCCTTAC,0.0
target_gene_42_12_51875640:51875790.fasta,CCNCGCCGGGCGGCTGAGCCTTA,0.0
target_gene_48_12_19296573:19296723.fasta,ACTGGGACCTTGGCGTCGGCNGG,58.4917
target_gene_48_12_19296573:19296723.fasta,GCCGTTCTGACAAAAGATGCNGG,60.9853
target_gene_48_12_19296573:19296723.fasta,CTGGGTGGCCCCCTTGCCTANGG,60.0071
target_gene_48_12_19296573:19296723.fasta,AAAAACTGGGACCTTGGCGTNGG,58.5231
target_gene_48_12_19296573:19296723.fasta,TAACGCAAAAACTGGGACCTNGG,63.0
target_gene_48_12_19296573:19296723.fasta,GGGACCTTGGCGTCGGCCGGNGG,49.6309
target_gene_48_12_19296573:19296723.fasta,GTCCAAAAAGCTAGACCCAGNGG,74.6762
target_gene_48_12_19296573:19296723.fasta,AAGCTAGACCCAGTGGCAGCNGG,68.838
target_gene_48_12_19296573:19296723.fasta,GTGGCCCCCTTGCCTACGGANGG,58.7779
target_gene_48_12_19296573:19296723.fasta,TAGACCCAGTGGCAGCTGGGNGG,60.3598
target_gene_48_12_19296573:19296723.fasta,AGCTAGACCCAGTGGCAGCTNGG,59.76
target_gene_48_12_19296573:19296723.fasta,AGATGCAGGCAAGCTAACTANGG,39.7589
target_gene_48_12_19296573:19296723.fasta,CCNTGGCGTCGGCCGGTGGCCTA,0.0
target_gene_48_12_19296573:19296723.fasta,CCNAACGCAAAAACTGGGACCTT,0.0
target_gene_48_12_19296573:19296723.fasta,CCNACCTGTCCAAAAAGCTAGAC,0.0
target_gene_48_12_19296573:19296723.fasta,CCNGTCCAAAAAGCTAGACCCAG,18.8761
target_gene_48_12_19296573:19296723.fasta,CCNACGGATGGTAGCAGCCATTG,2.3823
target_gene_48_12_19296573:19296723.fasta,CCNTGCCTACGGATGGTAGCAGC,1.335
target_gene_48_12_19296573:19296723.fasta,CCNTTCTGACAAAAGATGCAGGC,1.2705
target_gene_48_12_19296573:19296723.fasta,CCNGTGGCCTACCTGTCCAAAAA,0.0
target_gene_48_12_19296573:19296723.fasta,CCNGTGGCAGCTGGGTGGCCCCC,0.0
target_gene_48_12_19296573:19296723.fasta,CCNAAAAGCTAGACCCAGTGGCA,0.0
target_gene_48_12_19296573:19296723.fasta,CCNAGTGGCAGCTGGGTGGCCCC,0.0
target_gene_48_12_19296573:19296723.fasta,CCNTTGCCGTTCTGACAAAAGAT,0.0
target_gene_48_12_19296573:19296723.fasta,CCNCTTGCCTACGGATGGTAGCA,0.0
target_gene_48_12_19296573:19296723.fasta,CCNCCTTGCCTACGGATGGTAGC,1.3127
target_gene_48_12_19296573:19296723.fasta,CCNTTGCCTACGGATGGTAGCAG,15.6463
target_duplicated_38_NC_000075.7_35852687:35852837.fasta,CTGGGAGCTTCTTGCTTTCCNGG,627.454
target_duplicated_38_NC_000075.7_35852687:35852837.fasta,CCNGGCATCTGGGACTTTCTGAT,0.0
target_duplicated_38_NC_000075.7_35852687:35852837.fasta,TTCTTGCTTTCCTGGCATCTNGG,1115.3077
target_duplicated_38_NC_000075.7_35852687:35852837.fasta,CTTCTTGCTTTCCTGGCATCNGG,730.3152
target_duplicated_38_NC_000075.7_35852687:35852837.fasta,CCNCCCCCTACTTCACACCTCTG,0.156
target_duplicated_38_NC_000075.7_35852687:35852837.fasta,CCNCTATACATCTTCCTAGTCTC,0.0
target_duplicated_38_NC_000075.7_35852687:35852837.fasta,CCNACTTCACACCTCTGTTCAAT,0.0
target_duplicated_38_NC_000075.7_35852687:35852837.fasta,CCNAGTCTCCTTCCACACATAAC,0.0
target_duplicated_38_NC_000075.7_35852687:35852837.fasta,CCNCTGTTCAATTTTATGACCCT,0.0
target_duplicated_38_NC_000075.7_35852687:35852837.fasta,CCNAGATGTGTTCTGGGAGCTTC,0.0
target_duplicated_38_NC_000075.7_35852687:35852837.fasta,CCNGATGTGTTCTGGGAGCTTCT,0.0
target_duplicated_38_NC_000075.7_35852687:35852837.fasta,CCNCCTACTTCACACCTCTGTTC,0.0
target_duplicated_38_NC_000075.7_35852687:35852837.fasta,CCNTCTATACATCTTCCTAGTCT,0.0
target_duplicated_38_NC_000075.7_35852687:35852837.fasta,CCNAGTTTCCTCCCCCTACTTCA,0.0
target_duplicated_38_NC_000075.7_35852687:35852837.fasta,CCNTACTTCACACCTCTGTTCAA,0.0
target_duplicated_38_NC_000075.7_35852687:35852837.fasta,CCNCTACTTCACACCTCTGTTCA,0.0
target_intergenic_47_7_122486100:122486250.fasta,CGATTCAAACCCCAATCCTCNGG,1.4545
target_intergenic_47_7_122486100:122486250.fasta,CCNGCATGTATGTCCGACTGCCA,0.0
target_intergenic_47_7_122486100:122486250.fasta,CAGTGCCCACAGAAGCCAGANGG,381.3809
target_intergenic_47_7_122486100:122486250.fasta,GAAGGGGGCATCAGATTCCTNGG,153.973
target_intergenic_47_7_122486100:122486250.fasta,CCNCATGTGTGCAGTGCCCACAG,52.9042
target_intergenic_47_7_122486100:122486250.fasta,AGTGCCCACAGAAGCCAGAANGG,525.002
target_intergenic_47_7_122486100:122486250.fasta,CCNACAGAAGCCAGAAGGGGGCA,0.0
target_intergenic_47_7_122486100:122486250.fasta,CCNAGGTGCTGCGATTCAAACCC,0.0
target_intergenic_47_7_122486100:122486250.fasta,TGCCCACAGAAGCCAGAAGGNGG,728.4632
target_intergenic_47_7_122486100:122486250.fasta,GTGCCCACAGAAGCCAGAAGNGG,2013.3182
target_intergenic_47_7_122486100:122486250.fasta,CCNACTGCCACATGTGTGCAGTG,0.3476
target_intergenic_47_7_122486100:122486250.fasta,CCNCTGGAAGAACATCAATATTT,0.0
target_intergenic_47_7_122486100:122486250.fasta,CCNCAGAAGCCAGAAGGGGGCAT,0.0
target_intergenic_47_7_122486100:122486250.fasta,CCNATCCTCTGGAAGAACATCAA,0.0
target_intergenic_47_7_122486100:122486250.fasta,CCNCAATCCTCTGGAAGAACATC,0.0
target_intergenic_47_7_122486100:122486250.fasta,CCNGAAGGGGGCATCAGATTCCT,0.0
target_intergenic_47_7_122486100:122486250.fasta,CCNAATCCTCTGGAAGAACATCA,0.0
target_intergenic_39_7_107310551:107310701.fasta,GCCTCCTCAGTCCCTCAAGGNGG,1.0
target_intergenic_39_7_107310551:107310701.fasta,TCATCCTAATAAACAACAGTNGG,1.9091
target_intergenic_39_7_107310551:107310701.fasta,TCAGCCTCCTCAGTCCCTCANGG,1.5752
target_intergenic_39_7_107310551:107310701.fasta,TGTCCTGTTTTTTCCTGAAGNGG,1.371
target_intergenic_39_7_107310551:107310701.fasta,CCNGAAGTGGCAGCTTCCCAAAC,0.0
target_intergenic_39_7_107310551:107310701.fasta,CATCCTAATAAACAACAGTANGG,1.0
target_intergenic_39_7_107310551:107310701.fasta,CCNTTCTGTGCTGTCCTGTTTTT,0.0
target_intergenic_39_7_107310551:107310701.fasta,CCNGTTTTTTCCTGAAGTGGCAG,0.2593
target_intergenic_39_7_107310551:107310701.fasta,CCNCAAGGTGGCTCATCCTAATA,0.0
target_intergenic_39_7_107310551:107310701.fasta,CCNCTCTGTATTTGTAAGCTGTT,0.0
target_intergenic_39_7_107310551:107310701.fasta,CCNCCTCAGTCCCTCAAGGTGGC,0.0222
target_intergenic_39_7_107310551:107310701.fasta,CCNCAGTCCCTCAAGGTGGCTCA,0.0
target_intergenic_39_7_107310551:107310701.fasta,CCNAAACTGAAATCCTCTCTGTA,0.0
target_intergenic_39_7_107310551:107310701.fasta,CCNAACTGAAATCCTCTCTGTAT,0.0
target_intergenic_39_7_107310551:107310701.fasta,CCNAATAAACAACAGTAGGGTTT,0.0
target_intergenic_39_7_107310551:107310701.fasta,CCNTCAAGGTGGCTCATCCTAAT,0.0
target_intergenic_39_7_107310551:107310701.fasta,CCNTTTCTGTGCTGTCCTGTTTT,0.0
target_intergenic_41_13_28717174:28717324.fasta,TGGGAAGCAACTTTTGTATCNGG,1.0
target_intergenic_41_13_28717174:28717324.fasta,CTAAAGCATGAGAGAGTGACNGG,1.0
target_intergenic_41_13_28717174:28717324.fasta,TTGGCCAGGCCACATAATGCNGG,1.6316
target_intergenic_41_13_28717174:28717324.fasta,AGAGTGACAGGCAGTTGGCCNGG,1.0273
target_intergenic_41_13_28717174:28717324.fasta,CCNCATAATGCAGGCCAGACTCA,0.0
target_intergenic_41_13_28717174:28717324.fasta,ATGAGAGAGTGACAGGCAGTNGG,3.9053
target_intergenic_41_13_28717174:28717324.fasta,CCNGGCCACATAATGCAGGCCAG,0.3143
target_intergenic_41_13_28717174:28717324.fasta,CCNAAAGCATGAGAGAGTGACAG,0.3889
target_intergenic_15_14_16432331:16432481.fasta,CTTGAGTGGGCAATGAATTTNGG,42.4857
target_intergenic_15_14_16432331:16432481.fasta,AGACCCTTGTAATCTTGAGTNGG,38.2857
target_intergenic_15_14_16432331:16432481.fasta,TAGACCCTTGTAATCTTGAGNGG,37.983
target_intergenic_15_14_16432331:16432481.fasta,TGTGAACTGTCTCAAAAGCCNGG,37.5981
target_intergenic_15_14_16432331:16432481.fasta,CCNGCGTAGACCCTTGTAATCTT,0.0
target_intergenic_15_14_16432331:16432481.fasta,CCNTGTAATCTTGAGTGGGCAAT,0.0
target_intergenic_15_14_16432331:16432481.fasta,CCNCGCAGGAATCCCCGCCCTGC,0.7484
target_intergenic_15_14_16432331:16432481.fasta,CCNATCTATGTATTTCTTACTCA,0.0
target_intergenic_15_14_16432331:16432481.fasta,CCNCGCCCTGCGTAGACCCTTGT,0.6348
target_intergenic_15_14_16432331:16432481.fasta,CCNGCCCTGCGTAGACCCTTGTA,0.0
target_intergenic_15_14_16432331:16432481.fasta,CCNCCCTGCGTAGACCCTTGTAA,0.0
target_intergenic_15_14_16432331:16432481.fasta,CCNTGCGTAGACCCTTGTAATCT,0.0
target_intergenic_15_14_16432331:16432481.fasta,CCNTATCTATGTATTTCTTACTC,0.0
target_intergenic_15_14_16432331:16432481.fasta,CCNTTGTAATCTTGAGTGGGCAA,0.0
target_gene_27_2_160736604:160736754.fasta,CCCCCCAAAAAGAGTCAAGCNGG,1.0
target_gene_27_2_160736604:160736754.fasta,CTAGTCTGTATCAGATCCATNGG,1.0
target_gene_27_2_160736604:160736754.fasta,TGTATCAGATCCATTGGGGGNGG,1.0
target_gene_27_2_160736604:160736754.fasta,GTGGGGTGGGGTGTGAAAAGNGG,8.622
target_gene_27_2_160736604:160736754.fasta,GTCTGTATCAGATCCATTGGNGG,1.0
target_gene_27_2_160736604:160736754.fasta,AGTCTGTATCAGATCCATTGNGG,1.2489
target_gene_27_2_160736604:160736754.fasta,TAGTCTGTATCAGATCCATTNGG,1.0
target_gene_27_2_160736604:160736754.fasta,CAGATCCATTGGGGGTGGGGNGG,2.7008
target_gene_27_2_160736604:160736754.fasta,AGATCCATTGGGGGTGGGGTNGG,5.943
target_gene_27_2_160736604:160736754.fasta,GATCCATTGGGGGTGGGGTGNGG,13.1692
target_gene_27_2_160736604:160736754.fasta,TATCAGATCCATTGGGGGTGNGG,1.0
target_gene_27_2_160736604:160736754.fasta,GTATCAGATCCATTGGGGGTNGG,1.0
target_gene_27_2_160736604:160736754.fasta,CCNAAAAGAGTCAAGCTGGCTGT,0.0317
target_gene_27_2_160736604:160736754.fasta,GGGGTGGGGTGTGAAAAGAGNGG,11.0523
target_gene_27_2_160736604:160736754.fasta,TGGGGTGGGGTGTGAAAAGANGG,4.6379
target_gene_27_2_160736604:160736754.fasta,CCNTTGGGGGTGGGGTGGGGTGT,1.1054
target_gene_27_2_160736604:160736754.fasta,CCNCCCCCAAAAAGAGTCAAGCT,0.0
target_gene_27_2_160736604:160736754.fasta,CCNCCCCCCAAAAAGAGTCAAGC,0.0978
target_gene_27_2_160736604:160736754.fasta,CCNCCCCCCCAAAAAGAGTCAAG,2.5747
target_gene_27_2_160736604:160736754.fasta,CCNCCCCAAAAAGAGTCAAGCTG,0.0791
target_gene_27_2_160736604:160736754.fasta,CCNCAAAAAGAGTCAAGCTGGCT,0.0
target_gene_27_2_160736604:160736754.fasta,CCNCCAAAAAGAGTCAAGCTGGC,0.0222
target_gene_27_2_160736604:160736754.fasta,CCNCCCAAAAAGAGTCAAGCTGG,2.2222
target_gene_27_2_160736604:160736754.fasta,CCNAAAAAGAGTCAAGCTGGCTG,0.039
target_gene_23_11_94901119:94901269.fasta,CCTCGCCTCTCCATTCTTTCNGG,1.8571
target_gene_23_11_94901119:94901269.fasta,GCCGATCCCCCACAACACCCNGG,1.5
target_gene_23_11_94901119:94901269.fasta,TCCCCCACAACACCCTGGAANGG,1.0
target_gene_23_11_94901119:94901269.fasta,CTCGCCTCTCCATTCTTTCCNGG,1.0
target_gene_23_11_94901119:94901269.fasta,CCNCCCGTCAGGTTTCCCCGTCC,0.0
target_gene_23_11_94901119:94901269.fasta,CCNGCTTCCCGCAGACCTTCTCC,0.0
target_gene_23_11_94901119:94901269.fasta,CCNCCTGCTTCCCGCAGACCTTC,0.0
target_gene_23_11_94901119:94901269.fasta,CCNGCATCCCTACACACCTCGCC,0.0
target_gene_23_11_94901119:94901269.fasta,CCNCGCCTCTCCATTCTTTCCGG,1.0
target_gene_23_11_94901119:94901269.fasta,CCNTCTCCCTGCATCCCTACACA,0.0
target_gene_23_11_94901119:94901269.fasta,CCNACACACCTCGCCTCTCCATT,0.0
target_gene_23_11_94901119:94901269.fasta,CCNTCAGGTTTCCCCGTCCAGCC,0.0
target_gene_23_11_94901119:94901269.fasta,CCNCCCGCGCCTCCTGCTTCCCG,0.1071
target_gene_23_11_94901119:94901269.fasta,CCNCTCCATTCTTTCCGGGACTC,0.0
target_gene_23_11_94901119:94901269.fasta,CCNTCCAGCCCCGCCCGCGCCTC,0.0
target_gene_23_11_94901119:94901269.fasta,CCNCAGACCTTCTCCCTGCATCC,0.0
target_gene_23_11_94901119:94901269.fasta,CCNCCGATCCCCCACAACACCCT,0.0
target_gene_23_11_94901119:94901269.fasta,CCNGGACTCTCCCCGCCGATCCC,0.0
target_gene_23_11_94901119:94901269.fasta,CCNCGCCTCCTGCTTCCCGCAGA,0.0694
target_gene_23_11_94901119:94901269.fasta,CCNGCCCCGCCCGCGCCTCCTGC,0.0914
target_gene_23_11_94901119:94901269.fasta,CCNCAACACCCTGGAATGGAGCG,0.1071
target_gene_23_11_94901119:94901269.fasta,CCNTTCTTTCCGGGACTCTCCCC,0.0
target_gene_23_11_94901119:94901269.fasta,CCNCGTCCAGCCCCGCCCGCGCC,0.0
target_gene_23_11_94901119:94901269.fasta,CCNCGCCCGCGCCTCCTGCTTCC,0.0
target_gene_23_11_94901119:94901269.fasta,CCNATCCCCCACAACACCCTGGA,0.0884
target_gene_23_11_94901119:94901269.fasta,CCNGTCCAGCCCCGCCCGCGCCT,0.0
target_gene_23_11_94901119:94901269.fasta,CCNGCGCCTCCTGCTTCCCGCAG,0.2899
target_gene_23_11_94901119:94901269.fasta,CCNTGCATCCCTACACACCTCGC,0.0222
target_gene_23_11_94901119:94901269.fasta,CCNGTCAGGTTTCCCCGTCCAGC,0.037
target_gene_23_11_94901119:94901269.fasta,CCNCGCCGATCCCCCACAACACC,0.0
target_gene_23_11_94901119:94901269.fasta,CCNCCACAACACCCTGGAATGGA,0.0694
target_gene_23_11_94901119:94901269.fasta,CCNGCAGACCTTCTCCCTGCATC,0.0
target_gene_23_11_94901119:94901269.fasta,CCNACAACACCCTGGAATGGAGC,0.0222
target_gene_23_11_94901119:94901269.fasta,CCNGCCCGCGCCTCCTGCTTCCC,0.0
target_gene_23_11_94901119:94901269.fasta,CCNGCCGATCCCCCACAACACCC,0.0
target_gene_23_11_94901119:94901269.fasta,CCNTACACACCTCGCCTCTCCAT,0.0
target_gene_23_11_94901119:94901269.fasta,CCNCACAACACCCTGGAATGGAG,0.6211
target_intergenic_29_8_129246101:129246251.fasta,TCACCAATTAAAGAAATGGCNGG,1.6439
target_intergenic_29_8_129246101:129246251.fasta,ACAAGAATAGCCATCCCTACNGG,1.0
target_intergenic_29_8_129246101:129246251.fasta,AATGTCACCAATTAAAGAAANGG,2.2818
target_intergenic_29_8_129246101:129246251.fasta,GTGACCAGTGTGTGTGTGAGNGG,8.4366
target_intergenic_29_8_129246101:129246251.fasta,CAAGAATAGCCATCCCTACANGG,1.381
target_intergenic_29_8_129246101:129246251.fasta,TGAAATTTTTGTGTCTGTCTNGG,2.721
target_intergenic_29_8_129246101:129246251.fasta,CTGAAATTTTTGTGTCTGTCNGG,1.4308
target_intergenic_29_8_129246101:129246251.fasta,GAAATTTTTGTGTCTGTCTGNGG,1.6527
target_intergenic_29_8_129246101:129246251.fasta,CCNCAAGAGGACTCCCTAAATGT,0.0237
target_intergenic_29_8_129246101:129246251.fasta,CCNCAAGTGTTCTGACAAGAATA,0.0
target_intergenic_29_8_129246101:129246251.fasta,CCNAAATGTCACCAATTAAAGAA,0.0
target_intergenic_29_8_129246101:129246251.fasta,CCNGAAATTTTTGTGTCTGTCTG,0.1168
target_intergenic_29_8_129246101:129246251.fasta,CCNATTAAAGAAATGGCAGGTGA,0.1246
target_intergenic_29_8_129246101:129246251.fasta,CCNTAAATGTCACCAATTAAAGA,0.0774
target_intergenic_29_8_129246101:129246251.fasta,CCNTCAAGAGGACTCCCTAAATG,0.039
target_intergenic_29_8_129246101:129246251.fasta,CCNGTGTGTGTGTGAGAGGTGAT,0.0
target_gene_11_7_27989610:27989760.fasta,GCTCGGCTCCCGTTCTTTCGNGG,1.0
target_gene_11_7_27989610:27989760.fasta,GCTCCCGTTCTTTCGCGGGTNGG,1.0
target_gene_11_7_27989610:27989760.fasta,AGCTCCAGCATCTGCCGGCTNGG,1.1176
target_gene_11_7_27989610:27989760.fasta,CCCAGAGCTCCAGCATCTGCNGG,1.8782
target_gene_11_7_27989610:27989760.fasta,CCCGTTCTTTCGCGGGTAGGNGG,1.0
target_gene_11_7_27989610:27989760.fasta,CTCGGCTCCCGTTCTTTCGCNGG,1.0
target_gene_11_7_27989610:27989760.fasta,TCCCGTTCTTTCGCGGGTAGNGG,1.0
target_gene_11_7_27989610:27989760.fasta,CTCCCGTTCTTTCGCGGGTANGG,1.0
target_gene_11_7_27989610:27989760.fasta,CCNGCTCGGCTCCCGTTCTTTCG,0.1071
target_gene_11_7_27989610:27989760.fasta,CCNAGCGCGCCCACCTGGGCCTG,0.039
target_gene_11_7_27989610:27989760.fasta,CCNGCATCTGCCGGCTCGGCTCC,0.0
target_gene_11_7_27989610:27989760.fasta,CCNTTCTTTCGCGGGTAGGGGGA,0.0694
target_gene_11_7_27989610:27989760.fasta,CCNACCTGGGCCTGCACACACAC,0.0
target_gene_11_7_27989610:27989760.fasta,CCNGGGCCTGCACACACACACAC,0.0
target_gene_11_7_27989610:27989760.fasta,CCNCCTGGGCCTGCACACACACA,0.0
target_gene_11_7_27989610:27989760.fasta,CCNAGAGCTCCAGCATCTGCCGG,1.09
target_gene_11_7_27989610:27989760.fasta,CCNGCACACACACACACACACAC,0.0
target_gene_11_7_27989610:27989760.fasta,CCNGAGCTCCAGCATCTGCCGGC,0.0244
target_gene_11_7_27989610:27989760.fasta,CCNGTTCTTTCGCGGGTAGGGGG,1.0
target_intergenic_36_13_47585416:47585566.fasta,CGAGTTCATACAGTGGTCTTNGG,1.0
target_intergenic_36_13_47585416:47585566.fasta,CTCTAGAGTTCTCCCTCTACNGG,1.0
target_intergenic_36_13_47585416:47585566.fasta,GTTTCATCTACTTCATCTTCNGG,1.7652
target_intergenic_36_13_47585416:47585566.fasta,TAGAGTTCTCCCTCTACTGGNGG,1.3048
target_intergenic_36_13_47585416:47585566.fasta,GAGTTCATACAGTGGTCTTANGG,1.0
target_intergenic_36_13_47585416:47585566.fasta,AGTTCATACAGTGGTCTTAGNGG,1.0476
target_intergenic_36_13_47585416:47585566.fasta,AGAGTTCTCCCTCTACTGGTNGG,1.0
target_intergenic_36_13_47585416:47585566.fasta,CCNCTACTGGTGGGCACCTTGTT,0.0
target_intergenic_36_13_47585416:47585566.fasta,TTTCATCTACTTCATCTTCANGG,3.3773
target_intergenic_36_13_47585416:47585566.fasta,CCNTGTTACACAATAGACACCAG,0.2593
target_intergenic_36_13_47585416:47585566.fasta,CCNGAGCAGAAGTTTCATCTACT,0.0
target_intergenic_36_13_47585416:47585566.fasta,CCNTCTACTGGTGGGCACCTTGT,0.0161
target_intergenic_42_10_127657716:127657866.fasta,TCTCCTGGTTTGCAAGGCAANGG,2.9122
target_intergenic_42_10_127657716:127657866.fasta,ATCTTTTGCAACATTAACTTNGG,35.0667
target_intergenic_42_10_127657716:127657866.fasta,TCTTTTGCAACATTAACTTTNGG,43.7922
target_intergenic_42_10_127657716:127657866.fasta,GCTTAGTTCCTCTTGCCATGNGG,116.2464
target_intergenic_42_10_127657716:127657866.fasta,CCNGGTTTGCAAGGCAAAGGAAA,0.0
target_intergenic_42_10_127657716:127657866.fasta,CCNTGAGGACAGATATTAGAATT,0.0
target_intergenic_42_10_127657716:127657866.fasta,CCNCTTGCCATGAGGACAGATAT,0.0
target_intergenic_32_11_47642515:47642665.fasta,GAGCTATCTATAGGGGCAGANGG,2.2609
target_intergenic_32_11_47642515:47642665.fasta,TGCAAATGACCAGCTTTGAANGG,1.0
target_intergenic_32_11_47642515:47642665.fasta,ACACAGCCAGAGCTATCTATNGG,1.2188
target_intergenic_32_11_47642515:47642665.fasta,AAGCAAATTTGCCTTTTCAANGG,2.5051
target_intergenic_32_11_47642515:47642665.fasta,TAAAGCTCTGTGTAATGACTNGG,1.3
target_intergenic_32_11_47642515:47642665.fasta,CTGTGTAATGACTGGGTTCTNGG,2.3329
target_intergenic_32_11_47642515:47642665.fasta,ATAAAGCTCTGTGTAATGACNGG,1.0
target_intergenic_32_11_47642515:47642665.fasta,CACAGCCAGAGCTATCTATANGG,3.3043
target_intergenic_32_11_47642515:47642665.fasta,GCTATCTATAGGGGCAGAAGNGG,1.9091
target_intergenic_32_11_47642515:47642665.fasta,CTATCTATAGGGGCAGAAGGNGG,1.0
target_intergenic_32_11_47642515:47642665.fasta,AGCTATCTATAGGGGCAGAANGG,1.6875
target_intergenic_32_11_47642515:47642665.fasta,ACAGCCAGAGCTATCTATAGNGG,3.7698
target_intergenic_32_11_47642515:47642665.fasta,CCNGAGCTATCTATAGGGGCAGA,0.0781
target_intergenic_32_11_47642515:47642665.fasta,CCNGCTTTGAAAGGAAATGCATA,0.0
target_intergenic_32_11_47642515:47642665.fasta,CCNTTTCAAAGGCAAAAAATGCA,0.0
target_duplicated_34_NC_000068.8_128777845:128777995.fasta,GTGACCTCATAGCTGTCCCTNGG,2.7636
target_duplicated_34_NC_000068.8_128777845:128777995.fasta,TGTCCCTAGGAGACAGAAGTNGG,1.0
target_duplicated_34_NC_000068.8_128777845:128777995.fasta,ATCAAGTGTCTCTCTTACGCNGG,1.0
target_duplicated_34_NC_000068.8_128777845:128777995.fasta,CACAAGGAAGCCAAGGAAGANGG,2.5311
target_duplicated_34_NC_000068.8_128777845:128777995.fasta,AGGAGACAGAAGTAGGTGAANGG,4.9233
target_duplicated_34_NC_000068.8_128777845:128777995.fasta,ACCCATGTAAAAGCTGGGTANGG,61.6927
target_duplicated_34_NC_000068.8_128777845:128777995.fasta,CTAGCACCCATGTAAAAGCTNGG,126.8092
target_duplicated_34_NC_000068.8_128777845:128777995.fasta,CCTAGCACCCATGTAAAAGCNGG,123.9274
target_duplicated_34_NC_000068.8_128777845:128777995.fasta,CCNCATAGCTGTCCCTAGGAGAC,0.0
target_duplicated_34_NC_000068.8_128777845:128777995.fasta,CCNAGGAAGATGGCTCAGTCATC,0.0
target_duplicated_34_NC_000068.8_128777845:128777995.fasta,CCNAGCACCCATGTAAAAGCTGG,224.3635
target_duplicated_34_NC_000068.8_128777845:128777995.fasta,CCNCTAGCACCCATGTAAAAGCT,0.0
target_duplicated_34_NC_000068.8_128777845:128777995.fasta,CCNAGGAGACAGAAGTAGGTGAA,0.0
target_duplicated_34_NC_000068.8_128777845:128777995.fasta,CCNATGTAAAAGCTGGGTATGGT,0.7519
target_duplicated_34_NC_000068.8_128777845:128777995.fasta,CCNTGTAAAAGCTGGGTATGGTG,1.2599
target_duplicated_34_NC_000068.8_128777845:128777995.fasta,CCNTAGCACCCATGTAAAAGCTG,3.9272
target_duplicated_34_NC_000068.8_128777845:128777995.fasta,CCNTAGGAGACAGAAGTAGGTGA,0.235
target_gene_21_1_166834917:166835067.fasta,CCNGAGTTATGCAAGCCAAAACG,0.1071
target_gene_21_1_166834917:166835067.fasta,AAAACGTCTTGGTATCATTCNGG,1.0
target_gene_21_1_166834917:166835067.fasta,TTATGCAAGCCAAAACGTCTNGG,1.0
target_gene_21_1_166834917:166835067.fasta,CCNTCCCCATCTTACTGAAGAGT,0.0329
target_gene_21_1_166834917:166835067.fasta,CCNGCTTCTCTCTTAAATGTATG,0.039
target_gene_21_1_166834917:166835067.fasta,CCNTCCACTGTCCTTCCCCATCT,0.0
target_gene_21_1_166834917:166835067.fasta,CCNCTGAAACATTCGCCATATTT,0.0
target_gene_21_1_166834917:166835067.fasta,CCNTATTTCTCCATCCACTGTCC,0.0
target_gene_21_1_166834917:166835067.fasta,CCNAAACGTCTTGGTATCATTCC,0.0
target_gene_21_1_166834917:166835067.fasta,CCNCTGTCCTTCCCCATCTTACT,0.0
target_gene_21_1_166834917:166835067.fasta,CCNTCTTACTGAAGAGTACTTCC,0.0
target_gene_21_1_166834917:166835067.fasta,CCNTGAGTTATGCAAGCCAAAAC,0.0
target_gene_21_1_166834917:166835067.fasta,CCNCTCCCTGAGTTATGCAAGCC,0.0
target_gene_21_1_166834917:166835067.fasta,CCNAGCTTCTCTCTTAAATGTAT,0.0
target_gene_21_1_166834917:166835067.fasta,CCNCATCTTACTGAAGAGTACTT,0.0
target_gene_21_1_166834917:166835067.fasta,CCNATCTTACTGAAGAGTACTTC,0.0
target_intergenic_4_Y_38024175:38024325.fasta,CCNGTTATTCCTATGTCTGAAGC,6.3506
target_intergenic_4_Y_38024175:38024325.fasta,ATTGATACCTTGAGAAATCTNGG,188.2291
target_intergenic_4_Y_38024175:38024325.fasta,GATGGTGATAGGAGCTTCATNGG,395.2485
target_intergenic_4_Y_38024175:38024325.fasta,TGAGAAATCTAGGACATTCCNGG,321.2931
target_intergenic_4_Y_38024175:38024325.fasta,CCNTGAGAAATCTAGGACATTCC,0.0
target_intergenic_4_Y_38024175:38024325.fasta,CCNATGTCTGAAGCACTATTGAT,0.0
target_intergenic_4_Y_38024175:38024325.fasta,CCNGGTACTTACTCCTTCATCAG,113.5491
target_intergenic_1_10_5773429:5773579.fasta,GGCTTCCGAACCCACTAGAGNGG,1.0
target_intergenic_1_10_5773429:5773579.fasta,AGAACCCTAGTGACAAGATCNGG,1.0
target_intergenic_1_10_5773429:5773579.fasta,TGCTCTAGAGAGCCCAATGGNGG,1.0
target_intergenic_1_10_5773429:5773579.fasta,GACTGCTCTAGAGAGCCCAANGG,2.0916
target_intergenic_1_10_5773429:5773579.fasta,TCCGAACCCACTAGAGCGGGNGG,1.0
target_intergenic_1_10_5773429:5773579.fasta,CCNAGTGACAAGATCTGGAACGC,0.0328
target_intergenic_1_10_5773429:5773579.fasta,GCTTCCGAACCCACTAGAGCNGG,1.0
target_intergenic_1_10_5773429:5773579.fasta,CCNTGCAGCAATGACTCCGTGTC,0.0
target_intergenic_1_10_5773429:5773579.fasta,GACAAGATCTGGAACGCAGANGG,1.0
target_intergenic_1_10_5773429:5773579.fasta,CCNCAGCTCCCGCTCCTTCTCGC,0.0488
target_intergenic_1_10_5773429:5773579.fasta,CCNTGTCCCGCAGCTCCCGCTCC,0.0
target_intergenic_1_10_5773429:5773579.fasta,CCNAACCCACTAGAGCGGGTGGC,0.0222
target_intergenic_1_10_5773429:5773579.fasta,CCNATGGAGGATTGTCAGAACCC,0.0
target_intergenic_1_10_5773429:5773579.fasta,CCNAATGGAGGATTGTCAGAACC,0.0
target_intergenic_1_10_5773429:5773579.fasta,CCNACTAGAGCGGGTGGCTTACC,0.0
target_intergenic_1_10_5773429:5773579.fasta,CCNCTAGAGCGGGTGGCTTACCG,0.1071
target_intergenic_1_10_5773429:5773579.fasta,CCNGCTCCTTCTCGCTCAGCAGT,0.0161
target_intergenic_1_10_5773429:5773579.fasta,CCNCTCCTTCTCGCTCAGCAGTC,0.0
target_intergenic_1_10_5773429:5773579.fasta,CCNGCAGCTCCCGCTCCTTCTCG,0.1313
target_intergenic_1_10_5773429:5773579.fasta,CCNTAGTGACAAGATCTGGAACG,0.1071
target_gene_8_9_57456702:57456852.fasta,GTGATGAGGGTAAATGATTTNGG,2.0
target_gene_8_9_57456702:57456852.fasta,TAGATTCTATCTGGAGTCTCNGG,1.3702
target_gene_8_9_57456702:57456852.fasta,GGCACATAAGCTGTGTGATGNGG,1.0167
target_gene_8_9_57456702:57456852.fasta,AGGGTAAATGATTTAGGGGGNGG,1.448
target_gene_8_9_57456702:57456852.fasta,AGGTAGAGTTAGATTCTATCNGG,1.0764
target_gene_8_9_57456702:57456852.fasta,TGATGAGGGTAAATGATTTANGG,1.7333
target_gene_8_9_57456702:57456852.fasta,GCACATAAGCTGTGTGATGANGG,1.28
target_gene_8_9_57456702:57456852.fasta,TCAGCTACATAATGCATTTGNGG,20.3393
target_gene_8_9_57456702:57456852.fasta,ATGAGGGTAAATGATTTAGGNGG,1.15
target_gene_8_9_57456702:57456852.fasta,CCNCAGCTACATAATGCATTTGA,0.9872
target_gene_8_9_57456702:57456852.fasta,CCNAAACAGGAGGCACATAAGCT,0.0
target_gene_8_9_57456702:57456852.fasta,CCNTAAACAGGAGGCACATAAGC,0.0222
target_gene_8_9_57456702:57456852.fasta,GATGAGGGTAAATGATTTAGNGG,1.0
target_gene_8_9_57456702:57456852.fasta,CCNGCTTGCGCTTTGTAAGATCT,0.0
target_gene_31_9_75479063:75479213.fasta,CTTTATAGGACTTAGAGCAGNGG,1.3667
target_gene_31_9_75479063:75479213.fasta,TAGTTTCCCATCACCTTTATNGG,1.0
target_gene_31_9_75479063:75479213.fasta,CCNGACTCCAAGTTCTTTCTTGT,0.0403
target_gene_31_9_75479063:75479213.fasta,CCNTCTTACTGCTTTTAATACAG,0.7506
target_gene_31_9_75479063:75479213.fasta,CCNTTATAGGACTTAGAGCAGTG,0.039
target_gene_31_9_75479063:75479213.fasta,CCNAGGTTCCTGACTCCAAGTTC,0.0
target_gene_31_9_75479063:75479213.fasta,CCNTCACCTTTATAGGACTTAGA,0.1017
target_gene_31_9_75479063:75479213.fasta,CCNAGTTCTTTCTTGTCTGATAG,0.4837
target_gene_31_9_75479063:75479213.fasta,CCNATCACCTTTATAGGACTTAG,0.2593
target_gene_31_9_75479063:75479213.fasta,CCNCCAACCATACATTTATCTCA,0.0
target_gene_31_9_75479063:75479213.fasta,TAATACAGTTCCTCATGTTGNGG,5673.1683
target_gene_31_9_75479063:75479213.fasta,CCNCATGTTGTGGTGACCCCCAA,0.0
target_gene_31_9_75479063:75479213.fasta,CCNAAGGTTCCTGACTCCAAGTT,0.0
target_intergenic_25_5_9158070:9158220.fasta,CCNGTCTGCTGTTGTGAAGCTTC,0.0
target_intergenic_25_5_9158070:9158220.fasta,CCNCAGCATTTGTCCAGTCTGCT,0.0
target_intergenic_25_5_9158070:9158220.fasta,TTTACTTTAGTTTCCATAAANGG,2.9027
target_intergenic_25_5_9158070:9158220.fasta,CCNTAAACATGTAGACTGTGTTT,0.0
target_intergenic_25_5_9158070:9158220.fasta,CCNCTTAAACATGTAGACTGTGT,0.0243
target_intergenic_25_5_9158070:9158220.fasta,CCNTAAATGGTGCTTCAGTGAAC,0.0
target_intergenic_25_5_9158070:9158220.fasta,CCNTTAAACATGTAGACTGTGTT,0.0
target_duplicated_4_NW_023337853.1_26536:26686.fasta,TTTTGATCATGAAGGCACATNGG,12.6617
target_duplicated_4_NW_023337853.1_26536:26686.fasta,CTGTTGAATTTTGATCATGANGG,4.173
target_duplicated_4_NW_023337853.1_26536:26686.fasta,CACATTGGATTTTTGTTTCTNGG,3.4426
target_duplicated_4_NW_023337853.1_26536:26686.fasta,TTTTTTTTGTTCGTTTGTTTNGG,2894.2959
target_duplicated_4_NW_023337853.1_26536:26686.fasta,TTGTTTTGGTTTTTCGAGACNGG,11349.9305
target_duplicated_4_NW_023337853.1_26536:26686.fasta,TGTTTTGGTTTTTCGAGACANGG,19350.7515
target_intergenic_19_2_180682789:180682939.fasta,AGTCCATTCCTGCACTAGCCNGG,1.1136
target_intergenic_19_2_180682789:180682939.fasta,CCTAAGCACACTTGTAGGCTNGG,2.0428
target_intergenic_19_2_180682789:180682939.fasta,GTATTCCTAAGCACACTTGTNGG,1.0
target_intergenic_19_2_180682789:180682939.fasta,GCAGAAAGCAAGCCTGTGTANGG,2.7075
target_intergenic_19_2_180682789:180682939.fasta,TGGATGAACAAATCAGCCTGNGG,1.3193
target_intergenic_19_2_180682789:180682939.fasta,GTGGCTGAGCACTGCCTGTGNGG,1.0
target_intergenic_19_2_180682789:180682939.fasta,TGTGGCTGAGCACTGCCTGTNGG,1.9087
target_intergenic_19_2_180682789:180682939.fasta,CTGTGGCTGAGCACTGCCTGNGG,2.5251
target_intergenic_19_2_180682789:180682939.fasta,CCNGCACTAGCCAGGTATTCCTA,0.0
target_intergenic_19_2_180682789:180682939.fasta,CCNGTGGCTGAGCACTGCCTGTG,0.0674
target_intergenic_19_2_180682789:180682939.fasta,CCNAAGCACACTTGTAGGCTTGG,2.0051
target_intergenic_19_2_180682789:180682939.fasta,CCNGTGGGGCAGAAAGCAAGCCT,0.0
target_intergenic_19_2_180682789:180682939.fasta,CCNTGGCTCCACGCTTCATGTAT,0.0
target_intergenic_19_2_180682789:180682939.fasta,CCNTTCCTGCACTAGCCAGGTAT,0.0
target_intergenic_19_2_180682789:180682939.fasta,CCNGGTATTCCTAAGCACACTTG,0.039
target_intergenic_19_2_180682789:180682939.fasta,CCNCGCTTCATGTATGTGTTAGT,0.0161
target_gene_34_2_132713511:132713661.fasta,ATGGCACAATTGTTCTTGCTNGG,1.6
target_gene_34_2_132713511:132713661.fasta,TATCAAGTGCTTCACTTGTTNGG,1.4256
target_gene_34_2_132713511:132713661.fasta,CTATTCCTTTGTCTGTAAAANGG,4.1883
target_gene_34_2_132713511:132713661.fasta,TTGTCTGTAAAATGGAAAGANGG,6.0087
target_gene_34_2_132713511:132713661.fasta,CCNCAGACTACATTTCCCAGCCT,0.0
target_gene_34_2_132713511:132713661.fasta,ATCAAGTGCTTCACTTGTTTNGG,1.1832
target_gene_34_2_132713511:132713661.fasta,CCNGCAACATCTAACAGCTACAT,0.0
target_gene_34_2_132713511:132713661.fasta,CCNTTGTCTGTAAAATGGAAAGA,0.4144
target_gene_34_2_132713511:132713661.fasta,CCNACAGACTACATTTCCCAGCC,0.0
target_duplicated_50_NC_000077.7_55242400:55242550.fasta,GCCTCACTGATTGGGCTAACNGG,1.0
target_duplicated_50_NC_000077.7_55242400:55242550.fasta,TGAGACAGTGCCTCACTGATNGG,1.3524
target_duplicated_50_NC_000077.7_55242400:55242550.fasta,CTGGCTAGCCAATGAGCTCCNGG,165.1629
target_duplicated_50_NC_000077.7_55242400:55242550.fasta,TGGCTAGCCAATGAGCTCCANGG,162.9842
target_duplicated_50_NC_000077.7_55242400:55242550.fasta,GAGACAGTGCCTCACTGATTNGG,1.4622
target_duplicated_50_NC_000077.7_55242400:55242550.fasta,TGTCTTTGCCTCTTCAGTGCNGG,140.8938
target_duplicated_50_NC_000077.7_55242400:55242550.fasta,CCNCACTGATTGGGCTAACTGGC,0.0222
target_duplicated_50_NC_000077.7_55242400:55242550.fasta,CCNCTTCAGTGCTGGGATTTCAC,0.0
target_duplicated_50_NC_000077.7_55242400:55242550.fasta,GTCTTTGCCTCTTCAGTGCTNGG,140.6712
target_duplicated_50_NC_000077.7_55242400:55242550.fasta,CCNCCATGCCTGACACCACCACC,0.0
target_duplicated_50_NC_000077.7_55242400:55242550.fasta,CCNATGAGCTCCAGGGATCTATC,0.0
target_duplicated_50_NC_000077.7_55242400:55242550.fasta,CCNGTCTTTGCCTCTTCAGTGCT,0.0
target_duplicated_50_NC_000077.7_55242400:55242550.fasta,CCNGGGATCTATCTGCCTGTCTT,0.0
target_duplicated_50_NC_000077.7_55242400:55242550.fasta,CCNGACACCACCACCACCACCAC,0.0
target_duplicated_50_NC_000077.7_55242400:55242550.fasta,CCNTGCCTGACACCACCACCACC,0.0
target_duplicated_50_NC_000077.7_55242400:55242550.fasta,CCNCCACCACCACCATCATCATC,0.0
target_duplicated_50_NC_000077.7_55242400:55242550.fasta,CCNCCACCACCACCACCATCATC,0.0
target_duplicated_50_NC_000077.7_55242400:55242550.fasta,CCNCCACCACCACCACCACCATC,0.0
target_intergenic_49_7_137444818:137444968.fasta,TCTGAGGATGCTGCTGCCCCNGG,2.0303
target_intergenic_49_7_137444818:137444968.fasta,TGCAGAGATCAGAGCTGTGTNGG,1.3671
target_intergenic_49_7_137444818:137444968.fasta,GAGGATGCTGCTGCCCCTGGNGG,1.7381
target_intergenic_49_7_137444818:137444968.fasta,TCAGAGCTGTGTAGGTTCTGNGG,3.5214
target_intergenic_49_7_137444818:137444968.fasta,CCNCTGGTGGGCTGTATGTGCTT,0.0
target_intergenic_49_7_137444818:137444968.fasta,AGGATGCTGCTGCCCCTGGTNGG,2.4637
target_intergenic_49_7_137444818:137444968.fasta,CCNGGTGGGCTGTATGTGCTTGA,0.0694
target_intergenic_49_7_137444818:137444968.fasta,CCNTGGTGGGCTGTATGTGCTTG,0.039
target_duplicated_42_NC_000083.7_36351519:36351669.fasta,TGTCAGCAGGGTAGAAGCCCNGG,31.2801
target_duplicated_42_NC_000083.7_36351519:36351669.fasta,CAGGTCAGGGTGATGTCAGCNGG,31.8774
target_duplicated_42_NC_000083.7_36351519:36351669.fasta,CCCCATTCAACTGCCAGGTCNGG,21.7395
target_duplicated_42_NC_000083.7_36351519:36351669.fasta,CTCCTCCCCATTCAACTGCCNGG,24.9092
target_duplicated_42_NC_000083.7_36351519:36351669.fasta,CGGGTCACATGTGCCTTTGGNGG,15.6802
target_duplicated_42_NC_000083.7_36351519:36351669.fasta,ATGTGCCTTTGGAGGGTCTGNGG,8.2173
target_duplicated_42_NC_000083.7_36351519:36351669.fasta,CTCAGGGTGACATCACCTTCNGG,19.6059
target_duplicated_42_NC_000083.7_36351519:36351669.fasta,AGCCCAGGGCCCAACACCTCNGG,27.7193
target_duplicated_42_NC_000083.7_36351519:36351669.fasta,TGACGGGTCACATGTGCCTTNGG,13.1321
target_duplicated_42_NC_000083.7_36351519:36351669.fasta,GGTGACATCACCTTCAGGTCNGG,13.0421
target_duplicated_42_NC_000083.7_36351519:36351669.fasta,GCCCAGGGCCCAACACCTCANGG,34.8979
target_duplicated_42_NC_000083.7_36351519:36351669.fasta,CACCTTCAGGTCTGGGGTGANGG,11.5418
target_duplicated_42_NC_000083.7_36351519:36351669.fasta,GTCAGCAGGGTAGAAGCCCANGG,30.9906
target_duplicated_42_NC_000083.7_36351519:36351669.fasta,GTCTGAGGGAGAGAGTTGAANGG,6.0
target_duplicated_42_NC_000083.7_36351519:36351669.fasta,GGGTCACATGTGCCTTTGGANGG,11.7736
target_duplicated_42_NC_000083.7_36351519:36351669.fasta,ACCTTCAGGTCTGGGGTGACNGG,5.7242
target_duplicated_42_NC_000083.7_36351519:36351669.fasta,AGGTCAGGGTGATGTCAGCANGG,30.8388
target_duplicated_42_NC_000083.7_36351519:36351669.fasta,CCCATTCAACTGCCAGGTCANGG,22.6758
target_duplicated_42_NC_000083.7_36351519:36351669.fasta,CCNTCAGGTCTGGGGTGACGGGT,0.1076
target_duplicated_42_NC_000083.7_36351519:36351669.fasta,CCNCAGGGTGACATCACCTTCAG,6.4809
target_duplicated_42_NC_000083.7_36351519:36351669.fasta,TGACATCACCTTCAGGTCTGNGG,12.1092
target_duplicated_42_NC_000083.7_36351519:36351669.fasta,GTGACATCACCTTCAGGTCTNGG,12.7133
target_duplicated_42_NC_000083.7_36351519:36351669.fasta,CCNGGGCCCAACACCTCAGGGTG,1.4733
target_duplicated_42_NC_000083.7_36351519:36351669.fasta,CCNGGTCAGGGTGATGTCAGCAG,8.2625
target_duplicated_42_NC_000083.7_36351519:36351669.fasta,CCNCCCCATTCAACTGCCAGGTC,0.0
target_duplicated_42_NC_000083.7_36351519:36351669.fasta,CCNAGGGCCCAACACCTCAGGGT,0.5808
target_duplicated_42_NC_000083.7_36351519:36351669.fasta,TGTGCCTTTGGAGGGTCTGANGG,5.8467
target_duplicated_42_NC_000083.7_36351519:36351669.fasta,CCNATTCAACTGCCAGGTCAGGG,21.8187
target_duplicated_42_NC_000083.7_36351519:36351669.fasta,CCNTTCAACTGCCAGGTCAGGGT,0.3921
target_duplicated_42_NC_000083.7_36351519:36351669.fasta,CCNTTGGAGGGTCTGAGGGAGAG,1.5556
target_duplicated_42_NC_000083.7_36351519:36351669.fasta,CCNCATTCAACTGCCAGGTCAGG,22.4359
target_duplicated_42_NC_000083.7_36351519:36351669.fasta,CCNACACCTCAGGGTGACATCAC,0.0
target_duplicated_42_NC_000083.7_36351519:36351669.fasta,CCNAACACCTCAGGGTGACATCA,0.0
target_intergenic_3_8_126586103:126586253.fasta,AGAGTGGCGTTTATCCCAAANGG,1.7059
target_intergenic_3_8_126586103:126586253.fasta,AGGGCCATGAAGTCTTGGTGNGG,1.0756
target_intergenic_3_8_126586103:126586253.fasta,CCAAAAGGGCCATGAAGTCTNGG,1.8768
target_intergenic_3_8_126586103:126586253.fasta,TGAACCCACACCTGTTAGAGNGG,1.728
target_intergenic_3_8_126586103:126586253.fasta,AGCGACCTCTTGTGGACGATNGG,1.0
target_intergenic_3_8_126586103:126586253.fasta,GACCTCTTGTGGACGATTGGNGG,1.0333
target_intergenic_3_8_126586103:126586253.fasta,ATGGAGAGAGCGACCTCTTGNGG,1.1923
target_intergenic_3_8_126586103:126586253.fasta,ATGAAGTCTTGGTGAGGACANGG,1.0
target_intergenic_3_8_126586103:126586253.fasta,CCNGTTAGAGTGGCGTTTATCCC,0.0
target_intergenic_3_8_126586103:126586253.fasta,GAGTGGCGTTTATCCCAAAANGG,1.0
target_intergenic_3_8_126586103:126586253.fasta,GTACTGACATTAATGATAGTNGG,1.0
target_intergenic_3_8_126586103:126586253.fasta,GGTACTGACATTAATGATAGNGG,1.0714
target_intergenic_3_8_126586103:126586253.fasta,CCNCACCTGTTAGAGTGGCGTTT,0.0
target_intergenic_3_8_126586103:126586253.fasta,CCNCTTGTGGACGATTGGTGGTA,0.0
target_intergenic_3_8_126586103:126586253.fasta,CCNAAAGGGCCATGAAGTCTTGG,1.925
target_intergenic_3_8_126586103:126586253.fasta,CCNCAGTGGGAAATGAACCCACA,0.0
target_intergenic_3_8_126586103:126586253.fasta,CCNACACCTGTTAGAGTGGCGTT,0.0
target_intergenic_3_8_126586103:126586253.fasta,CCNAAAAGGGCCATGAAGTCTTG,0.0444
target_intergenic_3_8_126586103:126586253.fasta,CCNTGAAGTCTTGGTGAGGACAT,0.0
target_gene_12_3_75423881:75424031.fasta,CCNATACATAGTTTTCTTATAAC,0.0
target_duplicated_27_NC_000075.7_105316898:105317048.fasta,ATACTGCTGTTCATCACCAANGG,10433.917
target_duplicated_27_NC_000075.7_105316898:105317048.fasta,GTTCATCACCAAAGGATGTCNGG,1449.2645
target_duplicated_27_NC_000075.7_105316898:105317048.fasta,ATTCAAGCAGGTCAGAAAGCNGG,9435.8893
target_duplicated_27_NC_000075.7_105316898:105317048.fasta,GTCAGGACTGGAATTCAAGCNGG,10193.0862
target_duplicated_27_NC_000075.7_105316898:105317048.fasta,GAACCCAAGAATACTAGCCCNGG,176.7094
target_duplicated_27_NC_000075.7_105316898:105317048.fasta,GCAGAGGCCATGTTACTTACNGG,7.847
target_duplicated_27_NC_000075.7_105316898:105317048.fasta,TCACCAAAGGATGTCAGGACNGG,3253.4045
target_duplicated_27_NC_000075.7_105316898:105317048.fasta,CCNGGCTTACTCAGCCTGCTCTC,0.0
target_duplicated_27_NC_000075.7_105316898:105317048.fasta,CCNAAGGATGTCAGGACTGGAAT,0.0
target_duplicated_27_NC_000075.7_105316898:105317048.fasta,GAAAGCAGGAGCTGATGCAGNGG,14779.4961
target_duplicated_27_NC_000075.7_105316898:105317048.fasta,CCNCTGGCTTACTCAGCCTGCTC,0.0
target_duplicated_27_NC_000075.7_105316898:105317048.fasta,CCNGCTCTCTTATAGAACCCAAG,2138.2879
target_duplicated_27_NC_000075.7_105316898:105317048.fasta,ACTTACTGGCTTGCTTCCCCNGG,7308.2303
target_duplicated_27_NC_000075.7_105316898:105317048.fasta,CCNTGTTACTTACTGGCTTGCTT,0.0
target_duplicated_27_NC_000075.7_105316898:105317048.fasta,CCNTGGCTTACTCAGCCTGCTCT,0.0
target_gene_26_X_73884859:73885009.fasta,GGAAGCAGCTTCTTTCAAGGNGG,3.0339
target_gene_26_X_73884859:73885009.fasta,GGCCCTGGATGGTCTGGGTGNGG,4.2495
target_gene_26_X_73884859:73885009.fasta,GAGGGAAGCAGCTTCTTTCANGG,2.726
target_gene_26_X_73884859:73885009.fasta,TTCTTTCAAGGAGGAAGAGCNGG,4.0582
target_gene_26_X_73884859:73885009.fasta,AACCAGCACCTTGGCTCCAANGG,3.5524
target_gene_26_X_73884859:73885009.fasta,TCCAAAGGTTCCAAAAGAGCNGG,7.1146
target_gene_26_X_73884859:73885009.fasta,GAGAGCCCTCAAGGTGGCCCNGG,6.35
target_gene_26_X_73884859:73885009.fasta,AGCTCCAGCAGCTCCAGCCTNGG,8.8445
target_gene_26_X_73884859:73885009.fasta,TAGCCGAAGAACCAGCACCTNGG,2.1714
target_gene_26_X_73884859:73885009.fasta,GCCCTCAAGGTGGCCCTGGANGG,6.2
target_gene_26_X_73884859:73885009.fasta,CAAGGTGGCCCTGGATGGTCNGG,4.3066
target_gene_26_X_73884859:73885009.fasta,AAGGTGGCCCTGGATGGTCTNGG,3.4999
target_gene_26_X_73884859:73885009.fasta,CCNGGATGGTCTGGGTGAGGGAA,0.0
target_gene_26_X_73884859:73885009.fasta,GCCCTGGATGGTCTGGGTGANGG,4.5599
target_gene_26_X_73884859:73885009.fasta,CCNCAAGGTGGCCCTGGATGGTC,0.0
target_gene_26_X_73884859:73885009.fasta,CCNTGGCTCCAAAGGTTCCAAAA,0.0
target_gene_26_X_73884859:73885009.fasta,CCNGCACCTTGGCTCCAAAGGTT,0.0
target_gene_26_X_73884859:73885009.fasta,CCNGGAGAGCCCTCAAGGTGGCC,0.0
target_gene_26_X_73884859:73885009.fasta,CCNAAGAACCAGCACCTTGGCTC,0.0
target_gene_26_X_73884859:73885009.fasta,CCNAAGGTTCCAAAAGAGCAGGC,0.1591
target_gene_26_X_73884859:73885009.fasta,CCNGCAGCTCCAGCCTAGGTCAG,1.1926
target_gene_26_X_73884859:73885009.fasta,CCNGCTCCAGCAGCTCCAGCCTA,0.0
target_gene_26_X_73884859:73885009.fasta,CCNAAAGAGCAGGCCAGCTCCAG,1.5127
target_gene_26_X_73884859:73885009.fasta,CCNTCAAGGTGGCCCTGGATGGT,0.0968
target_gene_26_X_73884859:73885009.fasta,CCNTGGATGGTCTGGGTGAGGGA,0.3234
target_intergenic_27_10_43457652:43457802.fasta,GGTTGTAAGCCACCACCATANGG,41.4352
target_intergenic_27_10_43457652:43457802.fasta,AGCCACCACCATATGGTTTCNGG,27.0201
target_intergenic_27_10_43457652:43457802.fasta,GAATCAAATCTCATAATAGANGG,20.9632
target_intergenic_27_10_43457652:43457802.fasta,GCCACCACCATATGGTTTCTNGG,28.4541
target_intergenic_27_10_43457652:43457802.fasta,CCNGGAATCAAATCTCATAATAG,0.3545
target_intergenic_27_10_43457652:43457802.fasta,CCNAATTTTCTTCTCTCTCTCTC,0.0
target_intergenic_27_10_43457652:43457802.fasta,CCNAAATTTTCTTCTCTCTCTCT,0.0
target_intergenic_27_10_43457652:43457802.fasta,CTCTCTCTCTCTCTCTTTCCNGG,3056.8826
target_intergenic_27_10_43457652:43457802.fasta,CCNCCATATGGTTTCTGGGATTT,0.0
target_intergenic_27_10_43457652:43457802.fasta,CCNTATGGTTTCTGGGATTTGAA,0.0
target_intergenic_27_10_43457652:43457802.fasta,GGATTTGAACTCAGAACCTCNGG,15727.871
target_intergenic_27_10_43457652:43457802.fasta,CCNCCACCATATGGTTTCTGGGA,4.866
target_duplicated_28_NC_000069.7_64195773:64195923.fasta,ATCCTCAGTGACTTGATATGNGG,2.5032
target_duplicated_28_NC_000069.7_64195773:64195923.fasta,CCTAATTGAGCAACCTTGTCNGG,21.5345
target_duplicated_28_NC_000069.7_64195773:64195923.fasta,GCAACCTTGTCAGGCTTCAGNGG,18.055
target_duplicated_28_NC_000069.7_64195773:64195923.fasta,AGTGACTTGATATGTGGTTGNGG,3.1435
target_duplicated_28_NC_000069.7_64195773:64195923.fasta,ATGTGGTTGTGGGAATGGGGNGG,2.555
target_duplicated_28_NC_000069.7_64195773:64195923.fasta,CAACCTTGTCAGGCTTCAGTNGG,28.7928
target_duplicated_28_NC_000069.7_64195773:64195923.fasta,GTGACTTGATATGTGGTTGTNGG,3.657
target_duplicated_28_NC_000069.7_64195773:64195923.fasta,GATATGTGGTTGTGGGAATGNGG,2.8055
target_duplicated_28_NC_000069.7_64195773:64195923.fasta,TGTGGTTGTGGGAATGGGGTNGG,3.353
target_duplicated_28_NC_000069.7_64195773:64195923.fasta,TTGTCAGGCTTCAGTGGGAANGG,397.9766
target_duplicated_28_NC_000069.7_64195773:64195923.fasta,CCNGTTTCCCTAATTGAGCAACC,0.0
target_duplicated_28_NC_000069.7_64195773:64195923.fasta,CCNGAATCTGTTACCATCCTCTG,0.0838
target_duplicated_28_NC_000069.7_64195773:64195923.fasta,CCNAATTGAGCAACCTTGTCAGG,2.3878
target_duplicated_28_NC_000069.7_64195773:64195923.fasta,CCNCAGTGACTTGATATGTGGTT,0.0
target_duplicated_28_NC_000069.7_64195773:64195923.fasta,TTGATATGTGGTTGTGGGAANGG,2.9606
target_duplicated_28_NC_000069.7_64195773:64195923.fasta,CCNTCCTCTGCACCCTGTTTCCC,0.0
target_duplicated_28_NC_000069.7_64195773:64195923.fasta,CCNTAATTGAGCAACCTTGTCAG,0.7425
target_duplicated_28_NC_000069.7_64195773:64195923.fasta,TGATATGTGGTTGTGGGAATNGG,3.7744
target_duplicated_28_NC_000069.7_64195773:64195923.fasta,CCNTGTCAGGCTTCAGTGGGAAA,0.0
target_duplicated_28_NC_000069.7_64195773:64195923.fasta,CCNCTGCACCCTGTTTCCCTAAT,0.0
target_duplicated_28_NC_000069.7_64195773:64195923.fasta,CCNTGAATCTGTTACCATCCTCT,0.0
target_duplicated_28_NC_000069.7_64195773:64195923.fasta,CCNAATCCTCAGTGACTTGATAT,0.0
target_duplicated_28_NC_000069.7_64195773:64195923.fasta,CCNTGTTTCCCTAATTGAGCAAC,0.0
target_gene_9_9_56616240:56616390.fasta,CACACATGAACATTTAGGCANGG,2.0571
target_gene_9_9_56616240:56616390.fasta,ATTCTAACACACTAATAACANGG,1.0
target_gene_9_9_56616240:56616390.fasta,ACATTCACACATGAACATTTNGG,2.8768
target_gene_9_9_56616240:56616390.fasta,GTCATTCTGACACTCATAACNGG,1.0
target_gene_9_9_56616240:56616390.fasta,TTCTAACACACTAATAACATNGG,1.3956
target_gene_50_1_131856590:131856740.fasta,CCNGTCATAGGATTACAGACCAC,0.0
target_gene_50_1_131856590:131856740.fasta,CCNCTTCAAATTGCCAAAATGTT,0.0
target_gene_50_1_131856590:131856740.fasta,TTTGCATTTTAGCCTGTCATNGG,2.7758
target_gene_50_1_131856590:131856740.fasta,CCNAAATGTTACATAATTTAGAT,0.0
target_gene_50_1_131856590:131856740.fasta,ACACACACACACACACACACNGG,2499451.7913
target_duplicated_35_NC_000082.7_3259502:3259652.fasta,GGGGAATGCCAGGGCCAAAANGG,40279.3891
target_duplicated_35_NC_000082.7_3259502:3259652.fasta,AAAAAGGGGAGTGGATGGGTNGG,13719.7965
target_duplicated_35_NC_000082.7_3259502:3259652.fasta,GGGCCAAAAAGGGGAGTGGANGG,307.877
target_duplicated_35_NC_000082.7_3259502:3259652.fasta,CCCAAGTACAGGGGAATGCCNGG,30289.7926
target_duplicated_35_NC_000082.7_3259502:3259652.fasta,GCCAGGGCCAAAAAGGGGAGNGG,814.5572
target_duplicated_35_NC_000082.7_3259502:3259652.fasta,GGTGGGTATGTGGGACTTTTNGG,9328.9549
target_duplicated_35_NC_000082.7_3259502:3259652.fasta,GGGGAGTGGGGGTGGGTATGNGG,349.6993
target_duplicated_35_NC_000082.7_3259502:3259652.fasta,TAGCATTGGAAATGTAAACGNGG,17094.3021
target_duplicated_35_NC_000082.7_3259502:3259652.fasta,GGAGTGGATGGGTAGGGGAGNGG,41675.1716
target_duplicated_35_NC_000082.7_3259502:3259652.fasta,GGGAATGCCAGGGCCAAAAANGG,42436.6466
target_duplicated_35_NC_000082.7_3259502:3259652.fasta,AAAGGGGAGTGGATGGGTAGNGG,12185.1854
target_duplicated_35_NC_000082.7_3259502:3259652.fasta,GATGGGTAGGGGAGTGGGGGNGG,24458.4133
target_duplicated_35_NC_000082.7_3259502:3259652.fasta,TGGGACTTTTTGGATAGCATNGG,8991.4943
target_duplicated_35_NC_000082.7_3259502:3259652.fasta,GGCCAAAAAGGGGAGTGGATNGG,198.4992
target_duplicated_35_NC_000082.7_3259502:3259652.fasta,GGAATGCCAGGGCCAAAAAGNGG,44060.3937
target_duplicated_35_NC_000082.7_3259502:3259652.fasta,ATGGGTAGGGGAGTGGGGGTNGG,21314.6108
target_duplicated_35_NC_000082.7_3259502:3259652.fasta,CCNGGGCCAAAAAGGGGAGTGGA,21.7553
target_duplicated_35_NC_000082.7_3259502:3259652.fasta,AGTGGATGGGTAGGGGAGTGNGG,32186.0773
target_duplicated_35_NC_000082.7_3259502:3259652.fasta,CCNAATTAAAAAATTTTTTTAAA,0.0
target_duplicated_35_NC_000082.7_3259502:3259652.fasta,CCAAGTACAGGGGAATGCCANGG,29069.4474
target_duplicated_35_NC_000082.7_3259502:3259652.fasta,GAGTGGATGGGTAGGGGAGTNGG,37745.7749
target_duplicated_35_NC_000082.7_3259502:3259652.fasta,GGGAGTGGGGGTGGGTATGTNGG,326.7155
target_duplicated_35_NC_000082.7_3259502:3259652.fasta,CCNAAAAGGGGAGTGGATGGGTA,0.0
target_duplicated_35_NC_000082.7_3259502:3259652.fasta,AAAAGGGGAGTGGATGGGTANGG,11459.5638
target_duplicated_35_NC_000082.7_3259502:3259652.fasta,CCNAAGTACAGGGGAATGCCAGG,34988.6299
target_duplicated_35_NC_000082.7_3259502:3259652.fasta,GTGGATGGGTAGGGGAGTGGNGG,29831.892
target_duplicated_35_NC_000082.7_3259502:3259652.fasta,CCNAGTACAGGGGAATGCCAGGG,45303.5382
target_gene_46_14_57351613:57351763.fasta,ACTACTGCTTTGAGCCCACTNGG,2.0
target_gene_46_14_57351613:57351763.fasta,GGGGCCTGCTAGGGGATTGGNGG,1.9231
target_gene_46_14_57351613:57351763.fasta,CTCCCAGCCTCTCTCCTTGANGG,3.5859
target_gene_46_14_57351613:57351763.fasta,GGTGGGGGTGGGGGCCTGCTNGG,6.5764
target_gene_46_14_57351613:57351763.fasta,GTAGCCATGGGGTGGGGGCCNGG,1.837
target_gene_46_14_57351613:57351763.fasta,CATTCTTGGTAGCCATGGGGNGG,1.0
target_gene_46_14_57351613:57351763.fasta,GGAGACATTCTTGGTAGCCANGG,1.0392
target_gene_46_14_57351613:57351763.fasta,GAGACATTCTTGGTAGCCATNGG,1.0
target_gene_46_14_57351613:57351763.fasta,CTTAAGGATGGAGACATTCTNGG,1.9805
target_gene_46_14_57351613:57351763.fasta,GTGGGGGCCTGCTAGGGGATNGG,1.5042
target_gene_46_14_57351613:57351763.fasta,TCTTGGTAGCCATGGGGTGGNGG,1.0314
target_gene_46_14_57351613:57351763.fasta,TTCTTGGTAGCCATGGGGTGNGG,1.0
target_gene_46_14_57351613:57351763.fasta,GCCATGGGGTGGGGGCCTGGNGG,1.9599
target_gene_46_14_57351613:57351763.fasta,GGGTGGGGGCCTGGTGGGGGNGG,10.0883
target_gene_46_14_57351613:57351763.fasta,ATGGGGTGGGGGCCTGGTGGNGG,4.3824
target_gene_46_14_57351613:57351763.fasta,GGTGGGGGCCTGGTGGGGGTNGG,6.0192
target_gene_46_14_57351613:57351763.fasta,AGACATTCTTGGTAGCCATGNGG,1.4333
target_gene_46_14_57351613:57351763.fasta,ATTCTTGGTAGCCATGGGGTNGG,1.2167
target_gene_46_14_57351613:57351763.fasta,TGGGGGTGGGGGCCTGCTAGNGG,1.8431
target_gene_46_14_57351613:57351763.fasta,GTGGGGGTGGGGGCCTGCTANGG,2.34
target_gene_46_14_57351613:57351763.fasta,CATGGGGTGGGGGCCTGGTGNGG,1.9902
target_gene_46_14_57351613:57351763.fasta,CCATGGGGTGGGGGCCTGGTNGG,2.0758
target_gene_46_14_57351613:57351763.fasta,CCNGGTGGGGGTGGGGGCCTGCT,0.0
target_gene_46_14_57351613:57351763.fasta,CCCAGCCTCTCTCCTTGAAGNGG,2.5486
target_gene_46_14_57351613:57351763.fasta,GTGGGGGCCTGGTGGGGGTGNGG,17.8493
target_gene_46_14_57351613:57351763.fasta,TGGGGGCCTGGTGGGGGTGGNGG,15.3161
target_gene_46_14_57351613:57351763.fasta,CCNTGGGGTGGGGGCCTGGTGGG,2.0714
target_gene_46_14_57351613:57351763.fasta,CCNTGAAGGGGAGAAGTTGTGAA,0.0
target_gene_46_14_57351613:57351763.fasta,GGGCCTGCTAGGGGATTGGANGG,1.0
target_gene_46_14_57351613:57351763.fasta,CCNAACTACTGCTTTGAGCCCAC,0.0
target_gene_46_14_57351613:57351763.fasta,CCNAGCCTCTCTCCTTGAAGGGG,1.0
target_gene_46_14_57351613:57351763.fasta,TCCCAGCCTCTCTCCTTGAANGG,2.4857
target_gene_46_14_57351613:57351763.fasta,CCNGCTAGGGGATTGGAGGGCCA,0.0
target_gene_46_14_57351613:57351763.fasta,CCNCTCTCCTTGAAGGGGAGAAG,1.7051
target_gene_46_14_57351613:57351763.fasta,CCNCTCCCAGCCTCTCTCCTTGA,0.3378
target_gene_46_14_57351613:57351763.fasta,CCNGCCTCTCTCCTTGAAGGGGA,0.0801
target_gene_38_3_105892117:105892267.fasta,CCNAGAAAGATAAGAGTCATATA,0.0
target_gene_38_3_105892117:105892267.fasta,CCNCAGCTAATGAGAAGTAGATG,0.0588
target_gene_38_3_105892117:105892267.fasta,CTATTTATTTTTCTTGAATGNGG,2.4388
target_gene_38_3_105892117:105892267.fasta,CCNCAAAGTGTTGAAAATACTAT,0.0
target_gene_38_3_105892117:105892267.fasta,CCNTCAAAGTGTTGAAAATACTA,0.0
target_intergenic_20_4_42954610:42954760.fasta,GATCAAGTGCACTGTGACCCNGG,1.0
target_intergenic_20_4_42954610:42954760.fasta,GGGAAAACCTCTGAGACTGANGG,2.4254
target_intergenic_20_4_42954610:42954760.fasta,GTGAAGGCAACACTCAGACTNGG,1.0
target_intergenic_20_4_42954610:42954760.fasta,AAACCTCTGAGACTGAAGGANGG,2.8964
target_intergenic_20_4_42954610:42954760.fasta,AAGCCTAGACACTGAGTTCTNGG,1.9286
target_intergenic_20_4_42954610:42954760.fasta,TAAGCCTAGACACTGAGTTCNGG,1.0
target_intergenic_20_4_42954610:42954760.fasta,ATCAAGTGCACTGTGACCCANGG,1.0
target_intergenic_20_4_42954610:42954760.fasta,AGCCTAGACACTGAGTTCTGNGG,2.4626
target_intergenic_20_4_42954610:42954760.fasta,CCNAGACACTGAGTTCTGGGGTA,0.0
target_intergenic_20_4_42954610:42954760.fasta,CCNAAGCCTAGACACTGAGTTCT,0.0
target_intergenic_20_4_42954610:42954760.fasta,CCNTGAGAAGTCAGTTATATTGC,0.0501
target_intergenic_20_4_42954610:42954760.fasta,CCNAGTGAAGGCAACACTCAGAC,0.0
target_intergenic_20_4_42954610:42954760.fasta,CCNGGGAAAACCTCTGAGACTGA,0.0694
target_intergenic_20_4_42954610:42954760.fasta,CCNCTGAGACTGAAGGAAGGAGA,0.1244
target_intergenic_20_4_42954610:42954760.fasta,CCNAGGGAAAACCTCTGAGACTG,0.0888
target_intergenic_20_4_42954610:42954760.fasta,CCNTAAGCCTAGACACTGAGTTC,0.0
target_intergenic_20_4_42954610:42954760.fasta,CCNAAGTGAAGGCAACACTCAGA,0.0694
target_gene_7_5_44756830:44756980.fasta,CTCCAAGCAAAGGGGTAACCNGG,1.75
target_gene_7_5_44756830:44756980.fasta,GCCATGTTACCTCCCACCATNGG,1.5
target_gene_7_5_44756830:44756980.fasta,ATACAAGCTGCTCCAAGCAANGG,1.1176
target_gene_7_5_44756830:44756980.fasta,TTGTCCAGAATCTGAATAGANGG,1.125
target_gene_7_5_44756830:44756980.fasta,TCCAAGCAAAGGGGTAACCTNGG,1.8571
target_gene_7_5_44756830:44756980.fasta,ACAAGCTGCTCCAAGCAAAGNGG,1.6656
target_gene_7_5_44756830:44756980.fasta,TACAAGCTGCTCCAAGCAAANGG,1.0
target_gene_7_5_44756830:44756980.fasta,AAAGGGGTAACCTGGGAATCNGG,1.42
target_gene_7_5_44756830:44756980.fasta,CCNTTGCCAAATCTTATAGTTGA,0.0694
target_gene_7_5_44756830:44756980.fasta,CCNCCCACCATTGGAAACCTTTG,0.039
target_gene_7_5_44756830:44756980.fasta,AGGGGTAACCTGGGAATCTGNGG,1.0
target_gene_7_5_44756830:44756980.fasta,AAGGGGTAACCTGGGAATCTNGG,1.4167
target_gene_7_5_44756830:44756980.fasta,CCNTGTTACCTCCCACCATTGGA,0.0989
target_gene_7_5_44756830:44756980.fasta,CCNCCATTGGAAACCTTTGCCAA,0.0
target_gene_7_5_44756830:44756980.fasta,CCNGGGAATCTGGGGTCCATTTA,0.0
target_gene_7_5_44756830:44756980.fasta,CCNTGTCCAGAATCTGAATAGAA,0.0
target_gene_7_5_44756830:44756980.fasta,CCNAGCAAAGGGGTAACCTGGGA,0.1339
target_gene_7_5_44756830:44756980.fasta,CCNGAATCTGAATAGAAGGAGAG,0.2593
target_gene_7_5_44756830:44756980.fasta,CCNAATCTTATAGTTGATCCTTG,0.039
target_gene_7_5_44756830:44756980.fasta,CCNTTGGAAACCTTTGCCAAATC,0.0
target_gene_7_5_44756830:44756980.fasta,CCNACCATTGGAAACCTTTGCCA,0.0
target_duplicated_11_NC_000070.7_143701726:143701876.fasta,TGCCCCAGGGATTTGGGGGCNGG,3.3557
target_duplicated_11_NC_000070.7_143701726:143701876.fasta,CCAGGGATTTGGGGGCAGGGNGG,4.2298
target_duplicated_11_NC_000070.7_143701726:143701876.fasta,CAGTAAAGACTTGATGCCCCNGG,177.2275
target_duplicated_11_NC_000070.7_143701726:143701876.fasta,TAGTAGAGGACTGCCTTGAANGG,16.8856
target_duplicated_11_NC_000070.7_143701726:143701876.fasta,GGGCACTCTCTCAGAGGGGANGG,21.7428
target_duplicated_11_NC_000070.7_143701726:143701876.fasta,TTGAATGGCCTCAGTGGGAANGG,125.4876
target_duplicated_11_NC_000070.7_143701726:143701876.fasta,AGGGGAAGGGGAGAATGGTTNGG,4.206
target_duplicated_11_NC_000070.7_143701726:143701876.fasta,CAGGGAGGGCACTCTCTCAGNGG,9.2369
target_duplicated_11_NC_000070.7_143701726:143701876.fasta,ACTGCCTTGAATGGCCTCAGNGG,366.7338
target_duplicated_11_NC_000070.7_143701726:143701876.fasta,CTCAGAGGGGAAGGGGAGAANGG,99.6366
target_duplicated_11_NC_000070.7_143701726:143701876.fasta,CTTGATGCCCCAGGGATTTGNGG,3.7389
target_duplicated_11_NC_000070.7_143701726:143701876.fasta,AGGGAGGGCACTCTCTCAGANGG,6.3968
target_duplicated_11_NC_000070.7_143701726:143701876.fasta,ACTTGATGCCCCAGGGATTTNGG,28.3352
target_duplicated_11_NC_000070.7_143701726:143701876.fasta,GGGGAAGGGGAGAATGGTTTNGG,2.1442
target_duplicated_11_NC_000070.7_143701726:143701876.fasta,GACTTGATGCCCCAGGGATTNGG,265.3366
target_duplicated_11_NC_000070.7_143701726:143701876.fasta,CAGGGATTTGGGGGCAGGGANGG,9.171
target_duplicated_11_NC_000070.7_143701726:143701876.fasta,CTGCCTTGAATGGCCTCAGTNGG,1213.351
target_duplicated_11_NC_000070.7_143701726:143701876.fasta,AGTAAAGACTTGATGCCCCANGG,203.7245
target_duplicated_11_NC_000070.7_143701726:143701876.fasta,GCACTCTCTCAGAGGGGAAGNGG,42.0497
target_duplicated_11_NC_000070.7_143701726:143701876.fasta,GCCCCAGGGATTTGGGGGCANGG,2.8163
target_duplicated_11_NC_000070.7_143701726:143701876.fasta,TTGATGCCCCAGGGATTTGGNGG,3.0704
target_duplicated_11_NC_000070.7_143701726:143701876.fasta,CCNGTAAAGACTTGATGCCCCAG,403.7863
target_duplicated_11_NC_000070.7_143701726:143701876.fasta,CCNAATCCAGTAAAGACTTGATG,10.8748
target_duplicated_11_NC_000070.7_143701726:143701876.fasta,GGGAGGGCACTCTCTCAGAGNGG,8.7734
target_duplicated_11_NC_000070.7_143701726:143701876.fasta,GGCACTCTCTCAGAGGGGAANGG,20.039
target_duplicated_11_NC_000070.7_143701726:143701876.fasta,CCNAGGGATTTGGGGGCAGGGAG,1.012
target_duplicated_11_NC_000070.7_143701726:143701876.fasta,CCNTGAATGGCCTCAGTGGGAAA,0.0
target_duplicated_11_NC_000070.7_143701726:143701876.fasta,CCNCAGTGGGAAAGGATGAGCCT,0.0
target_duplicated_11_NC_000070.7_143701726:143701876.fasta,CCNGGGATTTGGGGGCAGGGAGG,5.1054
target_duplicated_11_NC_000070.7_143701726:143701876.fasta,CCNCAGGGATTTGGGGGCAGGGA,0.2827
target_gene_29_19_6134130:6134280.fasta,ACGATGCACACACCACTCCANGG,1.0
target_gene_29_19_6134130:6134280.fasta,CCNCGTTTTCTCTCATCAGACTC,0.0
target_gene_29_19_6134130:6134280.fasta,ATTTATTGAGCAGCTACTGANGG,5.9903
target_gene_29_19_6134130:6134280.fasta,CCNCGATGCACACACCACTCCAA,0.0
target_gene_29_19_6134130:6134280.fasta,CCNAGGCTCAAATGCCTCGTTTT,0.0
target_gene_29_19_6134130:6134280.fasta,CCNTTTATTGAGTGACCATTTAT,0.0
target_gene_29_19_6134130:6134280.fasta,CCNCTCCAAGGCTCAAATGCCTC,0.0
target_gene_29_19_6134130:6134280.fasta,CCNTTTATTGAGCAGCTACTGAA,0.0
target_intergenic_45_1_189577673:189577823.fasta,ATCTTGAGACCAGAGCTATANGG,1.0333
target_intergenic_45_1_189577673:189577823.fasta,TAGAATCACACTGTCCTCTCNGG,1.0
target_intergenic_45_1_189577673:189577823.fasta,CCNACAAGCCCAGCTTCTGAATC,0.0
target_intergenic_45_1_189577673:189577823.fasta,GCTTCCCAAGTGCTAGGATTNGG,359.6434
target_intergenic_45_1_189577673:189577823.fasta,CCNAGTGCTAGGATTAGGTGTGT,0.4212
target_intergenic_45_1_189577673:189577823.fasta,CCNAAGTGCTAGGATTAGGTGTG,1.4289
target_intergenic_45_1_189577673:189577823.fasta,CCNAGCTTCTGAATCAGTTATCT,0.0
target_intergenic_45_1_189577673:189577823.fasta,CCNCTTTCCTCTGCTTCCCAAGT,8.9663
target_intergenic_45_1_189577673:189577823.fasta,CCNGAGCTATAAGGCTAACAGAG,0.2593
target_intergenic_45_1_189577673:189577823.fasta,TCCTCTGCTTCCCAAGTGCTNGG,42568.2612
target_intergenic_45_1_189577673:189577823.fasta,CCNCTGCTTCCCAAGTGCTAGGA,2837.0187
target_intergenic_45_1_189577673:189577823.fasta,CCNGCTTCTGAATCAGTTATCTT,0.0
target_duplicated_43_NC_000086.8_155742235:155742385.fasta,GGGGAGGGAAAGTGATGGAGNGG,5.9035
target_duplicated_43_NC_000086.8_155742235:155742385.fasta,AGTGATGGAGAGGAAGAGAANGG,10.2722
target_duplicated_43_NC_000086.8_155742235:155742385.fasta,ATGGAGAGGAAGAGAAAGGGNGG,35.4418
target_duplicated_43_NC_000086.8_155742235:155742385.fasta,GAGGGCAAAAGAGAGGGGGGNGG,30.1473
target_duplicated_43_NC_000086.8_155742235:155742385.fasta,AATGAGGGAGAAGGAAAGAGNGG,27.8758
target_duplicated_43_NC_000086.8_155742235:155742385.fasta,AGAGAAAGGGAGGGAGAATGNGG,105.2717
target_duplicated_43_NC_000086.8_155742235:155742385.fasta,GGAGAAGGAAAGAGAGGGAGNGG,389.5169
target_duplicated_43_NC_000086.8_155742235:155742385.fasta,GGGAGGGAGAATGAGGGAGANGG,146.1144
target_duplicated_43_NC_000086.8_155742235:155742385.fasta,AGAGGGGAGAGGGGGAGGGGNGG,724.4897
target_duplicated_43_NC_000086.8_155742235:155742385.fasta,GAAAGAGAGGGAGAGGGGAGNGG,504.2124
target_duplicated_43_NC_000086.8_155742235:155742385.fasta,GAGAGGGGGAGGGGAGGGAGNGG,1446.9585
target_duplicated_43_NC_000086.8_155742235:155742385.fasta,GTGATGGAGAGGAAGAGAAANGG,8.1225
target_duplicated_43_NC_000086.8_155742235:155742385.fasta,AGAGGGGGGAGGGAAAGTGANGG,43.2452
target_duplicated_43_NC_000086.8_155742235:155742385.fasta,GAGGGAGAGGGGAGAGGGGGNGG,843.8272
target_duplicated_43_NC_000086.8_155742235:155742385.fasta,TGGAGAGGAAGAGAAAGGGANGG,66.2834
target_duplicated_43_NC_000086.8_155742235:155742385.fasta,AGGGCAAAAGAGAGGGGGGANGG,23.4426
target_duplicated_43_NC_000086.8_155742235:155742385.fasta,ATGAGGGAGAAGGAAAGAGANGG,51.4043
target_duplicated_43_NC_000086.8_155742235:155742385.fasta,GAGAAAGGGAGGGAGAATGANGG,73.6559
target_duplicated_43_NC_000086.8_155742235:155742385.fasta,AGAAGGAAAGAGAGGGAGAGNGG,921.995
target_duplicated_43_NC_000086.8_155742235:155742385.fasta,AAGAGAGGGAGAGGGGAGAGNGG,548.3032
target_duplicated_43_NC_000086.8_155742235:155742385.fasta,AAAGAGAGGGAGAGGGGAGANGG,339.7712
target_duplicated_43_NC_000086.8_155742235:155742385.fasta,AGGGAGAGGGGAGAGGGGGANGG,825.9171
target_duplicated_43_NC_000086.8_155742235:155742385.fasta,GAGGGGAGAGGGGGAGGGGANGG,1161.1022
target_duplicated_43_NC_000086.8_155742235:155742385.fasta,GGGAGAGGGGAGAGGGGGAGNGG,1150.7811
target_duplicated_43_NC_000086.8_155742235:155742385.fasta,GAGAAGGAAAGAGAGGGAGANGG,573.2063
target_duplicated_43_NC_000086.8_155742235:155742385.fasta,AGAGAGGGAGAGGGGAGAGGNGG,816.2218
target_duplicated_43_NC_000086.8_155742235:155742385.fasta,AGAGGGGGAGGGGAGGGAGANGG,1185.5019
target_duplicated_39_NC_000084.7_36896307:36896457.fasta,CTATCGGCGACGCAAGAAAANGG,1.0
target_duplicated_39_NC_000084.7_36896307:36896457.fasta,AGCACGGACGACTTCTTTGCNGG,2.3968
target_duplicated_39_NC_000084.7_36896307:36896457.fasta,CGGCGACGCAAGAAAAAGGGNGG,1.0
target_duplicated_39_NC_000084.7_36896307:36896457.fasta,GCTTCGTGCCCTGAGCAGTANGG,1.3077
target_duplicated_39_NC_000084.7_36896307:36896457.fasta,ACGACTTCTTTGCAGGGTTGNGG,2.0
target_duplicated_39_NC_000084.7_36896307:36896457.fasta,AGAGGATGCCAAGGCTCCAGNGG,21.0537
target_duplicated_39_NC_000084.7_36896307:36896457.fasta,AGGGTTGAGGGAAGATGAAGNGG,2.885
target_duplicated_39_NC_000084.7_36896307:36896457.fasta,GGATGCCAAGGCTCCAGAGGNGG,2.8616
target_duplicated_39_NC_000084.7_36896307:36896457.fasta,GGAAGATGAAGAGGATGCCANGG,1.8279
target_duplicated_39_NC_000084.7_36896307:36896457.fasta,GTGCCCTGAGCAGTAAGGCTNGG,2.8663
target_duplicated_39_NC_000084.7_36896307:36896457.fasta,AGGCTCCAGAGGAGGTGGTGNGG,2.5683
target_duplicated_39_NC_000084.7_36896307:36896457.fasta,TGCCAAGGCTCCAGAGGAGGNGG,3.6007
target_duplicated_39_NC_000084.7_36896307:36896457.fasta,GCACGGACGACTTCTTTGCANGG,2.48
target_duplicated_39_NC_000084.7_36896307:36896457.fasta,GAGCAGTAAGGCTTGGAGCANGG,2.4625
target_duplicated_39_NC_000084.7_36896307:36896457.fasta,TATCGGCGACGCAAGAAAAANGG,1.0
target_duplicated_39_NC_000084.7_36896307:36896457.fasta,CGACTTCTTTGCAGGGTTGANGG,2.0
target_duplicated_39_NC_000084.7_36896307:36896457.fasta,CCNCTTCGTGCCCTGAGCAGTAA,0.0
target_duplicated_39_NC_000084.7_36896307:36896457.fasta,GGCGACGCAAGAAAAAGGGANGG,1.7311
target_duplicated_39_NC_000084.7_36896307:36896457.fasta,GGCTCCAGAGGAGGTGGTGANGG,4.004
target_duplicated_39_NC_000084.7_36896307:36896457.fasta,CCNAGGCTCCAGAGGAGGTGGTG,0.1061
target_duplicated_39_NC_000084.7_36896307:36896457.fasta,CCNGAGCAGTAAGGCTTGGAGCA,0.0
target_duplicated_39_NC_000084.7_36896307:36896457.fasta,CCNGAGGAGGTGGTGAGGGAGAG,1.3307
target_duplicated_39_NC_000084.7_36896307:36896457.fasta,CCNTGAGCAGTAAGGCTTGGAGC,0.0514
target_duplicated_13_NC_000070.7_90809642:90809792.fasta,TCTATTTTTAAAAAGGGAGANGG,4.1208
target_duplicated_13_NC_000070.7_90809642:90809792.fasta,TCATAAATCTATTTTTAAAANGG,21.365
target_duplicated_13_NC_000070.7_90809642:90809792.fasta,ATGGAGGGAGGGAGAGGGAGNGG,1155.9619
target_duplicated_13_NC_000070.7_90809642:90809792.fasta,AGAGAGATGGAGGGAGGGAGNGG,3110.9111
target_duplicated_13_NC_000070.7_90809642:90809792.fasta,CATAAATCTATTTTTAAAAANGG,67.3504
target_duplicated_13_NC_000070.7_90809642:90809792.fasta,GGAGAGAGAGAGAGAGATGGNGG,5198.2761
target_duplicated_13_NC_000070.7_90809642:90809792.fasta,TGGAGGGAGGGAGAGGGAGANGG,1773.8624
target_duplicated_13_NC_000070.7_90809642:90809792.fasta,AGAGAGAGAGAGATGGAGGGNGG,3718.9504
target_duplicated_13_NC_000070.7_90809642:90809792.fasta,CCNGGAGTGAAAGTACATCATTT,0.0
target_duplicated_13_NC_000070.7_90809642:90809792.fasta,GGAGGGAGAGGGAGAGGGAGNGG,46883.7228
target_duplicated_13_NC_000070.7_90809642:90809792.fasta,AGAGGGAGAGGGAGAGGGAGNGG,51025.4376
target_duplicated_13_NC_000070.7_90809642:90809792.fasta,GAGAGAGAGAGATGGAGGGANGG,3518.6042
target_duplicated_13_NC_000070.7_90809642:90809792.fasta,GAGAGAGAGAGAGAGATGGANGG,7683.2528
target_duplicated_13_NC_000070.7_90809642:90809792.fasta,GAAGGAGAGAGAGAGAGAGANGG,40377.8856
target_duplicated_13_NC_000070.7_90809642:90809792.fasta,GAGAGATGGAGGGAGGGAGANGG,1669.9429
target_duplicated_13_NC_000070.7_90809642:90809792.fasta,CCNACACACCAGGAGTGAAAGTA,0.0
target_duplicated_13_NC_000070.7_90809642:90809792.fasta,GAGGGAGAGGGAGAGGGAGANGG,52152.9068
target_intergenic_44_3_117148409:117148559.fasta,CCACCCGGACTGCCAGCTTCNGG,1.8815
target_intergenic_44_3_117148409:117148559.fasta,TGAGCATAGGGGGTTGTTATNGG,1.0
target_intergenic_44_3_117148409:117148559.fasta,AAGATTATGTGCCTGAGCATNGG,1.2786
target_intergenic_44_3_117148409:117148559.fasta,TGTTATAGGGCTGTGCATAANGG,1.0
target_intergenic_44_3_117148409:117148559.fasta,ATTATGTGCCTGAGCATAGGNGG,1.0
target_intergenic_44_3_117148409:117148559.fasta,AGATTATGTGCCTGAGCATANGG,1.6755
target_intergenic_44_3_117148409:117148559.fasta,GTGCATAAAGGGGATCCACCNGG,1.0
target_intergenic_44_3_117148409:117148559.fasta,CACCCGGACTGCCAGCTTCANGG,1.0
target_intergenic_44_3_117148409:117148559.fasta,GTTATAGGGCTGTGCATAAANGG,1.3062
target_intergenic_44_3_117148409:117148559.fasta,GATTATGTGCCTGAGCATAGNGG,1.531
target_intergenic_44_3_117148409:117148559.fasta,GAGCATAGGGGGTTGTTATANGG,1.0265
target_intergenic_44_3_117148409:117148559.fasta,CCNGACTGCCAGCTTCAGGGGAT,0.0
target_intergenic_44_3_117148409:117148559.fasta,CCNTGAAGTACTGTGACTAATGA,0.1205
target_intergenic_44_3_117148409:117148559.fasta,TTATAGGGCTGTGCATAAAGNGG,1.1378
target_intergenic_44_3_117148409:117148559.fasta,ACCCGGACTGCCAGCTTCAGNGG,1.2743
target_intergenic_44_3_117148409:117148559.fasta,CCNGCTTCAGGGGATGTAAGACT,0.0
target_intergenic_44_3_117148409:117148559.fasta,CCNGAGCATAGGGGGTTGTTATA,0.0
target_intergenic_44_3_117148409:117148559.fasta,CCNCCCGGACTGCCAGCTTCAGG,1.7981
target_intergenic_44_3_117148409:117148559.fasta,CCNGGACTGCCAGCTTCAGGGGA,0.2067
target_gene_22_13_31740848:31740998.fasta,ATTTGCGGGCAGGAGCTAAGNGG,1.0
target_gene_22_13_31740848:31740998.fasta,TTGAAAGAGGCTGTTTTTCGNGG,1.0
target_gene_22_13_31740848:31740998.fasta,AGGCTGTTTTTCGAGGCTGGNGG,2.0414
target_gene_22_13_31740848:31740998.fasta,TAAGAGGAACCCCTTGAAAGNGG,1.6667
target_gene_22_13_31740848:31740998.fasta,AAGAGGCTGTTTTTCGAGGCNGG,1.0
target_gene_22_13_31740848:31740998.fasta,ACAAAACATCAGATTCCTGCNGG,2.4791
target_gene_22_13_31740848:31740998.fasta,CCNTGAAAGAGGCTGTTTTTCGA,0.0694
target_gene_22_13_31740848:31740998.fasta,GGCTGGAGGAACGCACCACGNGG,1.2692
target_gene_22_13_31740848:31740998.fasta,CCNGCATACTACAAAACATCAGA,0.1104
target_gene_22_13_31740848:31740998.fasta,CCNTTTGCGGGCAGGAGCTAAGA,0.0694
target_gene_22_13_31740848:31740998.fasta,CCNCGTGGTAAACAGTTACTCCC,0.0
target_gene_22_13_31740848:31740998.fasta,CCNGCTGGCTGTCAAGATGCCCA,0.0
target_gene_22_13_31740848:31740998.fasta,CCNCTTGAAAGAGGCTGTTTTTC,0.0
target_gene_22_13_31740848:31740998.fasta,CCNTGCATACTACAAAACATCAG,0.2593
target_gene_22_13_31740848:31740998.fasta,CCNTTGAAAGAGGCTGTTTTTCG,0.1429
target_gene_17_16_88665966:88666116.fasta,GCAATTCACTCAGTAGAAGTNGG,1.87
target_gene_17_16_88665966:88666116.fasta,ATCTTCCACAGCATGAAGGGNGG,3.5463
target_gene_17_16_88665966:88666116.fasta,TTCCACAGCATGAAGGGCGGNGG,2.1923
target_gene_17_16_88665966:88666116.fasta,CCATATCTTCCACAGCATGANGG,3.7721
target_gene_17_16_88665966:88666116.fasta,CCNAGTCCCGTGTTTACTTCTAA,0.0
target_gene_17_16_88665966:88666116.fasta,CCNCCATAGCTAGAGCCATATCC,0.0
target_gene_17_16_88665966:88666116.fasta,CCNTGTTTACTTCTAATTACAGC,0.0427
target_gene_17_16_88665966:88666116.fasta,CCNCAGCATGAAGGGCGGCGGCA,0.0
target_gene_17_16_88665966:88666116.fasta,CATATCTTCCACAGCATGAANGG,3.4375
target_gene_17_16_88665966:88666116.fasta,CCNTAGCCTCCATAGCTAGAGCC,0.0
target_gene_17_16_88665966:88666116.fasta,CCNGTGTTTACTTCTAATTACAG,0.3918
target_gene_17_16_88665966:88666116.fasta,CCNCATCCATAGCCTCCATAGCT,0.0
target_gene_17_16_88665966:88666116.fasta,CCNTATCTTCCACAGCATGAAGG,4.2372
target_gene_17_16_88665966:88666116.fasta,CCNATATCTTCCACAGCATGAAG,1.0794
target_gene_17_16_88665966:88666116.fasta,CCNTAGCTAGAGCCATATCCATA,0.0
target_gene_41_7_27543161:27543311.fasta,GGTAAAAGTCCTACCTTGGGNGG,1.0
target_gene_41_7_27543161:27543311.fasta,GGCAACTATACCCTGGAGATNGG,1.0
target_gene_41_7_27543161:27543311.fasta,CAACCAATCAAGAGAAACAANGG,10.4113
target_gene_41_7_27543161:27543311.fasta,CCAAAACACACCAATCCCAANGG,1.0
target_gene_41_7_27543161:27543311.fasta,AAAGGTAAAAGTCCTACCTTNGG,2.0
target_gene_41_7_27543161:27543311.fasta,GCAACTATACCCTGGAGATANGG,1.0
target_gene_41_7_27543161:27543311.fasta,CAAAGGTAAAAGTCCTACCTNGG,1.0
target_gene_41_7_27543161:27543311.fasta,TCCCAAAGGCAACTATACCCNGG,1.8075
target_gene_41_7_27543161:27543311.fasta,CCNTGGGAGGCTTTAAATTGACC,0.0
target_gene_41_7_27543161:27543311.fasta,CCNAGTATAATTAATCAGCAAAA,0.0
target_gene_41_7_27543161:27543311.fasta,CCNACCTTGGGAGGCTTTAAATT,0.0
target_gene_41_7_27543161:27543311.fasta,CCNGGAGATAGGGCCAACCAATC,0.0
target_gene_41_7_27543161:27543311.fasta,CCNAAGGCAACTATACCCTGGAG,0.313
target_gene_41_7_27543161:27543311.fasta,CCNACCAATCAAGAGAAACAAAG,1.8578
target_gene_41_7_27543161:27543311.fasta,CCNATCCCAAAGGCAACTATACC,0.0
target_gene_41_7_27543161:27543311.fasta,CCNAAACACACCAATCCCAAAGG,1.0
target_gene_41_7_27543161:27543311.fasta,CCNAAAACACACCAATCCCAAAG,0.7039
target_gene_41_7_27543161:27543311.fasta,CCNAAAGGCAACTATACCCTGGA,0.0992
target_gene_41_7_27543161:27543311.fasta,CCNCAAAACACACCAATCCCAAA,0.0
target_gene_41_7_27543161:27543311.fasta,CCNATCAAGAGAAACAAAGGTAA,0.0
target_gene_41_7_27543161:27543311.fasta,CCNTGGAGATAGGGCCAACCAAT,0.0
target_duplicated_30_NC_000067.7_94211085:94211235.fasta,TTTCCTTGCTTGTAGGGTCTNGG,1.2769
target_duplicated_30_NC_000067.7_94211085:94211235.fasta,AGGGTCTAGGGATCAAATTCNGG,37.4736
target_duplicated_30_NC_000067.7_94211085:94211235.fasta,TGGGTTCTTTCCTTGCTTGTNGG,1.0
target_duplicated_30_NC_000067.7_94211085:94211235.fasta,TGTATGCTGTGGAACAAATCNGG,1.3846
target_duplicated_30_NC_000067.7_94211085:94211235.fasta,CTGTGGAACAAATCTGGGAANGG,1.875
target_duplicated_30_NC_000067.7_94211085:94211235.fasta,GTGTTGGTGGATGTATGCTGNGG,1.0
target_duplicated_30_NC_000067.7_94211085:94211235.fasta,GGGATCAAATTCAGGTCATTNGG,230.4364
target_duplicated_30_NC_000067.7_94211085:94211235.fasta,TTCCTTGCTTGTAGGGTCTANGG,1.0
target_duplicated_30_NC_000067.7_94211085:94211235.fasta,GGGTTCTTTCCTTGCTTGTANGG,2.0804
target_duplicated_30_NC_000067.7_94211085:94211235.fasta,TGTGGAACAAATCTGGGAATNGG,1.8667
target_duplicated_30_NC_000067.7_94211085:94211235.fasta,GTATGCTGTGGAACAAATCTNGG,2.2621
target_duplicated_30_NC_000067.7_94211085:94211235.fasta,CCNTGCTTGTAGGGTCTAGGGAT,0.0
target_duplicated_32_NC_000084.7_79039650:79039800.fasta,TGTTACGTCAGGGAGTAGACNGG,1.4496
target_duplicated_32_NC_000084.7_79039650:79039800.fasta,GGCTCCCTCTGCATGTAGAGNGG,1.0
target_duplicated_32_NC_000084.7_79039650:79039800.fasta,AAACTACCACACACTTCCTTNGG,2.0
target_duplicated_32_NC_000084.7_79039650:79039800.fasta,TTTGTTTTGTTTGTTACGTCNGG,3.3868
target_duplicated_32_NC_000084.7_79039650:79039800.fasta,CTCCCTCTGCATGTAGAGAGNGG,1.0772
target_duplicated_32_NC_000084.7_79039650:79039800.fasta,GCTCCCTCTGCATGTAGAGANGG,2.1757
target_duplicated_32_NC_000084.7_79039650:79039800.fasta,TTGTTTTGTTTGTTACGTCANGG,1.8075
target_duplicated_32_NC_000084.7_79039650:79039800.fasta,CCTCTGCATGTAGAGAGGGGNGG,1.6338
target_duplicated_32_NC_000084.7_79039650:79039800.fasta,CCNTAGAAACTACCACACACTTC,0.0
target_duplicated_32_NC_000084.7_79039650:79039800.fasta,CCNCACACTTCCTTTGGTTTTTG,0.0843
target_duplicated_32_NC_000084.7_79039650:79039800.fasta,CCNCTGCATGTAGAGAGGGGTGG,1.0
target_duplicated_32_NC_000084.7_79039650:79039800.fasta,CCNTTGGTTTTTGTTTTGTTTGT,3.0037
target_duplicated_32_NC_000084.7_79039650:79039800.fasta,CCNTCTGCATGTAGAGAGGGGTG,0.039
target_gene_28_3_57193529:57193679.fasta,GGATGGTCCTAGGAGATAGTNGG,1.0
target_gene_28_3_57193529:57193679.fasta,ATAGTAGGGACTTTAGAAGTNGG,2.1028
target_gene_28_3_57193529:57193679.fasta,GTTGGTCCTTGGATGGTCCTNGG,1.3161
target_gene_28_3_57193529:57193679.fasta,TAGAAGTAGGACCTTGTTGGNGG,7.0122
target_gene_28_3_57193529:57193679.fasta,GTTGGAGGACGTGAATCTGANGG,1.0
target_gene_28_3_57193529:57193679.fasta,GAATGTGTTTCTTTAATAGTNGG,1.675
target_gene_28_3_57193529:57193679.fasta,TTTCTTTAATAGTTGGTCCTNGG,2.9654
target_gene_28_3_57193529:57193679.fasta,CTTTAGAAGTAGGACCTTGTNGG,2.2837
target_gene_28_3_57193529:57193679.fasta,TGGAGGAAGTGAGTTGTTGGNGG,17.9643
target_gene_28_3_57193529:57193679.fasta,TGTTGGAGGAAGTGAGTTGTNGG,19.3699
target_gene_28_3_57193529:57193679.fasta,CCNTGGATGGTCCTAGGAGATAG,0.2593
target_gene_28_3_57193529:57193679.fasta,GTGAATCTGAAGGTTACATCNGG,1.2857
target_gene_28_3_57193529:57193679.fasta,TTTAATAGTTGGTCCTTGGANGG,1.2857
target_gene_28_3_57193529:57193679.fasta,CCNAGGAGATAGTAGGGACTTTA,0.0
target_gene_28_3_57193529:57193679.fasta,CCNAATTGCTATTATCTGAATGT,0.0402
target_gene_28_3_57193529:57193679.fasta,GATGGTCCTAGGAGATAGTANGG,1.0
target_gene_28_3_57193529:57193679.fasta,CCNTGTTGGAGGAAGTGAGTTGT,1.4795
target_gene_28_3_57193529:57193679.fasta,CCNATTGCTATTATCTGAATGTG,0.0557
target_intergenic_23_3_35003816:35003966.fasta,AGCTTGACCCTCTGTAGCCTNGG,1.0
target_intergenic_23_3_35003816:35003966.fasta,AAGCTTGACCCTCTGTAGCCNGG,1.0
target_intergenic_23_3_35003816:35003966.fasta,AAGAAGTTGAATGCTGATAANGG,1.0
target_intergenic_23_3_35003816:35003966.fasta,CCNCCCCTTTTCCCCATCATTTT,0.0
target_intergenic_23_3_35003816:35003966.fasta,CCNCTGTAGCCTGGGTGACTCTG,0.0811
target_intergenic_23_3_35003816:35003966.fasta,CCNTTGCTCTCAGTGAAGCTTGA,0.103
target_intergenic_23_3_35003816:35003966.fasta,CCNTTTCCCCATCATTTTTCTCT,0.0
target_intergenic_23_3_35003816:35003966.fasta,CCNGGGTGACTCTGCACCTCTGA,0.1361
target_intergenic_23_3_35003816:35003966.fasta,CCNGAAAGAAGTTGAATGCTGAT,0.0
target_intergenic_23_3_35003816:35003966.fasta,CCNCTGAAATGTTTTACAGATTC,0.0
target_intergenic_23_3_35003816:35003966.fasta,CCNCCTGAAAGAAGTTGAATGCT,0.0
target_intergenic_23_3_35003816:35003966.fasta,CCNCTTTTCCCCATCATTTTTCT,0.0
target_intergenic_23_3_35003816:35003966.fasta,CCNTCATTTTTCTCTTCACTCCA,0.0
target_intergenic_23_3_35003816:35003966.fasta,CCNGAGCCTTTGCTCTCAGTGAA,0.0
target_intergenic_23_3_35003816:35003966.fasta,CCNTCCCCTTTTCCCCATCATTT,0.0
target_intergenic_23_3_35003816:35003966.fasta,CCNTCTGTAGCCTGGGTGACTCT,0.0
target_intergenic_23_3_35003816:35003966.fasta,CCNTTTTCCCCATCATTTTTCTC,0.0
target_intergenic_23_3_35003816:35003966.fasta,CCNCATCATTTTTCTCTTCACTC,0.0
target_intergenic_23_3_35003816:35003966.fasta,CCNATCATTTTTCTCTTCACTCC,0.0
target_intergenic_26_1_53631609:53631759.fasta,TTGTTGGAATAGGTGTGACCNGG,3139.3154
target_intergenic_26_1_53631609:53631759.fasta,TGGAATAGGTGTGACCTGGTNGG,3001.1435
target_intergenic_26_1_53631609:53631759.fasta,GTGTCACTGTGGGTGTTGCCNGG,1.8926
target_intergenic_26_1_53631609:53631759.fasta,TAGGTGTGACCTGGTTGGAANGG,2458.3411
target_intergenic_26_1_53631609:53631759.fasta,TTGGAATGGGTGTGTCACTGNGG,4726.508
target_intergenic_26_1_53631609:53631759.fasta,CCNGGTTGGAATGGGTGTGTCAC,0.0
target_intergenic_26_1_53631609:53631759.fasta,CCTCCTGTGCCATGCCTGCCNGG,3218.4786
target_intergenic_26_1_53631609:53631759.fasta,AGGTGTGACCTGGTTGGAATNGG,4121.6388
target_intergenic_26_1_53631609:53631759.fasta,TGGAATGGGTGTGTCACTGTNGG,4291.2912
target_intergenic_26_1_53631609:53631759.fasta,CCNGGAAGTCAGTCTTTCACTAG,488.1075
target_intergenic_26_1_53631609:53631759.fasta,CCNGTGCCATGCCTGCCTGGATA,0.0
target_intergenic_26_1_53631609:53631759.fasta,CCNTTAGATGAAGACATAGAACT,0.0
target_intergenic_26_1_53631609:53631759.fasta,CCNCCTGTGCCATGCCTGCCTGG,3864.1091
target_intergenic_26_1_53631609:53631759.fasta,CCNGCCTGGATACTGCCATGCTC,0.0
target_intergenic_26_1_53631609:53631759.fasta,CCNGGATACTGCCATGCTCCCAC,0.0
target_intergenic_26_1_53631609:53631759.fasta,CCNTGCCTGCCTGGATACTGCCA,0.0
target_gene_25_7_6079647:6079797.fasta,CCCCTGTGCCCATATCTTCANGG,22942.8646
target_gene_25_7_6079647:6079797.fasta,CCNGTGCCCATATCTTCAAGGCT,0.0
target_gene_25_7_6079647:6079797.fasta,TCTATAAGTTTCAGTGTCTCNGG,29045.3739
target_gene_25_7_6079647:6079797.fasta,AAGCCATTGCTGTTCTGTTCNGG,18833.6339
target_gene_25_7_6079647:6079797.fasta,CCNTATCTTCAAGGCTTTTCCCC,0.0
target_gene_25_7_6079647:6079797.fasta,CCNTGATCCACTTAGATTTGACC,0.0
target_gene_25_7_6079647:6079797.fasta,CCNTTGCTGTTCTGTTCAGGAAT,0.0
target_gene_25_7_6079647:6079797.fasta,CCNCTATAAGTTTCAGTGTCTCT,0.0
target_gene_25_7_6079647:6079797.fasta,CCNATATCTTCAAGGCTTTTCCC,0.0
target_gene_25_7_6079647:6079797.fasta,CCNCTGTGCCCATATCTTCAAGG,23317.8695
target_gene_25_7_6079647:6079797.fasta,CCNTGTGCCCATATCTTCAAGGC,492.5794
target_gene_25_7_6079647:6079797.fasta,CCNCTTTCTCCTCTATAAGTTTC,0.0
target_gene_25_7_6079647:6079797.fasta,CCNACTTTCTCCTCTATAAGTTT,0.0
target_gene_25_7_6079647:6079797.fasta,CCNCACTTTCTCCTCTATAAGTT,0.0
target_gene_3_9_7503437:7503587.fasta,TGCCATTGAGAAAGCTTTGANGG,1.5556
target_gene_3_9_7503437:7503587.fasta,AGCTTTGAAGGTCTGGGAGGNGG,2.6582
target_gene_3_9_7503437:7503587.fasta,GAAAGCTTTGAAGGTCTGGGNGG,2.0
target_gene_3_9_7503437:7503587.fasta,TTCTTTGATTTCTCTTATCCNGG,3.117
target_gene_3_9_7503437:7503587.fasta,AGATTTGCCAAGACAGAGTGNGG,2.6647
target_gene_3_9_7503437:7503587.fasta,TGAGAAAGCTTTGAAGGTCTNGG,2.3624
target_gene_3_9_7503437:7503587.fasta,TGACCCCACTCACTTTCTCCNGG,2.9542
target_gene_3_9_7503437:7503587.fasta,TTGAGAAAGCTTTGAAGGTCNGG,3.9142
target_gene_3_9_7503437:7503587.fasta,CCNGGATTGTGAATTATACACCA,0.0
target_gene_3_9_7503437:7503587.fasta,CCNAGACAGAGTGTGGATTCTGC,0.0563
target_gene_3_9_7503437:7503587.fasta,CCNTCTTTGATTTCTCTTATCCA,0.0
target_gene_3_9_7503437:7503587.fasta,CCNGATTTGCCAAGACAGAGTGT,0.0335
target_gene_3_9_7503437:7503587.fasta,CCNCACTCACTTTCTCCAGGATC,0.0
target_gene_3_9_7503437:7503587.fasta,CCNTTGAGAAAGCTTTGAAGGTC,0.0
target_duplicated_47_NC_000074.7_112624798:112624948.fasta,AAGTGGAAATGGGTGGGTAGNGG,12394.3995
target_duplicated_47_NC_000074.7_112624798:112624948.fasta,TCGGCCATCACTGGAAAGAGNGG,51359.5994
target_duplicated_47_NC_000074.7_112624798:112624948.fasta,AACTGTATATGCCCCAGTACNGG,39802.6363
target_duplicated_47_NC_000074.7_112624798:112624948.fasta,TGGAAATGGGTGGGTAGAGGNGG,326.674
target_duplicated_47_NC_000074.7_112624798:112624948.fasta,TGGGTAGAGGAGGGGGGGGGNGG,914.2965
target_duplicated_47_NC_000074.7_112624798:112624948.fasta,CCAGGACCAAAAAGTGGAAANGG,1530.3026
target_duplicated_47_NC_000074.7_112624798:112624948.fasta,CCCCAGTACAGGGGAATGCCNGG,48278.7957
target_duplicated_47_NC_000074.7_112624798:112624948.fasta,GACCAAAAAGTGGAAATGGGNGG,1329.1278
target_duplicated_47_NC_000074.7_112624798:112624948.fasta,GGAATGCCAGGACCAAAAAGNGG,26218.3538
target_duplicated_47_NC_000074.7_112624798:112624948.fasta,CACTGGAAAGAGAGGCCCATNGG,51983.516
target_duplicated_47_NC_000074.7_112624798:112624948.fasta,GGGAGGGCATGGGGGACTTTNGG,27147.6488
target_duplicated_47_NC_000074.7_112624798:112624948.fasta,ACTGTATATGCCCCAGTACANGG,41532.4861
target_duplicated_47_NC_000074.7_112624798:112624948.fasta,GAGGAGGGGGGGGGAGGGCANGG,406.4173
target_duplicated_47_NC_000074.7_112624798:112624948.fasta,GGAAATGGGTGGGTAGAGGANGG,290.3908
target_duplicated_47_NC_000074.7_112624798:112624948.fasta,GGGGACTTTTGGGCTAGCATNGG,9262.9828
target_duplicated_47_NC_000074.7_112624798:112624948.fasta,CAGGACCAAAAAGTGGAAATNGG,1717.3761
target_duplicated_47_NC_000074.7_112624798:112624948.fasta,AAATGGGTGGGTAGAGGAGGNGG,195.6199
target_duplicated_47_NC_000074.7_112624798:112624948.fasta,ACCAAAAAGTGGAAATGGGTNGG,1722.4004
target_duplicated_47_NC_000074.7_112624798:112624948.fasta,ATGGGTGGGTAGAGGAGGGGNGG,1282.2576
target_duplicated_47_NC_000074.7_112624798:112624948.fasta,AGGAGGGGGGGGGAGGGCATNGG,116.9457
target_duplicated_47_NC_000074.7_112624798:112624948.fasta,GGGTGGGTAGAGGAGGGGGGNGG,2434.5101
target_duplicated_47_NC_000074.7_112624798:112624948.fasta,AATGGGTGGGTAGAGGAGGGNGG,958.7819
target_duplicated_47_NC_000074.7_112624798:112624948.fasta,CTGTATATGCCCCAGTACAGNGG,34092.9455
target_duplicated_47_NC_000074.7_112624798:112624948.fasta,GAGGGGGGGGGAGGGCATGGNGG,1273.8056
target_duplicated_47_NC_000074.7_112624798:112624948.fasta,GGGTAGAGGAGGGGGGGGGANGG,905.1823
target_duplicated_47_NC_000074.7_112624798:112624948.fasta,GAAATGGGTGGGTAGAGGAGNGG,3579.4956
target_duplicated_47_NC_000074.7_112624798:112624948.fasta,CCNTCACTGGAAAGAGAGGCCCA,0.0
target_duplicated_47_NC_000074.7_112624798:112624948.fasta,TGGGTGGGTAGAGGAGGGGGNGG,1432.5595
target_duplicated_47_NC_000074.7_112624798:112624948.fasta,CCNAAAAGTGGAAATGGGTGGGT,139.2277
target_duplicated_47_NC_000074.7_112624798:112624948.fasta,CCNGTACAGGGGAATGCCAGGAC,0.0
target_duplicated_47_NC_000074.7_112624798:112624948.fasta,GGAGGGCATGGGGGACTTTTNGG,15531.662
target_duplicated_47_NC_000074.7_112624798:112624948.fasta,GGAGGGGGGGGGAGGGCATGNGG,859.6887
target_duplicated_47_NC_000074.7_112624798:112624948.fasta,CCNGGACCAAAAAGTGGAAATGG,1511.3104
target_duplicated_47_NC_000074.7_112624798:112624948.fasta,CCNTTGGACTTGCAAACTGTATA,0.0
target_duplicated_47_NC_000074.7_112624798:112624948.fasta,CCNCAGTACAGGGGAATGCCAGG,54409.2048
target_duplicated_47_NC_000074.7_112624798:112624948.fasta,CCNATTGGACTTGCAAACTGTAT,0.0
target_duplicated_47_NC_000074.7_112624798:112624948.fasta,CCNAGTACAGGGGAATGCCAGGA,2541.4267
target_duplicated_15_NC_000073.7_103763649:103763799.fasta,ACTTCAGATCTTCTAGTATTNGG,1.9524
target_duplicated_15_NC_000073.7_103763649:103763799.fasta,TACCAGACCTCCTCACTCCCNGG,260.2207
target_duplicated_15_NC_000073.7_103763649:103763799.fasta,ACCAGACCTCCTCACTCCCTNGG,433.7079
target_duplicated_15_NC_000073.7_103763649:103763799.fasta,CCNCCCCCCCCCCCCCGTTTCCA,0.0
target_duplicated_15_NC_000073.7_103763649:103763799.fasta,CCNCACTCCCTGGGACTTCAGAT,0.0
target_duplicated_15_NC_000073.7_103763649:103763799.fasta,CCNCCTCACTCCCTGGGACTTCA,0.0
target_duplicated_15_NC_000073.7_103763649:103763799.fasta,CCNGGGACTTCAGATCTTCTAGT,0.0172
target_duplicated_15_NC_000073.7_103763649:103763799.fasta,CCNTTTCCATGAAGATGTCCCCA,0.0
target_duplicated_15_NC_000073.7_103763649:103763799.fasta,CCNCTCCACCCCCACTCTACCAG,2.1613
target_duplicated_15_NC_000073.7_103763649:103763799.fasta,CCNTGAAGATGTCCCCACTCCAC,0.0
target_duplicated_15_NC_000073.7_103763649:103763799.fasta,CCNCATTCCATACCTCCCCCCCC,0.0
target_duplicated_15_NC_000073.7_103763649:103763799.fasta,CCNCCCCCCCCCCGTTTCCATGA,0.9573
target_duplicated_15_NC_000073.7_103763649:103763799.fasta,CCNTACCTCCCCCCCCCCCCCGT,1.6714
target_duplicated_15_NC_000073.7_103763649:103763799.fasta,CCNCCCCCCGTTTCCATGAAGAT,0.0
target_duplicated_15_NC_000073.7_103763649:103763799.fasta,CCNCCCCCACTCTACCAGACCTC,0.0
target_duplicated_15_NC_000073.7_103763649:103763799.fasta,CCNGACCTCCTCACTCCCTGGGA,11.9846
target_duplicated_15_NC_000073.7_103763649:103763799.fasta,CCNCTCTACCAGACCTCCTCACT,0.0
target_duplicated_15_NC_000073.7_103763649:103763799.fasta,CCNCCCCCCCCCGTTTCCATGAA,0.0
target_duplicated_15_NC_000073.7_103763649:103763799.fasta,CCNCCGTTTCCATGAAGATGTCC,0.0
target_duplicated_15_NC_000073.7_103763649:103763799.fasta,CCNCCCCCCCGTTTCCATGAAGA,0.3588
target_duplicated_15_NC_000073.7_103763649:103763799.fasta,CCNCCCCCCCCGTTTCCATGAAG,1.3183
target_duplicated_15_NC_000073.7_103763649:103763799.fasta,CCNCCCCCGTTTCCATGAAGATG,0.2585
target_duplicated_15_NC_000073.7_103763649:103763799.fasta,CCNACTCCACCCCCACTCTACCA,0.0
target_duplicated_15_NC_000073.7_103763649:103763799.fasta,CCNCCCGTTTCCATGAAGATGTC,0.0
target_duplicated_15_NC_000073.7_103763649:103763799.fasta,CCNCCCCGTTTCCATGAAGATGT,0.1759
target_duplicated_15_NC_000073.7_103763649:103763799.fasta,CCNTGGGACTTCAGATCTTCTAG,0.4459
target_duplicated_15_NC_000073.7_103763649:103763799.fasta,CCNCGTTTCCATGAAGATGTCCC,0.0
target_duplicated_15_NC_000073.7_103763649:103763799.fasta,CCNCACTCCACCCCCACTCTACC,0.0
target_duplicated_15_NC_000073.7_103763649:103763799.fasta,CCNCCACTCTACCAGACCTCCTC,0.0
target_duplicated_15_NC_000073.7_103763649:103763799.fasta,CCNGTTTCCATGAAGATGTCCCC,0.0
target_duplicated_15_NC_000073.7_103763649:103763799.fasta,CCNACTCTACCAGACCTCCTCAC,0.0
target_duplicated_15_NC_000073.7_103763649:103763799.fasta,CCNCACTCTACCAGACCTCCTCA,0.0
target_duplicated_7_NC_000078.7_3186971:3187121.fasta,TGTTCTTGAAAAACTGAATGNGG,4.0783
target_duplicated_7_NC_000078.7_3186971:3187121.fasta,CTGTTCTTGAAAAACTGAATNGG,3.1531
target_duplicated_7_NC_000078.7_3186971:3187121.fasta,TCTGTTCTTGAAAAACTGAANGG,3.7574
target_duplicated_7_NC_000078.7_3186971:3187121.fasta,CCNCTGCACACACTACCTTGTCT,0.0
target_duplicated_7_NC_000078.7_3186971:3187121.fasta,CCNAGAGTACTTCCCCCTACTGT,0.0451
target_duplicated_7_NC_000078.7_3186971:3187121.fasta,CCNTGTCTCTCTGCAGTGCCTAG,1.1681
target_duplicated_7_NC_000078.7_3186971:3187121.fasta,CCNACTGTGTTTCTGTTCTTGAA,0.0
target_duplicated_7_NC_000078.7_3186971:3187121.fasta,CCNGTGTCTGTTATCAAAGAATT,0.0
target_duplicated_7_NC_000078.7_3186971:3187121.fasta,CCNTGCTTAAAGTTCGCTGACCC,0.0
target_duplicated_7_NC_000078.7_3186971:3187121.fasta,CCNTCTGCACACACTACCTTGTC,0.0
target_duplicated_7_NC_000078.7_3186971:3187121.fasta,CCNCCTACTGTGTTTCTGTTCTT,0.0
target_duplicated_7_NC_000078.7_3186971:3187121.fasta,CCNTACTGTGTTTCTGTTCTTGA,0.1641
target_duplicated_7_NC_000078.7_3186971:3187121.fasta,CCNCTACTGTGTTTCTGTTCTTG,0.088
target_duplicated_44_NC_000070.7_144562278:144562428.fasta,GGGCAGACCTCCTGTGTCCCNGG,81.6914
target_duplicated_44_NC_000070.7_144562278:144562428.fasta,GACCTCCTGTGTCCCTGGTTNGG,102.1585
target_duplicated_44_NC_000070.7_144562278:144562428.fasta,CCTGTGTCCCTGGTTAGGGCNGG,66.6887
target_duplicated_44_NC_000070.7_144562278:144562428.fasta,GGGCAGGCCTCCTGTGTCCCNGG,98.6512
target_duplicated_44_NC_000070.7_144562278:144562428.fasta,GAGCAAGCCTCCTGTGTCCCNGG,98.6019
target_duplicated_44_NC_000070.7_144562278:144562428.fasta,GAGCAGACCTCCTGTGTCCCNGG,110.0033
target_duplicated_44_NC_000070.7_144562278:144562428.fasta,ACCTCCTGTGTCCCTGGTTANGG,126.4818
target_duplicated_44_NC_000070.7_144562278:144562428.fasta,CCNCCTGTGTCCCTGGTTAGGGC,3.016
target_duplicated_44_NC_000070.7_144562278:144562428.fasta,CCNGGTTAGGGCAGGCCTCCTGT,1.3391
target_duplicated_44_NC_000070.7_144562278:144562428.fasta,CCNGTGTCCCTGGTTAGGGCAGG,67.2493
target_duplicated_44_NC_000070.7_144562278:144562428.fasta,CCNCCTGTGTCCCTGGTTAGAGC,3.1324
target_duplicated_44_NC_000070.7_144562278:144562428.fasta,CCNGTGTCCCTGGTTAGAGCAAG,25.3504
target_duplicated_44_NC_000070.7_144562278:144562428.fasta,CCNGTGTCCCTGGTTAGAGCAGA,9.8386
target_duplicated_44_NC_000070.7_144562278:144562428.fasta,CCNGGTTAGAGCAGACCTCCTGT,2.2396
target_duplicated_44_NC_000070.7_144562278:144562428.fasta,CCNGGTTAGAGCAAGCCTCCTGT,1.2578
target_duplicated_44_NC_000070.7_144562278:144562428.fasta,CCNTGGTTAGGGCAGGCCTCCTG,3.3225
target_duplicated_44_NC_000070.7_144562278:144562428.fasta,CCNTGGTTAGAGCAAGCCTCCTG,4.0895
target_duplicated_44_NC_000070.7_144562278:144562428.fasta,CCNTGGTTAGAGCAGACCTCCTG,7.5593
target_duplicated_45_NC_000076.7_112120688:112120838.fasta,CCNTTCCTGGTTTCCCTTCTGAA,0.0
target_duplicated_45_NC_000076.7_112120688:112120838.fasta,CCNACTCTGTCCCCTTGCTCACC,0.0
target_duplicated_45_NC_000076.7_112120688:112120838.fasta,ACCCACCCACTCCCTCTTCCNGG,1677.8847
target_duplicated_45_NC_000076.7_112120688:112120838.fasta,TCAAATGTTATCCCCTTTCCNGG,17568.3119
target_duplicated_45_NC_000076.7_112120688:112120838.fasta,CCACTCCCTCTTCCTGGCCCNGG,7105.3431
target_duplicated_45_NC_000076.7_112120688:112120838.fasta,CCNATCCCCTACTCTGTCCCCTT,0.0
target_duplicated_45_NC_000076.7_112120688:112120838.fasta,CCNTCTGAAAACCCCCTATCCCC,0.0
target_duplicated_45_NC_000076.7_112120688:112120838.fasta,CCNGGTTTCCCTTCTGAAAACCC,0.0
target_duplicated_45_NC_000076.7_112120688:112120838.fasta,CCNCTCCCTCTTCCTGGCCCTGG,7025.3846
target_duplicated_45_NC_000076.7_112120688:112120838.fasta,CCNCCTATCCCCTACTCTGTCCC,0.0
target_duplicated_45_NC_000076.7_112120688:112120838.fasta,CCNTACTCTGTCCCCTTGCTCAC,0.0
target_duplicated_45_NC_000076.7_112120688:112120838.fasta,CCNTGCTCACCAACCCACCCACT,0.0
target_duplicated_45_NC_000076.7_112120688:112120838.fasta,CCNCCCACTCCCTCTTCCTGGCC,0.0
target_duplicated_45_NC_000076.7_112120688:112120838.fasta,CCNACCCACCCACTCCCTCTTCC,0.0
target_duplicated_45_NC_000076.7_112120688:112120838.fasta,CCNTTCTGAAAACCCCCTATCCC,0.0
target_duplicated_45_NC_000076.7_112120688:112120838.fasta,CCNCTACTCTGTCCCCTTGCTCA,0.0
target_duplicated_45_NC_000076.7_112120688:112120838.fasta,CCNCTTTCCTGGTTTCCCTTCTG,80.7385
target_duplicated_45_NC_000076.7_112120688:112120838.fasta,CCNTTTCCTGGTTTCCCTTCTGA,171.3256
target_duplicated_45_NC_000076.7_112120688:112120838.fasta,CCNCTATCCCCTACTCTGTCCCC,0.0
target_duplicated_45_NC_000076.7_112120688:112120838.fasta,CCNTATCCCCTACTCTGTCCCCT,0.0
target_duplicated_45_NC_000076.7_112120688:112120838.fasta,CCNACTCCCTCTTCCTGGCCCTG,407.0188
target_duplicated_45_NC_000076.7_112120688:112120838.fasta,CCNCTTGCTCACCAACCCACCCA,0.0
target_duplicated_45_NC_000076.7_112120688:112120838.fasta,CCNTTGCTCACCAACCCACCCAC,0.0
target_duplicated_45_NC_000076.7_112120688:112120838.fasta,CCNACCCACTCCCTCTTCCTGGC,114.7213
target_duplicated_8_NC_000074.7_110699094:110699244.fasta,CCTGAGCGAGCAAGGCCAACNGG,19.5298
target_duplicated_8_NC_000074.7_110699094:110699244.fasta,TCTTTGGGCCTGAGCGAGCANGG,255.9703
target_duplicated_8_NC_000074.7_110699094:110699244.fasta,GCAAGGCCAACAGGAGCAAGNGG,8.0476
target_duplicated_8_NC_000074.7_110699094:110699244.fasta,AAACAAACAAACAAATCTTTNGG,231.4634
target_duplicated_8_NC_000074.7_110699094:110699244.fasta,CAAACAAACAAACAAATCTTNGG,292.0138
target_duplicated_8_NC_000074.7_110699094:110699244.fasta,CCNGAGCGAGCAAGGCCAACAGG,9.2722
target_duplicated_8_NC_000074.7_110699094:110699244.fasta,AAGGCCAACAGGAGCAAGTGNGG,5.2625
target_duplicated_8_NC_000074.7_110699094:110699244.fasta,TGAGAGCTGACACCCTCTTCNGG,4786.0877
target_duplicated_8_NC_000074.7_110699094:110699244.fasta,CAAGGCCAACAGGAGCAAGTNGG,4.7133
target_duplicated_8_NC_000074.7_110699094:110699244.fasta,CCNACAGGAGCAAGTGGGGTTGA,1.6328
target_duplicated_8_NC_000074.7_110699094:110699244.fasta,CCNCTTCTGGTGAGTCTGAAGAC,0.0
target_duplicated_8_NC_000074.7_110699094:110699244.fasta,CCNTCTTCTGGTGAGTCTGAAGA,1535.8343
target_duplicated_3_NC_000074.7_124723172:124723322.fasta,TCACTACCGACACTGCAGAGNGG,1.2105
target_duplicated_3_NC_000074.7_124723172:124723322.fasta,CTACCGACACTGCAGAGAGGNGG,1.3333
target_duplicated_3_NC_000074.7_124723172:124723322.fasta,GAGGTGGAAGCAGGTCATCGNGG,3.1165
target_duplicated_3_NC_000074.7_124723172:124723322.fasta,CACTGCAGAGAGGTGGAAGCNGG,3.533
target_duplicated_3_NC_000074.7_124723172:124723322.fasta,AAGACCAATAAGCCACAGCTNGG,2.5283
target_duplicated_3_NC_000074.7_124723172:124723322.fasta,GGTGGAAGCAGGTCATCGAGNGG,2.0
target_duplicated_3_NC_000074.7_124723172:124723322.fasta,GTGGAAGCAGGTCATCGAGGNGG,2.6667
target_duplicated_3_NC_000074.7_124723172:124723322.fasta,AGGTGGAAGCAGGTCATCGANGG,3.3546
target_duplicated_3_NC_000074.7_124723172:124723322.fasta,CCNGTTCACTACCGACACTGCAG,0.3086
target_duplicated_3_NC_000074.7_124723172:124723322.fasta,CCNATAAGCCACAGCTTGGAATA,0.0
target_duplicated_3_NC_000074.7_124723172:124723322.fasta,CCNCAGCTTGGAATAAGCAGTCT,0.0
target_duplicated_3_NC_000074.7_124723172:124723322.fasta,CCNACACTGCAGAGAGGTGGAAG,0.73
target_duplicated_3_NC_000074.7_124723172:124723322.fasta,CCNGCATTTCTCAAGTCTATCTT,0.0
target_duplicated_3_NC_000074.7_124723172:124723322.fasta,CCNTGTTCACTACCGACACTGCA,0.0
target_duplicated_3_NC_000074.7_124723172:124723322.fasta,CCNCTGTTCACTACCGACACTGC,0.0273
target_duplicated_2_NC_000083.7_38085080:38085230.fasta,AATATCCACTTATCAGTGAGNGG,45264.3466
target_duplicated_2_NC_000083.7_38085080:38085230.fasta,AGATCCAAGTGTCCACACTTNGG,112.5738
target_duplicated_2_NC_000083.7_38085080:38085230.fasta,GTGTTTTGCTAATTGTTTCTNGG,826.8648
target_duplicated_2_NC_000083.7_38085080:38085230.fasta,TCTTGGGTATTCTGAGCATCNGG,1689.7691
target_duplicated_2_NC_000083.7_38085080:38085230.fasta,TGTTTTGCTAATTGTTTCTTNGG,71.2084
target_duplicated_2_NC_000083.7_38085080:38085230.fasta,CCNTCTAAGAAAGATCCAAGTGT,1.1721
target_duplicated_2_NC_000083.7_38085080:38085230.fasta,CCNAGTGTCCACACTTTGGTCTT,0.0
target_duplicated_2_NC_000083.7_38085080:38085230.fasta,CTTGGGTATTCTGAGCATCTNGG,1468.848
target_duplicated_2_NC_000083.7_38085080:38085230.fasta,CCNTCTTCTTGAGTTTCATGTGT,529.8823
target_duplicated_2_NC_000083.7_38085080:38085230.fasta,CCNCTTCTAAGAAAGATCCAAGT,4.4163
target_duplicated_2_NC_000083.7_38085080:38085230.fasta,CCNCCTTCTAAGAAAGATCCAAG,77.9602
target_duplicated_2_NC_000083.7_38085080:38085230.fasta,CCNCTTATCAGTGAGTGGATATC,0.0
target_duplicated_2_NC_000083.7_38085080:38085230.fasta,CCNCACTTTGGTCTTCCTTCTTC,0.0
target_duplicated_2_NC_000083.7_38085080:38085230.fasta,CCNTTCTAAGAAAGATCCAAGTG,3.5051
target_intergenic_16_5_15032292:15032442.fasta,ACCCAGATGAATTTAGATCCNGG,189.2996
target_intergenic_16_5_15032292:15032442.fasta,CATGCTGATCTCTGCATTCANGG,435.7752
target_intergenic_16_5_15032292:15032442.fasta,AGATTAAGGGAGTGGGACCTNGG,454.3329
target_intergenic_16_5_15032292:15032442.fasta,CACCTTTAATCCCATGAGACNGG,294.5755
target_intergenic_16_5_15032292:15032442.fasta,GATGAATTTAGATCCAGGCANGG,156.7885
target_intergenic_16_5_15032292:15032442.fasta,GATTAAGGGAGTGGGACCTTNGG,498.5938
target_intergenic_16_5_15032292:15032442.fasta,ATTAAGGGAGTGGGACCTTGNGG,532.3754
target_intergenic_16_5_15032292:15032442.fasta,GAATTTAGATCCAGGCATGGNGG,442.3867
target_intergenic_16_5_15032292:15032442.fasta,CCNTGGGGCAAGATCCTACCCAG,144.9132
target_intergenic_16_5_15032292:15032442.fasta,CCNTTAATCCCATGAGACAGGCA,0.0
target_intergenic_16_5_15032292:15032442.fasta,CCNGATGAATTTAGATCCAGGCA,0.0
target_intergenic_16_5_15032292:15032442.fasta,CCNAGATGAATTTAGATCCAGGC,4.8985
target_intergenic_16_5_15032292:15032442.fasta,CCNACCCAGATGAATTTAGATCC,0.0
target_intergenic_16_5_15032292:15032442.fasta,CCNATGAGACAGGCATGCTGATC,0.0
target_intergenic_16_5_15032292:15032442.fasta,CCNTGAGACAGGCATGCTGATCT,0.0
target_intergenic_16_5_15032292:15032442.fasta,CCNGGCATGGTGGTACACACCTT,0.0
target_intergenic_21_11_96957855:96958005.fasta,CCGCCCCTCCACCATGAAAGNGG,1.0
target_intergenic_21_11_96957855:96958005.fasta,CTGCAAAATCACCTTTTGCANGG,1.0
target_intergenic_21_11_96957855:96958005.fasta,AGGCCTCCTATCCCAACACTNGG,6.2989
target_intergenic_21_11_96957855:96958005.fasta,AAAATCACCTTTTGCAAGGTNGG,1.3636
target_intergenic_21_11_96957855:96958005.fasta,TGACCCCGCCCCTTTACCCTNGG,1.6513
target_intergenic_21_11_96957855:96958005.fasta,CTGACCCCGCCCCTTTACCCNGG,1.2476
target_intergenic_21_11_96957855:96958005.fasta,GGCCTCCTATCCCAACACTCNGG,2.8332
target_intergenic_21_11_96957855:96958005.fasta,CCNTTTGCAAGGTAGGCGTGCTG,0.039
target_intergenic_21_11_96957855:96958005.fasta,TATCCCAACACTCGGGGAAGNGG,3.6027
target_intergenic_21_11_96957855:96958005.fasta,GCCTCCTATCCCAACACTCGNGG,2.0152
target_intergenic_21_11_96957855:96958005.fasta,CCNGACCCCGCCCCTTTACCCTG,0.039
target_intergenic_21_11_96957855:96958005.fasta,CCNCCACCATGAAAGAGGCCTCC,0.0
target_intergenic_21_11_96957855:96958005.fasta,CCNTTACCCTGGGCCCGCCCCTC,0.0
target_intergenic_21_11_96957855:96958005.fasta,CCNGCCACTGCAAAATCACCTTT,0.0
target_intergenic_21_11_96957855:96958005.fasta,CCNCCTATCCCAACACTCGGGGA,0.0694
target_intergenic_21_11_96957855:96958005.fasta,CCNATCCCAACACTCGGGGAAGT,0.0376
target_intergenic_21_11_96957855:96958005.fasta,CCNCCCCTCCACCATGAAAGAGG,1.3583
target_intergenic_21_11_96957855:96958005.fasta,CCNGGGCCCGCCCCTCCACCATG,0.082
target_intergenic_21_11_96957855:96958005.fasta,CCNCTGCAAAATCACCTTTTGCA,0.0
target_intergenic_21_11_96957855:96958005.fasta,CCNCCATGAAAGAGGCCTCCTAT,0.0
target_intergenic_21_11_96957855:96958005.fasta,CCNACACTCGGGGAAGTGGAATG,0.039
target_intergenic_21_11_96957855:96958005.fasta,CCNTGACCCCGCCCCTTTACCCT,0.0
target_intergenic_21_11_96957855:96958005.fasta,CCNCCCCTTTACCCTGGGCCCGC,0.0389
target_intergenic_21_11_96957855:96958005.fasta,CCNCTTTACCCTGGGCCCGCCCC,0.0
target_intergenic_21_11_96957855:96958005.fasta,CCNCGCCCCTTTACCCTGGGCCC,0.0
target_intergenic_21_11_96957855:96958005.fasta,CCNTTTACCCTGGGCCCGCCCCT,0.0
target_intergenic_21_11_96957855:96958005.fasta,CCNTGAAAGAGGCCTCCTATCCC,0.0
target_intergenic_21_11_96957855:96958005.fasta,CCNTGGGCCCGCCCCTCCACCAT,0.0
target_intergenic_21_11_96957855:96958005.fasta,CCNCTCCACCATGAAAGAGGCCT,0.0
target_intergenic_21_11_96957855:96958005.fasta,CCNTCCACCATGAAAGAGGCCTC,0.0
target_intergenic_21_11_96957855:96958005.fasta,CCNGCCCCTTTACCCTGGGCCCG,0.1408
target_intergenic_21_11_96957855:96958005.fasta,CCNAACACTCGGGGAAGTGGAAT,0.0
target_intergenic_21_11_96957855:96958005.fasta,CCNGCCCCTCCACCATGAAAGAG,0.2593
target_gene_1_2_119157073:119157223.fasta,ATGCACCGGGAGATAACCGANGG,1.0
target_gene_1_2_119157073:119157223.fasta,CCGCCCCCCTGTTCTCTCATNGG,1.9692
target_gene_1_2_119157073:119157223.fasta,GAGATAACCGAAGGGAAAGANGG,1.1615
target_gene_1_2_119157073:119157223.fasta,GCGCTCTCTGGAGAGCCCCANGG,1.0
target_gene_1_2_119157073:119157223.fasta,TGCACCGGGAGATAACCGAANGG,1.0
target_gene_1_2_119157073:119157223.fasta,GAAGGGAAAGAAGGGAGCGCNGG,2.8546
target_gene_1_2_119157073:119157223.fasta,GTTCTCTCATAGGATCATCCNGG,1.0
target_gene_1_2_119157073:119157223.fasta,CTCCTTTCCAAAGCGCTCTCNGG,1.0762
target_gene_1_2_119157073:119157223.fasta,CCNTTCCAAAGCGCTCTCTGGAG,0.2593
target_gene_1_2_119157073:119157223.fasta,AGATAACCGAAGGGAAAGAANGG,3.7214
target_gene_1_2_119157073:119157223.fasta,CCNGGACACCAGAGCTCCTTTCC,0.0
target_gene_1_2_119157073:119157223.fasta,CGCTCTCTGGAGAGCCCCAANGG,1.0
target_gene_1_2_119157073:119157223.fasta,CCNGTTCTCTCATAGGATCATCC,0.0
target_gene_1_2_119157073:119157223.fasta,AAGGGAAAGAAGGGAGCGCCNGG,1.0
target_gene_1_2_119157073:119157223.fasta,CCNAAGGGAAAGAAGGGAGCGCC,0.0
target_gene_1_2_119157073:119157223.fasta,CCNAGGGCTCTTTCTCTTCTGCC,0.0
target_gene_1_2_119157073:119157223.fasta,CCNCCCCCCTGTTCTCTCATAGG,2.6166
target_gene_1_2_119157073:119157223.fasta,CCNGGAGATAACCGAAGGGAAAG,0.2787
target_gene_1_2_119157073:119157223.fasta,CCNCGCCCCCCTGTTCTCTCATA,0.0
target_gene_1_2_119157073:119157223.fasta,CCNAAGCGCTCTCTGGAGAGCCC,0.0
target_gene_1_2_119157073:119157223.fasta,CCNGAGCTCCTTTCCAAAGCGCT,0.0
target_gene_1_2_119157073:119157223.fasta,CCNCAAGGGCTCTTTCTCTTCTG,0.0715
target_gene_1_2_119157073:119157223.fasta,CCNCTGTTCTCTCATAGGATCAT,0.0
target_gene_1_2_119157073:119157223.fasta,CCNGCCCCCCTGTTCTCTCATAG,0.4423
target_gene_1_2_119157073:119157223.fasta,CCNCCGCCCCCCTGTTCTCTCAT,0.0
target_gene_1_2_119157073:119157223.fasta,CCNAAGGGCTCTTTCTCTTCTGC,0.0608
target_gene_1_2_119157073:119157223.fasta,CCNTGTTCTCTCATAGGATCATC,0.0
target_gene_1_2_119157073:119157223.fasta,CCNCCCTGTTCTCTCATAGGATC,0.0
target_gene_1_2_119157073:119157223.fasta,CCNCCTGTTCTCTCATAGGATCA,0.0
target_duplicated_49_NC_000082.7_23186295:23186445.fasta,GCTGGTGAGGATATGGAGCANGG,520.8546
target_duplicated_49_NC_000082.7_23186295:23186445.fasta,AAATCAATTTGGCATTTTCTNGG,129.3403
target_duplicated_49_NC_000082.7_23186295:23186445.fasta,AGTGATAGCACATGCTGGTGNGG,555.1145
target_duplicated_49_NC_000082.7_23186295:23186445.fasta,GGAACACTCCACAACCACTTNGG,1.225
target_duplicated_49_NC_000082.7_23186295:23186445.fasta,ACTCAAGTGATAGCACATGCNGG,423.099
target_duplicated_49_NC_000082.7_23186295:23186445.fasta,CCNGTCCAAATTGCTAAGATAAA,0.0
target_duplicated_49_NC_000082.7_23186295:23186445.fasta,AGCACATGCTGGTGAGGATANGG,4080.9005
target_duplicated_49_NC_000082.7_23186295:23186445.fasta,CTGGTGAGGATATGGAGCAANGG,488.0115
target_duplicated_49_NC_000082.7_23186295:23186445.fasta,CCNCAACCACTTTGGAAATCAAT,0.0
target_duplicated_49_NC_000082.7_23186295:23186445.fasta,AACCACTTTGGAAATCAATTNGG,3605.3824
target_duplicated_49_NC_000082.7_23186295:23186445.fasta,CCNAATTGCTAAGATAAAAAAAC,0.0
target_duplicated_49_NC_000082.7_23186295:23186445.fasta,TGGTGAGGATATGGAGCAAGNGG,1320.2226
target_duplicated_49_NC_000082.7_23186295:23186445.fasta,CCNCTTTGGAAATCAATTTGGCA,0.0
target_duplicated_16_NC_000080.7_53917784:53917934.fasta,CTGCATCTTGCTGTGTGGTTNGG,3.5867
target_duplicated_16_NC_000080.7_53917784:53917934.fasta,CCTTGCTGCATCTTGCTGTGNGG,4.0103
target_duplicated_16_NC_000080.7_53917784:53917934.fasta,AGACAGGTGCTCTAAAAGAANGG,2.6227
target_duplicated_16_NC_000080.7_53917784:53917934.fasta,AAAGTAGAATGATTAAATGTNGG,3.1046
target_duplicated_16_NC_000080.7_53917784:53917934.fasta,CATACAGTAGCATTTAAAAANGG,3.4444
target_duplicated_16_NC_000080.7_53917784:53917934.fasta,CCNTGCTGCATCTTGCTGTGTGG,3.7731
target_duplicated_16_NC_000080.7_53917784:53917934.fasta,AAGTAGAATGATTAAATGTTNGG,2.0
target_duplicated_12_NC_000067.7_141029285:141029435.fasta,AACAAACAAAAACATTTACTNGG,36.2538
target_duplicated_12_NC_000067.7_141029285:141029435.fasta,CAAACAAAAACATTTACTTGNGG,22.2011
target_duplicated_12_NC_000067.7_141029285:141029435.fasta,TTTACTTGGGGCTGGCTTACNGG,6364.3882
target_duplicated_12_NC_000067.7_141029285:141029435.fasta,GTCTATTATCATCAAGAGCANGG,4.8147
target_duplicated_12_NC_000067.7_141029285:141029435.fasta,GGGCTGGCTTACAGGTTCAGNGG,13168.4156
target_duplicated_12_NC_000067.7_141029285:141029435.fasta,CCNAGGCAAGTCTTATAAAAACA,0.0
target_duplicated_12_NC_000067.7_141029285:141029435.fasta,ACAAACAAAAACATTTACTTNGG,41.8889
target_duplicated_12_NC_000067.7_141029285:141029435.fasta,GTGAACAGACACCATGACCANGG,16204.9401
target_duplicated_12_NC_000067.7_141029285:141029435.fasta,CAAAAACATTTACTTGGGGCNGG,249.9225
target_duplicated_12_NC_000067.7_141029285:141029435.fasta,CCNTGACCAAGGCAAGTCTTATA,0.0
target_duplicated_23_NC_000083.7_7311404:7311554.fasta,CATGTGCAAATTGCTACCCANGG,2.3077
target_duplicated_23_NC_000083.7_7311404:7311554.fasta,TGTGAAGCCATGCTGGTGGTNGG,2.0
target_duplicated_23_NC_000083.7_7311404:7311554.fasta,CAACCTGCCTTGTGGTTGTGNGG,3.5068
target_duplicated_23_NC_000083.7_7311404:7311554.fasta,CCCACAAACAACCTGCCTTGNGG,2.0155
target_duplicated_23_NC_000083.7_7311404:7311554.fasta,ATGGTGTGAAGCCATGCTGGNGG,2.7511
target_duplicated_23_NC_000083.7_7311404:7311554.fasta,AAAATGGTGTGAAGCCATGCNGG,5.1404
target_duplicated_23_NC_000083.7_7311404:7311554.fasta,TTGTGGTTGTGAGGATAAAANGG,2.0
target_duplicated_23_NC_000083.7_7311404:7311554.fasta,ATGTGCAAATTGCTACCCATNGG,2.0
target_duplicated_23_NC_000083.7_7311404:7311554.fasta,CCNGCCTTGTGGTTGTGAGGATA,0.0
target_duplicated_23_NC_000083.7_7311404:7311554.fasta,CCNTGTGGTTGTGAGGATAAAAT,0.0
target_duplicated_23_NC_000083.7_7311404:7311554.fasta,TGTGCAAATTGCTACCCATGNGG,2.0
target_duplicated_23_NC_000083.7_7311404:7311554.fasta,CCNTGCTGGTGGTCGGCTAAATT,0.0
target_duplicated_23_NC_000083.7_7311404:7311554.fasta,CCNTGGGGAGCCCAGCATCTGCT,0.0
target_duplicated_23_NC_000083.7_7311404:7311554.fasta,CCNCAAACAACCTGCCTTGTGGT,0.0323
target_duplicated_23_NC_000083.7_7311404:7311554.fasta,CCNACAAACAACCTGCCTTGTGG,2.0
target_duplicated_23_NC_000083.7_7311404:7311554.fasta,CCNCACAAACAACCTGCCTTGTG,0.0851
target_duplicated_23_NC_000083.7_7311404:7311554.fasta,CCNGCATCTGCTCCCCACAAACA,0.0
target_duplicated_23_NC_000083.7_7311404:7311554.fasta,CCNATGGGGAGCCCAGCATCTGC,0.0278
target_duplicated_23_NC_000083.7_7311404:7311554.fasta,CCNAGCATCTGCTCCCCACAAAC,0.0
target_intergenic_34_14_121501532:121501682.fasta,ACTGGTCCAAGTGTTCCTTCNGG,1.0875
target_intergenic_34_14_121501532:121501682.fasta,AGTGACTGACCAGCTCACACNGG,2.1646
target_intergenic_34_14_121501532:121501682.fasta,CAAAAAGCCCAAAAAATGCANGG,2.5361
target_intergenic_34_14_121501532:121501682.fasta,TTTGCTGTCTCCTTCCTTCCNGG,3.7361
target_intergenic_34_14_121501532:121501682.fasta,CCNTCCTGGTCAGTCTGCTGCCA,0.0
target_intergenic_34_14_121501532:121501682.fasta,CCNGGTCAGTCTGCTGCCAAGTG,0.0661
target_intergenic_34_14_121501532:121501682.fasta,CCNTCCTTCCTGGTCAGTCTGCT,0.0
target_intergenic_34_14_121501532:121501682.fasta,CCNGCTCACACTGGTCCAAGTGT,0.0201
target_intergenic_34_14_121501532:121501682.fasta,CCNTTGCTGTCTCCTTCCTTCCT,0.0
target_intergenic_34_14_121501532:121501682.fasta,CCNAGTGTTCCTTCAGGACCAAA,0.0
target_intergenic_34_14_121501532:121501682.fasta,CCNAGTGACTGACCAGCTCACAC,0.0
target_intergenic_34_14_121501532:121501682.fasta,CCNTCAGGACCAAAAAGCCCAAA,0.0
target_intergenic_34_14_121501532:121501682.fasta,CCNAAAAAATGCATGGTATCTGT,0.0235
target_intergenic_34_14_121501532:121501682.fasta,CCNAAAAATGCATGGTATCTGTC,0.0
target_intergenic_34_14_121501532:121501682.fasta,CCNAAAAGCCCAAAAAATGCATG,0.0486
target_duplicated_17_NC_000069.7_89826942:89827092.fasta,CTCACGCAGCAAGCAGGCAANGG,1509.0252
target_duplicated_17_NC_000069.7_89826942:89827092.fasta,CTCAGTCTCACGCAGCAAGCNGG,2219.2658
target_duplicated_17_NC_000069.7_89826942:89827092.fasta,GGATAGTCTCTAGATAGTAANGG,1583.6505
target_duplicated_17_NC_000069.7_89826942:89827092.fasta,CAGCTATGAATGGAAGTCCANGG,3107.4372
target_duplicated_17_NC_000069.7_89826942:89827092.fasta,CCNAATTCCCAACAATGGTTCAG,330.6761
target_duplicated_17_NC_000069.7_89826942:89827092.fasta,GGTTCAGTCGCAGCTATGAANGG,1817.0042
target_duplicated_17_NC_000069.7_89826942:89827092.fasta,GGCAGCCTAATTCCCAACAANGG,1557.2932
target_duplicated_17_NC_000069.7_89826942:89827092.fasta,ATTTATTGATGACTTACAGTNGG,3038.6282
target_duplicated_17_NC_000069.7_89826942:89827092.fasta,CCNAACAATGGTTCAGTCGCAGC,29.0858
target_duplicated_17_NC_000069.7_89826942:89827092.fasta,CCNACAATGGTTCAGTCGCAGCT,0.0
target_duplicated_17_NC_000069.7_89826942:89827092.fasta,CCNAGGATCTAGCAGTTACTCAG,846.146
target_intergenic_28_1_156692260:156692410.fasta,CCNTAAGATTGCTCTCCAGTGAC,0.0
target_intergenic_28_1_156692260:156692410.fasta,GGACAAATGAATGCTGCTAANGG,1.0
target_intergenic_28_1_156692260:156692410.fasta,CCNCAACAAACCCCTTAAGATTG,0.039
target_intergenic_28_1_156692260:156692410.fasta,AAGATTGCTCTCCAGTGACANGG,1.0
target_intergenic_28_1_156692260:156692410.fasta,CCNAATCCCTCAACAAACCCCTT,0.0
target_intergenic_28_1_156692260:156692410.fasta,CCNATTTTTCCTTGACACTTGCC,0.0
target_intergenic_28_1_156692260:156692410.fasta,CCNTGACACTTGCCAAACTATTC,0.0
target_intergenic_28_1_156692260:156692410.fasta,CCNGTGACAAGGACAAATGAATG,0.039
target_intergenic_28_1_156692260:156692410.fasta,CCNTCAACAAACCCCTTAAGATT,0.0
target_intergenic_28_1_156692260:156692410.fasta,CCNTTAAGATTGCTCTCCAGTGA,0.097
target_intergenic_28_1_156692260:156692410.fasta,CCNCTTAAGATTGCTCTCCAGTG,0.039
target_intergenic_28_1_156692260:156692410.fasta,CCNAACTATTCCTCTCTACACAA,0.0
target_gene_6_18_35593854:35594004.fasta,GCCCACTCCTTCCCTGGCACNGG,1.4727
target_gene_6_18_35593854:35594004.fasta,GCACTGGAGCCTACTTCTTCNGG,60.5254
target_gene_6_18_35593854:35594004.fasta,AACTGAGATATCCAGCCTCANGG,100.0197
target_gene_6_18_35593854:35594004.fasta,AGCCTACTTCTTCAGGATTCNGG,384.6848
target_gene_6_18_35593854:35594004.fasta,GCAACCATTGTGAGATTAGCNGG,2.9182
target_gene_6_18_35593854:35594004.fasta,CTGAACAACTACTGGATTCTNGG,745.2196
target_gene_6_18_35593854:35594004.fasta,CTCATGGACTGAACAACTACNGG,297.3135
target_gene_6_18_35593854:35594004.fasta,TTCTTGGACTTTCCATTCATNGG,112.1068
target_gene_6_18_35593854:35594004.fasta,CCNGGCACTGGAGCCTACTTCTT,0.0
target_gene_6_18_35593854:35594004.fasta,CCNCATGGACTGAACAACTACTG,11.4839
target_gene_6_18_35593854:35594004.fasta,CCNTCCCTGGCACTGGAGCCTAC,0.0
target_gene_6_18_35593854:35594004.fasta,CCNACTGAGATATCCAGCCTCAT,0.0
target_gene_6_18_35593854:35594004.fasta,CCNACTTCTTCAGGATTCTGGAG,19.8446
target_gene_6_18_35593854:35594004.fasta,CCNTTCATTGGCAACCATTGTGA,0.0694
target_gene_6_18_35593854:35594004.fasta,CCNCTCCTTCCCTGGCACTGGAG,2.0179
target_gene_6_18_35593854:35594004.fasta,CCNTGGCACTGGAGCCTACTTCT,0.0
target_gene_6_18_35593854:35594004.fasta,CCNGCCTCATGGACTGAACAACT,0.0
target_gene_6_18_35593854:35594004.fasta,CCNACTCCTTCCCTGGCACTGGA,0.2204
target_duplicated_21_NC_000086.8_69533978:69534128.fasta,CACCAAACTAACGCGGGGATNGG,218.5987
target_duplicated_21_NC_000086.8_69533978:69534128.fasta,TATGAGAACGTCAAAGTTCCNGG,54.7311
target_duplicated_21_NC_000086.8_69533978:69534128.fasta,GAGAACGTCAAAGTTCCAGGNGG,167.5837
target_duplicated_21_NC_000086.8_69533978:69534128.fasta,GGGGATAGGGTTTAAGTATANGG,92.0042
target_duplicated_21_NC_000086.8_69533978:69534128.fasta,TGTCAGAATTCAATCTTAAANGG,1784.6252
target_duplicated_21_NC_000086.8_69533978:69534128.fasta,CAATACTAACAGAGAGCACGNGG,128.8472
target_duplicated_21_NC_000086.8_69533978:69534128.fasta,ACCAAACTAACGCGGGGATANGG,169.2289
target_duplicated_21_NC_000086.8_69533978:69534128.fasta,TCCATACACCAAACTAACGCNGG,680.481
target_duplicated_21_NC_000086.8_69533978:69534128.fasta,GGGATAGGGTTTAAGTATACNGG,91.6123
target_duplicated_21_NC_000086.8_69533978:69534128.fasta,ATCCATACACCAAACTAACGNGG,806.6251
target_duplicated_21_NC_000086.8_69533978:69534128.fasta,CCNTACACCAAACTAACGCGGGG,395.5437
target_duplicated_21_NC_000086.8_69533978:69534128.fasta,CCATACACCAAACTAACGCGNGG,398.5712
target_duplicated_21_NC_000086.8_69533978:69534128.fasta,CCNAACTAACGCGGGGATAGGGT,2.3715
target_gene_14_16_27211394:27211544.fasta,GTATGTACAGCTTTACCATTNGG,1.0
target_gene_14_16_27211394:27211544.fasta,AGCTTTACCATTTGGGAGCTNGG,1.6317
target_gene_14_16_27211394:27211544.fasta,ATTTGGGAGCTTGGAGCCGANGG,1.0
target_gene_14_16_27211394:27211544.fasta,TGTAATTTTTTGTGTGTGTTNGG,10.5617
target_gene_14_16_27211394:27211544.fasta,GAAGACAGTGCTGGAACCCCNGG,12.1436
target_gene_14_16_27211394:27211544.fasta,AGTGCTGGAACCCCTGGAACNGG,80.5688
target_gene_14_16_27211394:27211544.fasta,CCNTTTGGGAGCTTGGAGCCGAT,0.0
target_gene_14_16_27211394:27211544.fasta,GTAATTTTTTGTGTGTGTTTNGG,14.1018
target_gene_14_16_27211394:27211544.fasta,CCNATGGAACACAGAAGACAGTG,0.123
target_gene_14_16_27211394:27211544.fasta,TGGAACACAGAAGACAGTGCNGG,3.0
target_gene_14_16_27211394:27211544.fasta,CCNCTGGAACTGGCATTACTACA,0.0
target_gene_14_16_27211394:27211544.fasta,TATGTACAGCTTTACCATTTNGG,1.0
target_duplicated_48_NC_000075.7_44491165:44491315.fasta,CCNTCCCCCTTCCCTTTCTCCTC,0.0
target_duplicated_48_NC_000075.7_44491165:44491315.fasta,CCNTCCCTTTCTCCTCCCTTCCC,0.0
target_duplicated_48_NC_000075.7_44491165:44491315.fasta,CCNCCCTTCCCCTCCCCCTCCCC,0.0
target_duplicated_48_NC_000075.7_44491165:44491315.fasta,CCNTTCTCCTCCCTTCCCCTCCC,0.0
target_duplicated_48_NC_000075.7_44491165:44491315.fasta,CCNCCCCCTCCCCCCTCCTCCTC,0.0
target_duplicated_48_NC_000075.7_44491165:44491315.fasta,CCNTCCCCTCCCCCTCCCCCCTC,0.0
target_duplicated_48_NC_000075.7_44491165:44491315.fasta,CCNCCCCCCTCCTCCTCCCTCTC,0.0
target_duplicated_48_NC_000075.7_44491165:44491315.fasta,CCNCCTCCTCCCTCTCATCCTCC,0.0
target_duplicated_48_NC_000075.7_44491165:44491315.fasta,CCNCCTCCTCCTTCTTCTCCCTT,0.0
target_duplicated_48_NC_000075.7_44491165:44491315.fasta,CCNCCTCCCTCTCATCCTCCTCC,0.0
target_duplicated_48_NC_000075.7_44491165:44491315.fasta,CCNCCTCCTTCTTCTCCCTTTTT,0.0
target_duplicated_48_NC_000075.7_44491165:44491315.fasta,CCNCCTTCCCCCTTCCCTTTCTC,0.0
target_duplicated_48_NC_000075.7_44491165:44491315.fasta,CCNCCCTCTCATCCTCCTCCTCC,0.0
target_duplicated_48_NC_000075.7_44491165:44491315.fasta,CCNCTTCCCTTTCTCCTCCCTTC,0.0
target_duplicated_48_NC_000075.7_44491165:44491315.fasta,CCNCTTCCCCCTTCCCTTTCTCC,0.0
target_duplicated_48_NC_000075.7_44491165:44491315.fasta,CCNCCTTCTTCTCCCTTTTTTCT,0.0
target_duplicated_48_NC_000075.7_44491165:44491315.fasta,CCNTTCCCTTTCTCCTCCCTTCC,0.0
target_duplicated_48_NC_000075.7_44491165:44491315.fasta,CCNTTCCCCCTTCCCTTTCTCCT,0.0
target_duplicated_48_NC_000075.7_44491165:44491315.fasta,CCNCTCCCCCTCCCCCCTCCTCC,0.0
target_duplicated_48_NC_000075.7_44491165:44491315.fasta,CCNTCCCCCTCCCCCCTCCTCCT,0.0
target_duplicated_48_NC_000075.7_44491165:44491315.fasta,CCNTTTCTCCTCCCTTCCCCTCC,0.0
target_duplicated_48_NC_000075.7_44491165:44491315.fasta,CCNCCCTCCTCCTCCCTCTCATC,0.0
target_duplicated_48_NC_000075.7_44491165:44491315.fasta,CCNTCCCCCCTCCTCCTCCCTCT,0.0
target_duplicated_48_NC_000075.7_44491165:44491315.fasta,CCNCCTCCCCCCTCCTCCTCCCT,0.0
target_duplicated_48_NC_000075.7_44491165:44491315.fasta,CCNTCCTCCTCCCTCTCATCCTC,0.0
target_duplicated_48_NC_000075.7_44491165:44491315.fasta,CCNCTCATCCTCCTCCTCCTTCT,0.0
target_duplicated_48_NC_000075.7_44491165:44491315.fasta,CCNTCTTCTCCCTTTTTTCTTTT,0.0
target_duplicated_48_NC_000075.7_44491165:44491315.fasta,CCNCCTTCCCTTTCTCCTCCCTT,0.0
target_duplicated_48_NC_000075.7_44491165:44491315.fasta,CCNTCTCATCCTCCTCCTCCTTC,0.0
target_duplicated_48_NC_000075.7_44491165:44491315.fasta,CCNCCTCCTCCTCCCTCTCATCC,0.0
target_duplicated_48_NC_000075.7_44491165:44491315.fasta,CCNTTCCCCTCCCCCTCCCCCCT,0.0
target_duplicated_48_NC_000075.7_44491165:44491315.fasta,CCNCTCCCCCCTCCTCCTCCCTC,0.0
target_duplicated_48_NC_000075.7_44491165:44491315.fasta,CCNCTCCTCCTCCCTCTCATCCT,0.0
target_duplicated_26_NC_000071.7_82001704:82001854.fasta,CAGAAAACATGGTCTGACCANGG,91.679
target_duplicated_26_NC_000071.7_82001704:82001854.fasta,GCTGCTCCAATCCAATTGTGNGG,167.3254
target_duplicated_26_NC_000071.7_82001704:82001854.fasta,GACCTGAGACAGCAATAATTNGG,345.127
target_duplicated_26_NC_000071.7_82001704:82001854.fasta,AATTAGGGAAGCAGAAAACANGG,611.0597
target_duplicated_26_NC_000071.7_82001704:82001854.fasta,GTTGGCACTAGCACCAGCACNGG,13.7462
target_duplicated_26_NC_000071.7_82001704:82001854.fasta,GGTCACAAATCCCTTCCAGTNGG,382.3619
target_duplicated_26_NC_000071.7_82001704:82001854.fasta,CACCTTGGGCACAGAGTCTGNGG,487.1702
target_duplicated_26_NC_000071.7_82001704:82001854.fasta,GCACCAGCACTGGGGCACCTNGG,104.408
target_duplicated_26_NC_000071.7_82001704:82001854.fasta,TGGCACTAGCACCAGCACTGNGG,2.2548
target_duplicated_26_NC_000071.7_82001704:82001854.fasta,ACCTGAGACAGCAATAATTANGG,530.5095
target_duplicated_26_NC_000071.7_82001704:82001854.fasta,TTGGCACTAGCACCAGCACTNGG,4.5467
target_duplicated_26_NC_000071.7_82001704:82001854.fasta,CTGCTCCAATCCAATTGTGCNGG,249.0149
target_duplicated_26_NC_000071.7_82001704:82001854.fasta,CCNTCCAGTTGGCACTAGCACCA,0.0
target_duplicated_26_NC_000071.7_82001704:82001854.fasta,CCNGAGACAGCAATAATTAGGGA,35.2303
target_duplicated_26_NC_000071.7_82001704:82001854.fasta,CCNTGGGCACAGAGTCTGTGGAC,0.0
target_duplicated_26_NC_000071.7_82001704:82001854.fasta,CACCAGCACTGGGGCACCTTNGG,155.3326
target_duplicated_26_NC_000071.7_82001704:82001854.fasta,CCNATTGTGCGGGACCTGAGACA,0.0
target_duplicated_26_NC_000071.7_82001704:82001854.fasta,CCNGTTGGCACTAGCACCAGCAC,0.0
target_duplicated_26_NC_000071.7_82001704:82001854.fasta,CCNTGGTCACAAATCCCTTCCAG,39.2868
target_duplicated_26_NC_000071.7_82001704:82001854.fasta,CCNTTCCAGTTGGCACTAGCACC,0.0
target_duplicated_26_NC_000071.7_82001704:82001854.fasta,CCNATCCAATTGTGCGGGACCTG,7.7897
target_duplicated_26_NC_000071.7_82001704:82001854.fasta,CCNGCACTGGGGCACCTTGGGCA,0.0
target_duplicated_37_NC_000087.8_10929245:10929395.fasta,GTTGGGAGTCAGATGTTTGGNGG,282.2244
target_duplicated_37_NC_000087.8_10929245:10929395.fasta,GACAGGCTGAAATGGTACATNGG,265.0312
target_duplicated_37_NC_000087.8_10929245:10929395.fasta,GGAATTTCCAGGGAATAGACNGG,233.0697
target_duplicated_37_NC_000087.8_10929245:10929395.fasta,AATTTAAGACTGGAATTTCCNGG,197.3903
target_duplicated_37_NC_000087.8_10929245:10929395.fasta,GTCACACATAAATTTAAGACNGG,261.8301
target_duplicated_37_NC_000087.8_10929245:10929395.fasta,AGATGTTTGGAGGAGAGCCANGG,286.6383
target_duplicated_37_NC_000087.8_10929245:10929395.fasta,AGGGAATAGACAGGCTGAAANGG,258.6375
target_duplicated_37_NC_000087.8_10929245:10929395.fasta,TGGAGGAGAGCCAAGGAAACNGG,169.398
target_duplicated_37_NC_000087.8_10929245:10929395.fasta,CCAGTGTGGGAGCATTTTGANGG,29.7256
target_duplicated_37_NC_000087.8_10929245:10929395.fasta,TATGTTGGGAGTCAGATGTTNGG,281.2525
target_duplicated_37_NC_000087.8_10929245:10929395.fasta,GAAATGGTACATAGGTATGTNGG,280.5549
target_duplicated_37_NC_000087.8_10929245:10929395.fasta,GCCAAGGAAACAGGCCAGTGNGG,22.2902
target_duplicated_37_NC_000087.8_10929245:10929395.fasta,AAATGGTACATAGGTATGTTNGG,275.1304
target_duplicated_37_NC_000087.8_10929245:10929395.fasta,GGAGCATTTTGATGGTCATCNGG,192.7028
target_duplicated_37_NC_000087.8_10929245:10929395.fasta,CCAAGGAAACAGGCCAGTGTNGG,22.6959
target_duplicated_37_NC_000087.8_10929245:10929395.fasta,ATTTAAGACTGGAATTTCCANGG,226.3274
target_duplicated_37_NC_000087.8_10929245:10929395.fasta,CCNGGGAATAGACAGGCTGAAAT,0.0
target_duplicated_37_NC_000087.8_10929245:10929395.fasta,AGCATTTTGATGGTCATCTGNGG,167.4578
target_duplicated_37_NC_000087.8_10929245:10929395.fasta,GAGCATTTTGATGGTCATCTNGG,146.6867
target_duplicated_37_NC_000087.8_10929245:10929395.fasta,CCNAGGAAACAGGCCAGTGTGGG,22.0224
target_duplicated_37_NC_000087.8_10929245:10929395.fasta,CCNGTGTGGGAGCATTTTGATGG,30.0725
target_duplicated_29_NC_000069.7_26603546:26603696.fasta,TGGGATGGGAGTGGGGTGTGNGG,22.4464
target_duplicated_29_NC_000069.7_26603546:26603696.fasta,TGAGGCCCCAGAGAGTGAGGNGG,320.1022
target_duplicated_29_NC_000069.7_26603546:26603696.fasta,CCTAACTCTGTAGAGACTTGNGG,143.3895
target_duplicated_29_NC_000069.7_26603546:26603696.fasta,ACTTGAGGCCCCAGAGAGTGNGG,943.4075
target_duplicated_29_NC_000069.7_26603546:26603696.fasta,AGGGCCATCCTCCTGAAGAGNGG,1.3947
target_duplicated_29_NC_000069.7_26603546:26603696.fasta,CATCCTCCTGAAGAGAGGAGNGG,2.2386
target_duplicated_29_NC_000069.7_26603546:26603696.fasta,CAGCAGAGGACTGCTTGGTCNGG,178.4479
target_duplicated_29_NC_000069.7_26603546:26603696.fasta,CCCCAGAGAGTGAGGAGGTTNGG,43.1054
target_duplicated_29_NC_000069.7_26603546:26603696.fasta,CAGAGAGTGAGGAGGTTTGGNGG,51.1505
target_duplicated_29_NC_000069.7_26603546:26603696.fasta,GAGGTTTGGTGGGATGGGAGNGG,37.2671
target_duplicated_29_NC_000069.7_26603546:26603696.fasta,ACATACAGCAGAGGACTGCTNGG,1663.704
target_duplicated_29_NC_000069.7_26603546:26603696.fasta,AGAGAGTGAGGAGGTTTGGTNGG,34.4738
target_duplicated_29_NC_000069.7_26603546:26603696.fasta,AGGTTTGGTGGGATGGGAGTNGG,37.4413
target_duplicated_29_NC_000069.7_26603546:26603696.fasta,TGAAGAGAGGAGAGGAGACANGG,21.0968
target_duplicated_29_NC_000069.7_26603546:26603696.fasta,AGTGAGGAGGTTTGGTGGGANGG,46.7156
target_duplicated_29_NC_000069.7_26603546:26603696.fasta,GGGATGGGAGTGGGGTGTGANGG,11.4316
target_duplicated_29_NC_000069.7_26603546:26603696.fasta,GGTTTGGTGGGATGGGAGTGNGG,31.2745
target_duplicated_29_NC_000069.7_26603546:26603696.fasta,CCNAACTCTGTAGAGACTTGAGG,139.2463
target_duplicated_29_NC_000069.7_26603546:26603696.fasta,GTGAGGAGGTTTGGTGGGATNGG,32.1343
target_duplicated_29_NC_000069.7_26603546:26603696.fasta,CCNGAAGAGAGGAGAGGAGACAT,0.0
target_duplicated_29_NC_000069.7_26603546:26603696.fasta,CCNTCCTCCTGAAGAGAGGAGAG,0.6299
target_duplicated_29_NC_000069.7_26603546:26603696.fasta,CCNCCTGAAGAGAGGAGAGGAGA,0.2533
target_duplicated_29_NC_000069.7_26603546:26603696.fasta,CCNAGAGAGTGAGGAGGTTTGGT,1.0209
target_duplicated_29_NC_000069.7_26603546:26603696.fasta,CCNCAGAGAGTGAGGAGGTTTGG,50.6985
target_duplicated_29_NC_000069.7_26603546:26603696.fasta,CCNCAGTGAGAGAAGATGCACCT,0.0
target_duplicated_29_NC_000069.7_26603546:26603696.fasta,CCNGAGAGTGAGGAGGTTTGGTG,2.6036
target_gene_47_11_106146392:106146542.fasta,AACCCACTCACCAGTCTCCTNGG,2.7185
target_gene_47_11_106146392:106146542.fasta,TTTGCCTTTCTTGCCCATGGNGG,2.0331
target_gene_47_11_106146392:106146542.fasta,CACTCTGGGGAGAAAGAAAANGG,1.7444
target_gene_47_11_106146392:106146542.fasta,AGTGATAGAACTTGTCCCGCNGG,1.0
target_gene_47_11_106146392:106146542.fasta,TGGGGGAGTATCACTCACTCNGG,1.0
target_gene_47_11_106146392:106146542.fasta,TTGCCTTTCTTGCCCATGGCNGG,1.1806
target_gene_47_11_106146392:106146542.fasta,TACTTTGCCTTTCTTGCCCANGG,2.3784
target_gene_47_11_106146392:106146542.fasta,CTTTCTTGCCCATGGCGGGANGG,1.0
target_gene_47_11_106146392:106146542.fasta,TCTTGCCCATGGCGGGATGGNGG,1.0
target_gene_47_11_106146392:106146542.fasta,GGGGGAGTATCACTCACTCTNGG,1.0
target_gene_47_11_106146392:106146542.fasta,TTTCTTGCCCATGGCGGGATNGG,1.0
target_gene_47_11_106146392:106146542.fasta,TTCTTGCCCATGGCGGGATGNGG,1.0
target_gene_47_11_106146392:106146542.fasta,CCNTTCTTGCCCATGGCGGGATG,0.039
target_gene_47_11_106146392:106146542.fasta,GGGGAGTATCACTCACTCTGNGG,1.0
target_gene_47_11_106146392:106146542.fasta,CCNACTTTGCCTTTCTTGCCCAT,0.0
target_gene_47_11_106146392:106146542.fasta,CCNTGGCCAAGTGATAGAACTTG,0.058
target_gene_47_11_106146392:106146542.fasta,CCNGTCTCCTTGGCCAAGTGATA,0.0
target_gene_47_11_106146392:106146542.fasta,CCNCCGGCTCTTGCCTACTTTGC,0.0334
target_gene_47_11_106146392:106146542.fasta,CCNCTCACCAGTCTCCTTGGCCA,0.0
target_gene_47_11_106146392:106146542.fasta,CCNGCCGGCTCTTGCCTACTTTG,0.0587
target_gene_47_11_106146392:106146542.fasta,CCNAGTGATAGAACTTGTCCCGC,0.0222
target_gene_47_11_106146392:106146542.fasta,CCNGCTCTTGCCTACTTTGCCTT,0.0
target_gene_47_11_106146392:106146542.fasta,CCNACTCACCAGTCTCCTTGGCC,0.0
target_gene_47_11_106146392:106146542.fasta,CCNATGGCGGGATGGGGGAGTAT,0.0
target_gene_47_11_106146392:106146542.fasta,CCNTGGCGGGATGGGGGAGTATC,0.0
target_gene_44_2_111838721:111838871.fasta,CATGAGCTGACAAAGTGGAGNGG,1.1765
target_gene_44_2_111838721:111838871.fasta,TCCAGATGTGATGTTGGAAANGG,2.1003
target_gene_44_2_111838721:111838871.fasta,AATGACATGAGCTGACAAAGNGG,2.0794
target_gene_44_2_111838721:111838871.fasta,CCATGTATAGAAGAAGATTANGG,1.5638
target_gene_44_2_111838721:111838871.fasta,CCNTACCTAAACTACCCAAAGAT,0.0
target_gene_44_2_111838721:111838871.fasta,ATGAGCTGACAAAGTGGAGANGG,1.1923
target_gene_44_2_111838721:111838871.fasta,CCNAAACTACCCAAAGATTTCTT,0.0
target_gene_44_2_111838721:111838871.fasta,CATGTATAGAAGAAGATTAANGG,1.5804
target_gene_44_2_111838721:111838871.fasta,CCNAAGAACAAAACTACCACAAT,0.0
target_gene_44_2_111838721:111838871.fasta,CCNCAATGACATGAGCTGACAAA,0.0
target_gene_44_2_111838721:111838871.fasta,CCNTGTATAGAAGAAGATTAAGG,1.2609
target_gene_44_2_111838721:111838871.fasta,CCNGATGTGATGTTGGAAATGGC,0.0222
target_gene_44_2_111838721:111838871.fasta,CCNAAAGATTTCTTTTGAACAGT,0.0294
target_gene_44_2_111838721:111838871.fasta,CCNAAGATTTCTTTTGAACAGTC,0.0
target_gene_40_10_80195563:80195713.fasta,CTGCATCCAGCTATGGGTCCNGG,1.0
target_gene_40_10_80195563:80195713.fasta,GCCACCACTGCATCCAGCTANGG,1.0
target_gene_40_10_80195563:80195713.fasta,GGGCAGGGGCTTGGTTGGTCNGG,2.9079
target_gene_40_10_80195563:80195713.fasta,CAAGTGAGTTAAAGTGGGGCNGG,1.0
target_gene_40_10_80195563:80195713.fasta,TGGTGCCAAGTGAGTTAAAGNGG,1.0
target_gene_40_10_80195563:80195713.fasta,CCAGCTATGGGTCCAGGTCTNGG,1.6429
target_gene_40_10_80195563:80195713.fasta,CTTGGTCTGGGCTCCTACCTNGG,4.4289
target_gene_40_10_80195563:80195713.fasta,TATGGGTCCAGGTCTTGGTCNGG,1.0
target_gene_40_10_80195563:80195713.fasta,TGGTTGGTCAGGCACTGGGCNGG,1.4
target_gene_40_10_80195563:80195713.fasta,GTTAAAGTGGGGCAGGGGCTNGG,2.0
target_gene_40_10_80195563:80195713.fasta,GGGCTTGGTTGGTCAGGCACNGG,10.873
target_gene_40_10_80195563:80195713.fasta,AAGTGGGGCAGGGGCTTGGTNGG,2.3244
target_gene_40_10_80195563:80195713.fasta,GGTGCCAAGTGAGTTAAAGTNGG,1.0
target_gene_40_10_80195563:80195713.fasta,ATGGGTCCAGGTCTTGGTCTNGG,1.3796
target_gene_40_10_80195563:80195713.fasta,GCTGGCATGCATGAGAGCCCNGG,1.0
target_gene_40_10_80195563:80195713.fasta,GGCTTGGTTGGTCAGGCACTNGG,2.0008
target_gene_40_10_80195563:80195713.fasta,CCACCACTGCATCCAGCTATNGG,1.9667
target_gene_40_10_80195563:80195713.fasta,GTGCCAAGTGAGTTAAAGTGNGG,1.0
target_gene_40_10_80195563:80195713.fasta,AGTGAGTTAAAGTGGGGCAGNGG,2.5264
target_gene_40_10_80195563:80195713.fasta,CCNCCACTGCATCCAGCTATGGG,1.6122
target_gene_40_10_80195563:80195713.fasta,CCNTGGTGCCAAGTGAGTTAAAG,0.2593
target_gene_40_10_80195563:80195713.fasta,CCNGGGCTGAGATTAAAGATGCC,0.0
target_gene_40_10_80195563:80195713.fasta,AAGTGAGTTAAAGTGGGGCANGG,1.4706
target_gene_40_10_80195563:80195713.fasta,CCNAGTGAGTTAAAGTGGGGCAG,0.3464
target_gene_40_10_80195563:80195713.fasta,CCNGGTCTTGGTCTGGGCTCCTA,0.0
target_gene_40_10_80195563:80195713.fasta,CCNCTGCATCCAGCTATGGGTCC,0.0
target_gene_40_10_80195563:80195713.fasta,CCNACCTTGGTGCCAAGTGAGTT,0.0
target_gene_40_10_80195563:80195713.fasta,CCNCTGGGCTGAGATTAAAGATG,0.5726
target_gene_40_10_80195563:80195713.fasta,CCNGCTATGGGTCCAGGTCTTGG,2.4361
target_gene_40_10_80195563:80195713.fasta,CCNTGGGCTGAGATTAAAGATGC,0.1593
target_intergenic_17_7_68006789:68006939.fasta,CATGCCTACAGTCTCTTTACNGG,2.2
target_intergenic_17_7_68006789:68006939.fasta,CTTCCCTGCTCTCAGTTACANGG,1.7177
target_intergenic_17_7_68006789:68006939.fasta,GCCTACAGTCTCTTTACTGGNGG,1.0
target_intergenic_17_7_68006789:68006939.fasta,TTCCCTGCTCTCAGTTACATNGG,1.4815
target_intergenic_17_7_68006789:68006939.fasta,CCNCCCCCCTTCCCTGCTCTCAG,2.6603
target_intergenic_17_7_68006789:68006939.fasta,CTACAGTCTCTTTACTGGAGNGG,1.0
target_intergenic_17_7_68006789:68006939.fasta,CCTACAGTCTCTTTACTGGANGG,2.3152
target_intergenic_17_7_68006789:68006939.fasta,CCNTCCCTGCTCTCAGTTACATG,0.0567
target_intergenic_17_7_68006789:68006939.fasta,CCNCTGATGTGATTTCCCAGTCA,0.0
target_intergenic_17_7_68006789:68006939.fasta,CCNTTGAAACTTGACCGATAGCA,0.0
target_intergenic_17_7_68006789:68006939.fasta,CCNACAGTCTCTTTACTGGAGGG,1.0
target_intergenic_17_7_68006789:68006939.fasta,CCNGCTCTCAGTTACATGGGAGA,0.1389
target_intergenic_17_7_68006789:68006939.fasta,CCNGTCAGTCTGTACATGCCTAC,0.0
target_intergenic_17_7_68006789:68006939.fasta,CCNCCCTTCCCTGCTCTCAGTTA,0.0
target_intergenic_17_7_68006789:68006939.fasta,CCNTAGTTCCCTCTGATGTGATT,0.0
target_intergenic_17_7_68006789:68006939.fasta,CCNTTCCCTGCTCTCAGTTACAT,0.0
target_intergenic_17_7_68006789:68006939.fasta,CCNATAGCACCATAGTTCCCTCT,0.0
target_intergenic_17_7_68006789:68006939.fasta,CCNTGCTCTCAGTTACATGGGAG,0.407
target_intergenic_17_7_68006789:68006939.fasta,CCNCTTCCCTGCTCTCAGTTACA,0.0
target_intergenic_17_7_68006789:68006939.fasta,CCNCCTTCCCTGCTCTCAGTTAC,0.0
target_intergenic_17_7_68006789:68006939.fasta,CCNAGTCAGTCTGTACATGCCTA,0.0
target_intergenic_17_7_68006789:68006939.fasta,CCNTCTGATGTGATTTCCCAGTC,0.0
target_gene_32_13_95838240:95838390.fasta,GTGCTGGGTTCAACCAGGTCNGG,1.6769
target_gene_32_13_95838240:95838390.fasta,CCCAAGTGCTGGGTTCAACCNGG,1.1103
target_gene_32_13_95838240:95838390.fasta,CCNCCCAAGTGCTGGGTTCAACC,0.0
target_gene_32_13_95838240:95838390.fasta,CCNGGTCTGGCAAGCGCTCCATT,0.0
target_gene_32_13_95838240:95838390.fasta,CCNTGAACTCACAGAGATCTGCC,0.0
target_gene_32_13_95838240:95838390.fasta,CCNGGTTAGCCTTGAACTCACAG,1072.857
target_gene_32_13_95838240:95838390.fasta,CCNAAGTGCTGGGTTCAACCAGG,1.5294
target_gene_32_13_95838240:95838390.fasta,TGCTTCTGCCTCCCAAGTGCNGG,71731.9964
target_gene_32_13_95838240:95838390.fasta,GCTTCTGCCTCCCAAGTGCTNGG,62327.9987
target_gene_32_13_95838240:95838390.fasta,CCNCTGCAACAGTGCTTTATACT,0.0
target_gene_32_13_95838240:95838390.fasta,CCNTTTTTCAGCTCCTCTGCAAC,0.0
target_gene_32_13_95838240:95838390.fasta,CCNGCTTCTGCCTCCCAAGTGCT,0.0
target_gene_32_13_95838240:95838390.fasta,CCNAGTGCTGGGTTCAACCAGGT,0.0267
target_gene_13_4_147407534:147407684.fasta,GATGATACCATTTCTTAAAANGG,21.4613
target_gene_13_4_147407534:147407684.fasta,CCNTTTACTGAGAGAAGAGAACA,0.0
target_gene_13_4_147407534:147407684.fasta,CCNGGATGTAGTCCTCAAATATA,0.0
target_gene_13_4_147407534:147407684.fasta,CCNCAAATATATACATTACAGTG,0.5791
target_gene_13_4_147407534:147407684.fasta,CCNTTAACTCATCTACCTTTTAC,0.0
target_gene_13_4_147407534:147407684.fasta,CCNTTTCTTAAAATGGCCTCATA,0.0
target_intergenic_12_13_79084003:79084153.fasta,CAGAAAGGTATTTAATGATANGG,1.0
target_intergenic_12_13_79084003:79084153.fasta,AATTTATTATTGGAACAGAANGG,2.6303
target_intergenic_12_13_79084003:79084153.fasta,ACAGAAAGGTATTTAATGATNGG,3.1439
target_intergenic_12_13_79084003:79084153.fasta,CCNTTTTTCAACATCCAGCTTTG,0.0751
target_intergenic_12_13_79084003:79084153.fasta,CCNGCTTTGCTAGAATTATTTAG,0.5975
target_intergenic_40_13_112955825:112955975.fasta,ATTGCTGTTTGCGGTCAGTGNGG,1.2283
target_intergenic_40_13_112955825:112955975.fasta,TTGCTGTTTGCGGTCAGTGTNGG,1.0588
target_intergenic_40_13_112955825:112955975.fasta,CCNAGCTGTGTGAAAGATTGCTG,0.0786
target_intergenic_40_13_112955825:112955975.fasta,GTGTGAAAGATTGCTGTTTGNGG,1.0
target_intergenic_40_13_112955825:112955975.fasta,CCNTAGCTGTGTGAAAGATTGCT,0.0
target_intergenic_40_13_112955825:112955975.fasta,CCNCCTTTCAGCTGTACATTACT,0.0
target_intergenic_40_13_112955825:112955975.fasta,CCNTTCAGCTGTACATTACTTTT,0.0
target_intergenic_40_13_112955825:112955975.fasta,CCNTTTCCCTTCTCTTTCTTTTG,1.1074
target_intergenic_40_13_112955825:112955975.fasta,CCNTTCTCTTTCTTTTGATGTTG,0.2852
target_intergenic_13_7_73148268:73148418.fasta,CCNCAGCAAATTCCAATGAGAAG,0.6614
target_intergenic_13_7_73148268:73148418.fasta,TTTCTCTAAGATAAAGTCCANGG,1.2991
target_intergenic_13_7_73148268:73148418.fasta,CCNGTTTATTCAGTTTCTAAATT,0.0
target_intergenic_13_7_73148268:73148418.fasta,CCNAGGAATCAAGCATATTTCCA,0.0
target_intergenic_13_7_73148268:73148418.fasta,CCNGACCTCAGCAAATTCCAATG,0.0595
target_intergenic_13_7_73148268:73148418.fasta,CCNATGAGAAGAAAAGACTTGTT,0.0
target_intergenic_35_10_22507812:22507962.fasta,ATCTCTCCTGCCACGGTGAANGG,1.0
target_intergenic_35_10_22507812:22507962.fasta,TGTCTAGAATCCCAGTACCCNGG,7.28
target_intergenic_35_10_22507812:22507962.fasta,CAGGAGGCAGAAGCCGAAATNGG,1.2308
target_intergenic_35_10_22507812:22507962.fasta,GGCAGAAGCCGAAATAGGTGNGG,1.0
target_intergenic_35_10_22507812:22507962.fasta,CTAGAATCCCAGTACCCAGGNGG,46.4517
target_intergenic_35_10_22507812:22507962.fasta,GAGGCCACTAAACCCCAGCCNGG,1.3889
target_intergenic_35_10_22507812:22507962.fasta,CCNGCCACGGTGAAAGGTTTTAA,0.0
target_intergenic_35_10_22507812:22507962.fasta,CCNCCATGATGGTTCATGTCTAG,0.463
target_intergenic_35_10_22507812:22507962.fasta,TGATTTTAAGCCCTCCATGANGG,1.4286
target_intergenic_35_10_22507812:22507962.fasta,CCNAAATAGGTGAGGCCACTAAA,0.0
target_intergenic_35_10_22507812:22507962.fasta,CCNTGATGGTTCATGTCTAGAAT,0.0
target_intergenic_35_10_22507812:22507962.fasta,CCNGGAGGCAGAAGCCGAAATAG,1.5035
target_intergenic_35_10_22507812:22507962.fasta,CCNCGGTGAAAGGTTTTAAAATT,0.0
target_intergenic_35_10_22507812:22507962.fasta,CCNGCCAGGTCTACCTATGAGCT,0.0
target_intergenic_35_10_22507812:22507962.fasta,CCNCTAAACCCCAGCCAGGTCTA,0.0
target_intergenic_35_10_22507812:22507962.fasta,CCNGTACCCAGGAGGCAGAAGCC,0.0
target_intergenic_35_10_22507812:22507962.fasta,CCNAGGAGGCAGAAGCCGAAATA,0.0
target_intergenic_35_10_22507812:22507962.fasta,CCNCAGCCAGGTCTACCTATGAG,0.363
target_intergenic_35_10_22507812:22507962.fasta,CCNTCCATGATGGTTCATGTCTA,0.0
target_intergenic_35_10_22507812:22507962.fasta,CCNAGCCAGGTCTACCTATGAGC,0.0222
target_intergenic_35_10_22507812:22507962.fasta,CCNAGTACCCAGGAGGCAGAAGC,34.5106
target_intergenic_2_2_151902519:151902669.fasta,ACATAGGGAAGCTCAGTGCTNGG,1.0
target_intergenic_2_2_151902519:151902669.fasta,GCAAATGCAATACAATACATNGG,2.0561
target_intergenic_2_2_151902519:151902669.fasta,AGTGCTAGGTGTGGTGGGGCNGG,1.7193
target_intergenic_2_2_151902519:151902669.fasta,CTTCCTGGAAAGAAATCAAANGG,1.2017
target_intergenic_2_2_151902519:151902669.fasta,AAGAAATCAAAAGGATCCCCNGG,2.3782
target_intergenic_2_2_151902519:151902669.fasta,TGCAGTGGCATGTAGCTTCCNGG,1.619
target_intergenic_2_2_151902519:151902669.fasta,GGGAAGCTCAGTGCTAGGTGNGG,1.8829
target_intergenic_2_2_151902519:151902669.fasta,CAAATGCAATACAATACATANGG,1.8571
target_intergenic_2_2_151902519:151902669.fasta,CAGCAACTGAGAGACTGAGANGG,4.7978
target_intergenic_2_2_151902519:151902669.fasta,TAGGTGTGGTGGGGCAGGCCNGG,2.7616
target_intergenic_2_2_151902519:151902669.fasta,AGCTCAGTGCTAGGTGTGGTNGG,1.0
target_intergenic_2_2_151902519:151902669.fasta,CCNGGAAAGAAATCAAAAGGATC,0.0
target_intergenic_2_2_151902519:151902669.fasta,AAGCTCAGTGCTAGGTGTGGNGG,2.7843
target_intergenic_2_2_151902519:151902669.fasta,CCNGGCAAATGCAATACAATACA,0.0
target_intergenic_2_2_151902519:151902669.fasta,CCNCTGGCAAATGCAATACAATA,0.0
target_intergenic_2_2_151902519:151902669.fasta,AGCAACTGAGAGACTGAGACNGG,15.84
target_intergenic_2_2_151902519:151902669.fasta,GCTCAGTGCTAGGTGTGGTGNGG,1.3665
target_intergenic_2_2_151902519:151902669.fasta,CCNTGGCAAATGCAATACAATAC,0.0
target_intergenic_2_2_151902519:151902669.fasta,CCNGCAACTGAGAGACTGAGACG,0.3151
target_intergenic_2_2_151902519:151902669.fasta,CCNGGAATCCCAGCAACTGAGAG,13.8146
target_intergenic_2_2_151902519:151902669.fasta,CCNAGCAACTGAGAGACTGAGAC,0.0
target_intergenic_10_4_59280999:59281149.fasta,AAAAGGGAACACGAGGAACGNGG,1.0
target_intergenic_10_4_59280999:59281149.fasta,GTTTGGTCTGTTTACAAGTCNGG,1.5714
target_intergenic_10_4_59280999:59281149.fasta,AAAGGGAACACGAGGAACGANGG,1.1026
target_intergenic_10_4_59280999:59281149.fasta,ACCGGTCATCTGCTCCTGTTNGG,1.1286
target_intergenic_10_4_59280999:59281149.fasta,ATGAAGCAAAAGGGAACACGNGG,1.0
target_intergenic_10_4_59280999:59281149.fasta,AAGTCAGGAAATGAAGCAAANGG,4.9181
target_intergenic_10_4_59280999:59281149.fasta,AAGGGAACACGAGGAACGAGNGG,1.1147
target_intergenic_10_4_59280999:59281149.fasta,CCNTGGTTTTCTCACATCTTATC,0.0
target_intergenic_10_4_59280999:59281149.fasta,AGTCAGGAAATGAAGCAAAANGG,3.0978
target_intergenic_10_4_59280999:59281149.fasta,AGAAGTTTCTCTGAGCACCGNGG,1.1494
target_intergenic_10_4_59280999:59281149.fasta,CCNGTCATCTGCTCCTGTTTGGT,0.0641
target_intergenic_10_4_59280999:59281149.fasta,CCNGTTTGGTCTGTTTACAAGTC,0.0
target_gene_39_17_48656922:48657072.fasta,TCAAAGGAGATCATGGGGTANGG,1.0
target_gene_39_17_48656922:48657072.fasta,GTGCTGTCTGTCTCTCTACCNGG,2.0556
target_gene_39_17_48656922:48657072.fasta,TCATCTCTCAAAGGAGATCANGG,2.0307
target_gene_39_17_48656922:48657072.fasta,TCCCTTGCCTCATCTCTCAANGG,1.5348
target_gene_39_17_48656922:48657072.fasta,CCNGGGCAATGTGCTGTCTATCT,0.0
target_gene_39_17_48656922:48657072.fasta,CATCTCTCAAAGGAGATCATNGG,1.3025
target_gene_39_17_48656922:48657072.fasta,ATCTCTCAAAGGAGATCATGNGG,1.0
target_gene_39_17_48656922:48657072.fasta,TGCTGTCTGTCTCTCTACCTNGG,2.0246
target_gene_39_17_48656922:48657072.fasta,CCNAACATATACAGACTCCATCC,0.0
target_gene_39_17_48656922:48657072.fasta,CCNTGCCTCATCTCTCAAAGGAG,0.9015
target_gene_39_17_48656922:48657072.fasta,CCNCATCTCTCAAAGGAGATCAT,0.0
target_gene_39_17_48656922:48657072.fasta,CCNTTGCCTCATCTCTCAAAGGA,0.208
target_gene_39_17_48656922:48657072.fasta,CCNCCCTTGCCTCATCTCTCAAA,0.0
target_gene_39_17_48656922:48657072.fasta,CCNGCCTCCCTTGCCTCATCTCT,0.0
target_gene_39_17_48656922:48657072.fasta,CCNTCCTAAGCACCCCAGAAGAA,0.0
target_gene_39_17_48656922:48657072.fasta,CCNGGCAATGTGCTGTCTGTCTC,0.0
target_gene_16_3_103657697:103657847.fasta,TCCCTGAACCACTAACATGCNGG,2.0882
target_gene_16_3_103657697:103657847.fasta,AGTCAGGCGCTGGGATTGTANGG,1.3702
target_gene_16_3_103657697:103657847.fasta,CACTAACATGCTGGACCAAANGG,1.4375
target_gene_16_3_103657697:103657847.fasta,ATGTTTTACTTTTTACAGTCNGG,1.6221
target_gene_16_3_103657697:103657847.fasta,ACTTTTTACAGTCAGGCGCTNGG,1.0
target_gene_16_3_103657697:103657847.fasta,TACTTTTTACAGTCAGGCGCNGG,1.0
target_gene_16_3_103657697:103657847.fasta,ACTAACATGCTGGACCAAATNGG,1.0
target_gene_16_3_103657697:103657847.fasta,CCNGTACCAACATAAAGAAACAG,0.6912
target_gene_16_3_103657697:103657847.fasta,CCNGAACCACTAACATGCTGGAC,0.0
target_gene_16_3_103657697:103657847.fasta,CCNACATAAAGAAACAGAAGAGT,0.0726
target_gene_16_3_103657697:103657847.fasta,CCNCTATGTTTTACTTTTTACAG,1.0756
target_gene_16_3_103657697:103657847.fasta,CCNAATGGGTATTAAAGCCATTT,0.0
target_gene_16_3_103657697:103657847.fasta,CCNCTAACATGCTGGACCAAATG,0.0643
target_gene_16_3_103657697:103657847.fasta,CCNCCGCTATGTTTTACTTTTTA,0.0
target_gene_16_3_103657697:103657847.fasta,CCNTTTAACCACCGCTATGTTTT,0.0
target_gene_16_3_103657697:103657847.fasta,CCNTGAACCACTAACATGCTGGA,0.1091
target_gene_35_11_72335505:72335655.fasta,TACCTTCCTAGAGGGGTGCCNGG,1.4239
target_gene_35_11_72335505:72335655.fasta,ATACGTGGGTACCTTCCTAGNGG,1.0
target_gene_35_11_72335505:72335655.fasta,GGTGCCAGGATGACCCTAAGNGG,1.3251
target_gene_35_11_72335505:72335655.fasta,TTTACAACCATCACCAATCANGG,2.633
target_gene_35_11_72335505:72335655.fasta,TAAGCGGCAGTTGACTATGANGG,1.0
target_gene_35_11_72335505:72335655.fasta,CCAGAGATAAGTACATACGTNGG,1.1071
target_gene_35_11_72335505:72335655.fasta,GCGGCAGTTGACTATGATGGNGG,1.0
target_gene_35_11_72335505:72335655.fasta,CCCAGAGATAAGTACATACGNGG,1.0487
target_gene_35_11_72335505:72335655.fasta,ACGTGGGTACCTTCCTAGAGNGG,1.0
target_gene_35_11_72335505:72335655.fasta,CCNTCCTAGAGGGGTGCCAGGAT,0.0
target_gene_35_11_72335505:72335655.fasta,TACGTGGGTACCTTCCTAGANGG,1.0
target_gene_35_11_72335505:72335655.fasta,CCNAAGCGGCAGTTGACTATGAT,0.0
target_gene_35_11_72335505:72335655.fasta,CCNATTTAAGATCATCCCAGAGA,0.2102
target_gene_35_11_72335505:72335655.fasta,CCNAAACCTATTTAAGATCATCC,0.0
target_gene_35_11_72335505:72335655.fasta,CCNGGATGACCCTAAGCGGCAGT,0.0161
target_gene_35_11_72335505:72335655.fasta,CCNAGAGGGGTGCCAGGATGACC,0.0
target_gene_35_11_72335505:72335655.fasta,CCNTTACAACCATCACCAATCAA,0.0
target_gene_35_11_72335505:72335655.fasta,CCNATCAAGGTCTCCCTGTCATG,0.0501
target_gene_35_11_72335505:72335655.fasta,CCNAAAACCTATTTAAGATCATC,0.0
target_gene_35_11_72335505:72335655.fasta,CCNGAGATAAGTACATACGTGGG,1.1071
target_gene_35_11_72335505:72335655.fasta,CCNTAAGCGGCAGTTGACTATGA,0.0694
target_gene_35_11_72335505:72335655.fasta,CCNTCACCAATCAAGGTCTCCCT,0.0
target_gene_35_11_72335505:72335655.fasta,CCNCAAAACCTATTTAAGATCAT,0.0
target_gene_35_11_72335505:72335655.fasta,CCNAGAGATAAGTACATACGTGG,1.0487
target_intergenic_31_11_71547431:71547581.fasta,GTGGTCAAACTCGCATCATCNGG,1.0
target_intergenic_31_11_71547431:71547581.fasta,CATGTGCCATACCGCATATGNGG,1.4941
target_intergenic_31_11_71547431:71547581.fasta,AAAACCCATCTTTCAGGACTNGG,1.0
target_intergenic_31_11_71547431:71547581.fasta,CCTTCCATTGTGGATTCTGGNGG,11.5409
target_intergenic_31_11_71547431:71547581.fasta,TTCCCTTCCATTGTGGATTCNGG,4.0816
target_intergenic_31_11_71547431:71547581.fasta,AAAAAAAAAACCCATCTTTCNGG,7.6605
target_intergenic_31_11_71547431:71547581.fasta,CCNTCCATTGTGGATTCTGGTGG,4.294
target_intergenic_31_11_71547431:71547581.fasta,CCNTACCGCATATGTGGAGTCAA,0.0
target_intergenic_31_11_71547431:71547581.fasta,CCNTCTTTCAGGACTTGGTTCTT,0.0
target_intergenic_31_11_71547431:71547581.fasta,TTGGTTCTTCCCTTCCATTGNGG,10.6192
target_intergenic_31_11_71547431:71547581.fasta,CCNTTGTGGATTCTGGTGGTCAA,0.0
target_intergenic_31_11_71547431:71547581.fasta,CCNTTCCATTGTGGATTCTGGTG,0.1188
target_intergenic_31_11_71547431:71547581.fasta,CCNCATATGTGGAGTCAAAAAAA,0.0
target_intergenic_31_11_71547431:71547581.fasta,CCNATCTTTCAGGACTTGGTTCT,0.0
target_duplicated_24_NC_000085.7_23031649:23031799.fasta,ATAGAAGAATGGAGAGAAGGNGG,10.4778
target_duplicated_24_NC_000085.7_23031649:23031799.fasta,AGGATAGAAGAATGGAGAGANGG,7.6303
target_duplicated_24_NC_000085.7_23031649:23031799.fasta,TGGAGAGAAGGAGGGAGAGANGG,749.9933
target_duplicated_24_NC_000085.7_23031649:23031799.fasta,AGAGAAGGAGGGAGAGAAGGNGG,1915.8172
target_duplicated_24_NC_000085.7_23031649:23031799.fasta,GAGAAGGAGGGAGGGAGGATNGG,423.2866
target_duplicated_24_NC_000085.7_23031649:23031799.fasta,TAGGAGGGATGATAGGAGGANGG,4.0418
target_duplicated_24_NC_000085.7_23031649:23031799.fasta,AAGGAGGGAGGGAGGATAGGNGG,143.5523
target_duplicated_24_NC_000085.7_23031649:23031799.fasta,AGGGAGAAAGGGATGGAAAGNGG,55.3861
target_duplicated_24_NC_000085.7_23031649:23031799.fasta,GGGATGATAGGAGGAAGGGANGG,20.2703
target_duplicated_24_NC_000085.7_23031649:23031799.fasta,AGAAAGGGATGGAAAGAGGGNGG,152.6003
target_duplicated_24_NC_000085.7_23031649:23031799.fasta,AAGGAGGGAGAGAAGGAGGGNGG,5814.5172
target_duplicated_24_NC_000085.7_23031649:23031799.fasta,GGGAGGATAGGAGGGATGATNGG,3.5174
target_duplicated_24_NC_000085.7_23031649:23031799.fasta,ATGATAGGAGGAAGGGAAGGNGG,14.489
target_duplicated_24_NC_000085.7_23031649:23031799.fasta,GGATGGAAAGAGGGAGGGGGNGG,94.3745
target_duplicated_24_NC_000085.7_23031649:23031799.fasta,AGGGAGAGAAGGAGGGAGGGNGG,78332.2926
target_duplicated_24_NC_000085.7_23031649:23031799.fasta,AGGATAGGAGGGATGATAGGNGG,1.8328
target_duplicated_24_NC_000085.7_23031649:23031799.fasta,GGGGAGGGAGGGAGAGAAGGNGG,4311.1848
target_duplicated_24_NC_000085.7_23031649:23031799.fasta,TAGAAGAATGGAGAGAAGGANGG,25.5383
target_duplicated_24_NC_000085.7_23031649:23031799.fasta,AGGAAGGGAAGGAGGGAGAANGG,1704.568
target_duplicated_24_NC_000085.7_23031649:23031799.fasta,AGGAGGGATGATAGGAGGAANGG,7.4786
target_duplicated_24_NC_000085.7_23031649:23031799.fasta,GAAAGGGATGGAAAGAGGGANGG,137.8401
target_duplicated_24_NC_000085.7_23031649:23031799.fasta,GGAAAGAGGGAGGGGGAGGGNGG,858.8063
target_duplicated_24_NC_000085.7_23031649:23031799.fasta,GAAAGAGGGAGGGGGAGGGANGG,1095.9769
target_duplicated_24_NC_000085.7_23031649:23031799.fasta,GAGGGAGAGAAGGAGGAGGGNGG,992.619
target_duplicated_24_NC_000085.7_23031649:23031799.fasta,GAGGGAGGGAGAGAAGGAGGNGG,5574.9952
target_duplicated_24_NC_000085.7_23031649:23031799.fasta,GAGGGGGAGGGAGGGAGAGANGG,7942.8495
target_duplicated_24_NC_000085.7_23031649:23031799.fasta,GAGAAGGAGGGAGAGAAGGANGG,2007.7696
target_duplicated_24_NC_000085.7_23031649:23031799.fasta,TGATAGGAGGAAGGGAAGGANGG,39.3562
target_duplicated_24_NC_000085.7_23031649:23031799.fasta,AAAGGGATGGAAAGAGGGAGNGG,64.7819
target_duplicated_24_NC_000085.7_23031649:23031799.fasta,GGGAAGGAGGGAGAAAGGGANGG,4108.7452
target_duplicated_24_NC_000085.7_23031649:23031799.fasta,AGGAGGGAGAGAAGGAGGGANGG,7712.0406
target_duplicated_24_NC_000085.7_23031649:23031799.fasta,AGGAGGGAGGGAGGATAGGANGG,74.1834
target_duplicated_24_NC_000085.7_23031649:23031799.fasta,GGGAGAAAGGGATGGAAAGANGG,68.9955
target_duplicated_24_NC_000085.7_23031649:23031799.fasta,AGGGAGGGAGAGAAGGAGGANGG,7417.5612
target_duplicated_24_NC_000085.7_23031649:23031799.fasta,GATGGAAAGAGGGAGGGGGANGG,170.7406
target_duplicated_24_NC_000085.7_23031649:23031799.fasta,GGAAGGGAAGGAGGGAGAAANGG,920.1007
target_duplicated_24_NC_000085.7_23031649:23031799.fasta,AAGGGATGGAAAGAGGGAGGNGG,79.6515
target_duplicated_24_NC_000085.7_23031649:23031799.fasta,AGGGAGAGAAGGAGGAGGGANGG,777.8475
target_intergenic_33_11_83483023:83483173.fasta,GACAGCAACCATGATAGTGANGG,1.016
target_intergenic_33_11_83483023:83483173.fasta,TGACAGCAACCATGATAGTGNGG,1.1231
target_intergenic_33_11_83483023:83483173.fasta,CCNACCCTAATCCCACCACTCAC,0.0
target_intergenic_33_11_83483023:83483173.fasta,AAAATATACAAAATCATTGANGG,2.3543
target_intergenic_33_11_83483023:83483173.fasta,CCNCCACTCACTAGCCTTAATCT,0.0
target_intergenic_33_11_83483023:83483173.fasta,CCNAATCCCACCACTCACTAGCC,0.0
target_intergenic_33_11_83483023:83483173.fasta,CCNCTCACTAGCCTTAATCTTAA,0.0
target_intergenic_33_11_83483023:83483173.fasta,CCNTAATCTTAAACTTCTGATAT,0.0
target_intergenic_33_11_83483023:83483173.fasta,CCNTAATCCCACCACTCACTAGC,0.1117
target_intergenic_33_11_83483023:83483173.fasta,CCNACCACTCACTAGCCTTAATC,0.0
target_intergenic_33_11_83483023:83483173.fasta,CCNTACCCTAATCCCACCACTCA,0.0
target_intergenic_33_11_83483023:83483173.fasta,CCNTGATAGTGAGGGAAAATATA,0.0
target_intergenic_22_14_114139859:114140009.fasta,CTTATCTGCAAGCTAGGTTANGG,1.0
target_intergenic_22_14_114139859:114140009.fasta,AATGAGCTTATCTGCAAGCTNGG,1.772
target_intergenic_22_14_114139859:114140009.fasta,TCTTTGATTGTTTCATCTCTNGG,2.106
target_intergenic_22_14_114139859:114140009.fasta,TACATTTGGCATCATCTGCANGG,8.263
target_intergenic_22_14_114139859:114140009.fasta,GTTTCATCTCTTGGTACATTNGG,1.5587
target_intergenic_22_14_114139859:114140009.fasta,ATGGCAAAATCAGTAAGAAGNGG,7.4409
target_intergenic_22_14_114139859:114140009.fasta,CCNACCCAAAGCCAGTAAATGAG,0.4613
target_intergenic_22_14_114139859:114140009.fasta,CCNGTAAATGAGCTTATCTGCAA,0.0
target_intergenic_22_14_114139859:114140009.fasta,CCNAAGCCAGTAAATGAGCTTAT,0.0
target_intergenic_22_14_114139859:114140009.fasta,CCNAACCCAAAGCCAGTAAATGA,0.0694
target_intergenic_22_14_114139859:114140009.fasta,CCNAAAGCCAGTAAATGAGCTTA,0.0
target_intergenic_22_14_114139859:114140009.fasta,CCNTGACAGATAATTCTTTGATT,0.0
target_intergenic_22_14_114139859:114140009.fasta,CCNCAACCCAAAGCCAGTAAATG,0.039
target_gene_4_15_74916498:74916648.fasta,AAGGGGGAGGAACGTGGCTGNGG,1.5994
target_gene_4_15_74916498:74916648.fasta,ATCCACCAATGGGGGTGAGANGG,5.0256
target_gene_4_15_74916498:74916648.fasta,TGGCTGAGGTTACATAAAGANGG,1.75
target_gene_4_15_74916498:74916648.fasta,CAATGGGGGTGAGAAGGGGGNGG,5.0962
target_gene_4_15_74916498:74916648.fasta,GCAACCAACCAGTGCTCACCNGG,2.2143
target_gene_4_15_74916498:74916648.fasta,CCTGGATTCCTATCCACCAANGG,3.0
target_gene_4_15_74916498:74916648.fasta,GCTCACCAGGCAGAGGACAGNGG,2.022
target_gene_4_15_74916498:74916648.fasta,AACCAGTGCTCACCAGGCAGNGG,5.0208
target_gene_4_15_74916498:74916648.fasta,TGGATTCCTATCCACCAATGNGG,3.0
target_gene_4_15_74916498:74916648.fasta,CTGGATTCCTATCCACCAATNGG,3.0
target_gene_4_15_74916498:74916648.fasta,ACCAGCCACCCCACAAGCTCNGG,5.0
target_gene_4_15_74916498:74916648.fasta,GGTGAGAAGGGGGAGGAACGNGG,8.1093
target_gene_4_15_74916498:74916648.fasta,CACCAATGGGGGTGAGAAGGNGG,6.0039
target_gene_4_15_74916498:74916648.fasta,CCACCAATGGGGGTGAGAAGNGG,5.3073
target_gene_4_15_74916498:74916648.fasta,TCCACCAATGGGGGTGAGAANGG,5.245
target_gene_4_15_74916498:74916648.fasta,GGATTCCTATCCACCAATGGNGG,3.0
target_gene_4_15_74916498:74916648.fasta,CCNATCCACCAATGGGGGTGAGA,0.2083
target_gene_4_15_74916498:74916648.fasta,CCNGGATTCCTATCCACCAATGG,3.0
target_gene_4_15_74916498:74916648.fasta,CCNCCAATGGGGGTGAGAAGGGG,5.3206
target_gene_4_15_74916498:74916648.fasta,CCAGCCACCCCACAAGCTCTNGG,4.6462
target_gene_4_15_74916498:74916648.fasta,CCNGTGCTCACCAGGCAGAGGAC,0.0
target_gene_4_15_74916498:74916648.fasta,CCNACCAGTGCTCACCAGGCAGA,0.245
target_gene_4_15_74916498:74916648.fasta,CCNGGCAGAGGACAGAGGTCTTA,0.0
target_gene_4_15_74916498:74916648.fasta,CCNATGGGGGTGAGAAGGGGGAG,0.9851
target_gene_4_15_74916498:74916648.fasta,CCNTGGATTCCTATCCACCAATG,0.1169
target_gene_4_15_74916498:74916648.fasta,CCNCCCCACAAGCTCTGGGTTCA,0.0
target_gene_4_15_74916498:74916648.fasta,CCNGCCACCCCACAAGCTCTGGG,4.3
target_gene_43_X_5379581:5379731.fasta,TTAACAAGGGACCAATATGANGG,1.8789
target_gene_43_X_5379581:5379731.fasta,TCCTATTCCTGGGCTTTTCANGG,1.3673
target_gene_43_X_5379581:5379731.fasta,ACCTAACAGCATCCTATTCCNGG,1.8
target_gene_43_X_5379581:5379731.fasta,ATTCAGATCCAAACTTAACANGG,3.3881
target_gene_43_X_5379581:5379731.fasta,CCNAACAGCATCCTATTCCTGGG,1.8571
target_gene_43_X_5379581:5379731.fasta,CCTAACAGCATCCTATTCCTNGG,1.8571
target_gene_43_X_5379581:5379731.fasta,CCNATTCCTGGGCTTTTCAAGGT,0.0309
target_gene_43_X_5379581:5379731.fasta,TTCAGATCCAAACTTAACAANGG,2.5409
target_gene_43_X_5379581:5379731.fasta,CCNTCAATGACTTGCCCCTATTC,0.0
target_gene_43_X_5379581:5379731.fasta,CCNGGGCTTTTCAAGGTATCACT,0.0
target_gene_43_X_5379581:5379731.fasta,CCNAACTTAACAAGGGACCAATA,0.0
target_gene_43_X_5379581:5379731.fasta,CCNCTATTCAGATCCAAACTTAA,0.0
target_gene_43_X_5379581:5379731.fasta,CCNATTCAGATCCAAACTTAACA,0.0
target_gene_43_X_5379581:5379731.fasta,CCNATATGAAGGTAAACCATTCT,0.0
target_gene_43_X_5379581:5379731.fasta,CCNTATTCAGATCCAAACTTAAC,0.0
target_gene_43_X_5379581:5379731.fasta,CCNTTCTTTATGTCAACACAATA,0.0
target_gene_49_7_103319794:103319944.fasta,AGATGGCCACTCCGATTTTCNGG,3.0
target_gene_49_7_103319794:103319944.fasta,TCTGTCATTGGTTAGGATGGNGG,3.0
target_gene_49_7_103319794:103319944.fasta,AGGATGGAGGAATAGCGTAGNGG,3.0756
target_gene_49_7_103319794:103319944.fasta,TCAGGATTCTGTCATTGGTTNGG,2.875
target_gene_49_7_103319794:103319944.fasta,AATGGCAATGTAGCGATCAANGG,10.4869
target_gene_49_7_103319794:103319944.fasta,GATCAAAGGACATGGCGAGGNGG,3.4962
target_gene_49_7_103319794:103319944.fasta,AGCGATCAAAGGACATGGCGNGG,3.3576
target_gene_49_7_103319794:103319944.fasta,GGACATGGCGAGGAGGACAGNGG,2.0
target_gene_49_7_103319794:103319944.fasta,GAGGACAGAGGACTCCATGANGG,3.341
target_gene_49_7_103319794:103319944.fasta,GATTCTGTCATTGGTTAGGANGG,2.8
target_gene_49_7_103319794:103319944.fasta,ATAGCGTAGAGGGTTGCAAANGG,3.6515
target_gene_49_7_103319794:103319944.fasta,AATGTAGCGATCAAAGGACANGG,3.6676
target_gene_49_7_103319794:103319944.fasta,GATTTTCAGGATTCTGTCATNGG,3.2571
target_gene_49_7_103319794:103319944.fasta,GGATGGAGGAATAGCGTAGANGG,3.0
target_gene_49_7_103319794:103319944.fasta,CCNACATAAGATGGCCACTCCGA,0.2083
target_gene_49_7_103319794:103319944.fasta,CCNATTTTCAGGATTCTGTCATT,0.0
target_gene_49_7_103319794:103319944.fasta,CCNTGAAGGACAAACCATGGATG,0.1009
target_gene_49_7_103319794:103319944.fasta,ACTCCATGAAGGACAAACCANGG,2.8884
target_gene_49_7_103319794:103319944.fasta,CCNCTCCGATTTTCAGGATTCTG,0.0896
target_duplicated_14_NC_000087.8_12645402:12645552.fasta,ATCAGATGGCGAGAAAAGAANGG,13.3024
target_duplicated_14_NC_000087.8_12645402:12645552.fasta,ACCAGCCCTTTCTTGATGCCNGG,11.78
target_duplicated_14_NC_000087.8_12645402:12645552.fasta,GAGAGTTTTTGCTTGTAAAGNGG,2.0
target_duplicated_14_NC_000087.8_12645402:12645552.fasta,TTTTTGCTTGTAAAGAGGGTNGG,3.1875
target_duplicated_14_NC_000087.8_12645402:12645552.fasta,AGAGTTTTTGCTTGTAAAGANGG,5.37
target_duplicated_14_NC_000087.8_12645402:12645552.fasta,CCNTTCTGTTTAAAGCCTCTGAA,0.0
target_duplicated_14_NC_000087.8_12645402:12645552.fasta,TCAGATGGCGAGAAAAGAATNGG,9.895
target_duplicated_14_NC_000087.8_12645402:12645552.fasta,TGATGCCTGGAGACAGCTCGNGG,2.4219
target_duplicated_14_NC_000087.8_12645402:12645552.fasta,CCNAGACAAACCTTTCTGTTTAA,0.0
target_duplicated_14_NC_000087.8_12645402:12645552.fasta,CCNTTCCCCACCAGCCCTTTCTT,0.0
target_duplicated_14_NC_000087.8_12645402:12645552.fasta,CCNTTCTTGATGCCTGGAGACAG,21.6723
target_duplicated_14_NC_000087.8_12645402:12645552.fasta,CCNCTGAAGTTTACTGAGAGTTT,0.0
target_duplicated_14_NC_000087.8_12645402:12645552.fasta,CCNCACCAGCCCTTTCTTGATGC,0.2031
target_duplicated_14_NC_000087.8_12645402:12645552.fasta,CCNATTCCCCACCAGCCCTTTCT,0.0
target_duplicated_14_NC_000087.8_12645402:12645552.fasta,CCNCCAGCCCTTTCTTGATGCCT,0.0
target_duplicated_14_NC_000087.8_12645402:12645552.fasta,CCNGCCCTTTCTTGATGCCTGGA,1.948
target_duplicated_14_NC_000087.8_12645402:12645552.fasta,CCNACCAGCCCTTTCTTGATGCC,0.0
target_duplicated_14_NC_000087.8_12645402:12645552.fasta,CCNTTTCTTGATGCCTGGAGACA,0.0
target_intergenic_37_17_45874961:45875111.fasta,GGCCACGTGACCGAGACCCCNGG,1.6957
target_intergenic_37_17_45874961:45875111.fasta,TGGACGCCAGGTGGGGGGCTNGG,1.0
target_intergenic_37_17_45874961:45875111.fasta,GCGGCTGGGCCATGGACGCCNGG,1.0
target_intergenic_37_17_45874961:45875111.fasta,CCGAGACCCCAGGGCTCCGGNGG,1.0
target_intergenic_37_17_45874961:45875111.fasta,CGCCCCACGCGGCTGGGCCANGG,1.0
target_intergenic_37_17_45874961:45875111.fasta,GGCCCACGTGACCGAGACCCNGG,1.3846
target_intergenic_37_17_45874961:45875111.fasta,TGACCGAGACCCCAGGGCTCNGG,1.9679
target_intergenic_37_17_45874961:45875111.fasta,CCTCCAGCCGCAGATCCGCGNGG,1.0
target_intergenic_37_17_45874961:45875111.fasta,AGACCCCAGGGCTCCGGAGGNGG,2.3258
target_intergenic_37_17_45874961:45875111.fasta,GCTGGGCCATGGACGCCAGGNGG,1.6
target_intergenic_37_17_45874961:45875111.fasta,GTGGGGGGCTCGGGCAGCCANGG,1.0
target_intergenic_37_17_45874961:45875111.fasta,GGCCATGGACGCCAGGTGGGNGG,1.0
target_intergenic_37_17_45874961:45875111.fasta,TGGGCCATGGACGCCAGGTGNGG,1.0
target_intergenic_37_17_45874961:45875111.fasta,CTGGGCCATGGACGCCAGGTNGG,1.1974
target_intergenic_37_17_45874961:45875111.fasta,CCAGGGCTCCGGAGGCGGGGNGG,1.5607
target_intergenic_37_17_45874961:45875111.fasta,GCCACGTGACCGAGACCCCANGG,1.856
target_intergenic_37_17_45874961:45875111.fasta,GCCCACGTGACCGAGACCCCNGG,1.6923
target_intergenic_37_17_45874961:45875111.fasta,GGACGCCAGGTGGGGGGCTCNGG,1.0
target_intergenic_37_17_45874961:45875111.fasta,GGGCCATGGACGCCAGGTGGNGG,1.0
target_intergenic_37_17_45874961:45875111.fasta,AGGGCTCCGGAGGCGGGGTGNGG,1.2286
target_intergenic_37_17_45874961:45875111.fasta,ACCCCAGGGCTCCGGAGGCGNGG,1.5209
target_intergenic_37_17_45874961:45875111.fasta,GACCCCAGGGCTCCGGAGGCNGG,1.4668
target_intergenic_37_17_45874961:45875111.fasta,CCNCCCCACGCGGCTGGGCCATG,0.039
target_intergenic_37_17_45874961:45875111.fasta,CCCACGTGACCGAGACCCCGNGG,1.5462
target_intergenic_37_17_45874961:45875111.fasta,GGCTCCGGAGGCGGGGTGGGNGG,3.5046
target_intergenic_37_17_45874961:45875111.fasta,GGGCTCCGGAGGCGGGGTGGNGG,3.3434
target_intergenic_37_17_45874961:45875111.fasta,CCNGAGGCGGGGTGGGGGGTCCT,0.0
target_intergenic_37_17_45874961:45875111.fasta,CCNGGGCCACGTGACCGAGACCC,0.0
target_intergenic_37_17_45874961:45875111.fasta,CCNAGACCCCGGGGCCACGTGAC,0.0
target_intergenic_37_17_45874961:45875111.fasta,CAGGGCTCCGGAGGCGGGGTNGG,1.4895
target_intergenic_37_17_45874961:45875111.fasta,CCNTGGCCCACGTGACCGAGACC,0.0
target_intergenic_37_17_45874961:45875111.fasta,CCNCGCGGCTGGGCCATGGACGC,0.0294
target_intergenic_37_17_45874961:45875111.fasta,CCNTGGACGCCAGGTGGGGGGCT,0.0
target_intergenic_37_17_45874961:45875111.fasta,CCNCCAGCCGCAGATCCGCGTGG,1.0
target_intergenic_37_17_45874961:45875111.fasta,CCNGCCGCAGATCCGCGTGGCAC,0.0
target_intergenic_37_17_45874961:45875111.fasta,CCNCGTGACCGAGACCCCGGGGC,0.0306
target_intergenic_37_17_45874961:45875111.fasta,CCNCGTGACCGAGACCCCAGGGC,0.0381
target_intergenic_37_17_45874961:45875111.fasta,CCNCGGGGCCACGTGACCGAGAC,0.0
target_intergenic_37_17_45874961:45875111.fasta,CCNAGACCCCAGGGCTCCGGAGG,1.8194
target_intergenic_37_17_45874961:45875111.fasta,CCNCACGCGGCTGGGCCATGGAC,0.0
target_intergenic_37_17_45874961:45875111.fasta,CCNACGCGGCTGGGCCATGGACG,0.1071
target_intergenic_37_17_45874961:45875111.fasta,CCNGGGGCCACGTGACCGAGACC,0.0
target_intergenic_37_17_45874961:45875111.fasta,CCNCAGGGCTCCGGAGGCGGGGT,0.0161
target_intergenic_37_17_45874961:45875111.fasta,CCNGGTGGGGGGCTCGGGCAGCC,0.0
target_intergenic_37_17_45874961:45875111.fasta,CCNGGGCTCCGGAGGCGGGGTGG,1.7503
target_intergenic_37_17_45874961:45875111.fasta,CCNACGTGACCGAGACCCCGGGG,1.5462
target_intergenic_37_17_45874961:45875111.fasta,CCNAGGGCTCCGGAGGCGGGGTG,0.0557
target_intergenic_48_6_37208126:37208276.fasta,CACGGCACCATTGCTACTGGNGG,1.5486
target_intergenic_48_6_37208126:37208276.fasta,GACAGTCCTGTATAAGATGANGG,1.0
target_intergenic_48_6_37208126:37208276.fasta,TAAATCCCTCTTCTCTCCCCNGG,1.0
target_intergenic_48_6_37208126:37208276.fasta,TCATGGTTTCTGTGACATCANGG,1.8326
target_intergenic_48_6_37208126:37208276.fasta,AGTGGAGCAAGCGAGAGTCANGG,1.0
target_intergenic_48_6_37208126:37208276.fasta,GTGGGGGTGTTAGAACCAAANGG,1.058
target_intergenic_48_6_37208126:37208276.fasta,CCTGTATAAGATGAAGGTGGNGG,1.6085
target_intergenic_48_6_37208126:37208276.fasta,AGTCCTGTATAAGATGAAGGNGG,1.0
target_intergenic_48_6_37208126:37208276.fasta,GTCCTGTATAAGATGAAGGTNGG,1.0
target_intergenic_48_6_37208126:37208276.fasta,TGTTAGAACCAAATGGGAAGNGG,1.6346
target_intergenic_48_6_37208126:37208276.fasta,CATCACGGCACCATTGCTACNGG,1.0
target_intergenic_48_6_37208126:37208276.fasta,CCNGTGACAGTCCTGTATAAGAT,0.0
target_intergenic_48_6_37208126:37208276.fasta,CCNTTAAATCCCTCTTCTCTCCC,0.0
target_intergenic_48_6_37208126:37208276.fasta,TCCTGTATAAGATGAAGGTGNGG,1.0
target_intergenic_48_6_37208126:37208276.fasta,CCNTTGCTACTGGCGGCTGTATT,0.0
target_intergenic_48_6_37208126:37208276.fasta,TGGGGGTGTTAGAACCAAATNGG,1.0
target_intergenic_48_6_37208126:37208276.fasta,CCNGGCTCCTGTGACAGTCCTGT,0.0409
target_intergenic_48_6_37208126:37208276.fasta,CCNCTTCTCTCCCCAGGCTCCTG,0.248
target_intergenic_48_6_37208126:37208276.fasta,CCNCAGGCTCCTGTGACAGTCCT,0.0
target_intergenic_48_6_37208126:37208276.fasta,CCNGTATAAGATGAAGGTGGGGG,1.8571
target_intergenic_48_6_37208126:37208276.fasta,CCNAATGGGAAGTGGAGCAAGCG,0.1514
target_intergenic_48_6_37208126:37208276.fasta,CCNTCTTCTCTCCCCAGGCTCCT,0.0
target_intergenic_48_6_37208126:37208276.fasta,CCNAGGCTCCTGTGACAGTCCTG,0.114
target_gene_30_7_101637666:101637816.fasta,ACCAGTTTTGGTTCCTTTAANGG,2.1582
target_gene_30_7_101637666:101637816.fasta,TGTTTGCAAAAGCAATAAATNGG,2.4211
target_gene_30_7_101637666:101637816.fasta,TTGCAAAAGCAATAAATAGGNGG,1.4688
target_gene_30_7_101637666:101637816.fasta,CCATGTTGTATGACTTTCCCNGG,2.1362
target_gene_30_7_101637666:101637816.fasta,CCNTTAAAGGAACCATACACAAA,0.0
target_gene_30_7_101637666:101637816.fasta,AAAAAACTTTTTTTTGAAAANGG,26.7108
target_gene_30_7_101637666:101637816.fasta,CCNTGACTTGTTTGCAAAAGCAA,0.0
target_gene_30_7_101637666:101637816.fasta,CCNGTACCAGTTTTGGTTCCTTT,0.0
target_gene_30_7_101637666:101637816.fasta,CATGTTGTATGACTTTCCCTNGG,4.4077
target_gene_30_7_101637666:101637816.fasta,CCNTACACAAAAAAACTTTTTTT,0.0
target_gene_30_7_101637666:101637816.fasta,CCNTGTTGTATGACTTTCCCTGG,7.1624
target_gene_30_7_101637666:101637816.fasta,CCNGTTTTGGTTCCTTTAAAGGA,0.1832
target_gene_24_11_73144306:73144456.fasta,GGTCCAGGGCAGAGCAATCCNGG,2.6471
target_gene_24_11_73144306:73144456.fasta,ACAGATGCTGTATTTGGTCCNGG,1.0
target_gene_24_11_73144306:73144456.fasta,GTTGTCCATCATCTACAGTCNGG,1.0
target_gene_24_11_73144306:73144456.fasta,CCAGGGCAGAGCAATCCCGGNGG,1.575
target_gene_24_11_73144306:73144456.fasta,CAGATGCTGTATTTGGTCCANGG,1.2732
target_gene_24_11_73144306:73144456.fasta,TAACTAACAGATGCTGTATTNGG,1.0
target_gene_24_11_73144306:73144456.fasta,TTGGTAGACTCCCTTCCTGTNGG,1.0
target_gene_24_11_73144306:73144456.fasta,CTTGGTAGACTCCCTTCCTGNGG,1.1225
target_gene_24_11_73144306:73144456.fasta,CCNGTGGGCATCCCTGTTGTCCA,0.0
target_gene_24_11_73144306:73144456.fasta,CCNTGGTAGACTCCCTTCCTGTG,0.039
target_gene_24_11_73144306:73144456.fasta,CCNTCCTGTGGGCATCCCTGTTG,0.0548
target_gene_24_11_73144306:73144456.fasta,CAGGGCAGAGCAATCCCGGANGG,1.0
target_gene_24_11_73144306:73144456.fasta,CCNTCATCTACAGTCAGGTGAGC,0.023
target_gene_24_11_73144306:73144456.fasta,CCNAGTTAGATGCTGTAACTAAC,0.0
target_gene_24_11_73144306:73144456.fasta,CCNGAGGGCAGTAGATGTAGATT,0.0
target_gene_24_11_73144306:73144456.fasta,CCNGTTGTCCATCATCTACAGTC,0.0
target_gene_24_11_73144306:73144456.fasta,CCNTGTTGTCCATCATCTACAGT,0.0191
target_gene_24_11_73144306:73144456.fasta,CCNTTGGTAGACTCCCTTCCTGT,0.0194
target_gene_24_11_73144306:73144456.fasta,CCNGGGCAGAGCAATCCCGGAGG,1.0662
target_gene_24_11_73144306:73144456.fasta,CCNTTCCTGTGGGCATCCCTGTT,0.0
target_gene_24_11_73144306:73144456.fasta,CCNGGAGGGCAGTAGATGTAGAT,0.0
target_duplicated_20_NC_000086.8_149011983:149012133.fasta,CCCATTCCCATTTTTTGGCCNGG,5128.9059
target_duplicated_20_NC_000086.8_149011983:149012133.fasta,CCNCCCCCACCACTTCCCTACCC,0.0
target_duplicated_20_NC_000086.8_149011983:149012133.fasta,TATAAAGTTTGTGTGTCCAANGG,11657.6616
target_duplicated_20_NC_000086.8_149011983:149012133.fasta,ACCCACCCATTCCCATTTTTNGG,10223.106
target_duplicated_20_NC_000086.8_149011983:149012133.fasta,GGCCTGGCGTTCCCCTGTACNGG,37148.7519
target_duplicated_20_NC_000086.8_149011983:149012133.fasta,ATAAAGTTTGTGTGTCCAATNGG,9014.8928
target_duplicated_20_NC_000086.8_149011983:149012133.fasta,CCNACGCTATCCCAAAAGTCCCC,0.0
target_duplicated_20_NC_000086.8_149011983:149012133.fasta,CCNACCCACCCATTCCCATTTTT,0.0
target_duplicated_20_NC_000086.8_149011983:149012133.fasta,CCNGGCGTTCCCCTGTACTGGAG,13523.7976
target_duplicated_20_NC_000086.8_149011983:149012133.fasta,CCNCACCCTCCCCCACCACTTCC,0.0
target_duplicated_20_NC_000086.8_149011983:149012133.fasta,CCNCTTCCCTACCCACCCATTCC,0.0
target_duplicated_20_NC_000086.8_149011983:149012133.fasta,CCNTTCCCATTTTTTGGCCTGGC,1.7505
target_duplicated_20_NC_000086.8_149011983:149012133.fasta,CCNCACACCCTCCCCCACCACTT,0.0
target_duplicated_20_NC_000086.8_149011983:149012133.fasta,CCNGTACTGGAGCATATAAAGTT,0.0
target_duplicated_20_NC_000086.8_149011983:149012133.fasta,CCNAAAGTCCCCCACACCCTCCC,0.0
target_duplicated_20_NC_000086.8_149011983:149012133.fasta,CCNCACCACTTCCCTACCCACCC,0.0
target_duplicated_20_NC_000086.8_149011983:149012133.fasta,CCNAAAAGTCCCCCACACCCTCC,0.0
target_duplicated_20_NC_000086.8_149011983:149012133.fasta,CCNATTCCCATTTTTTGGCCTGG,3823.2201
target_duplicated_20_NC_000086.8_149011983:149012133.fasta,CCNTCCCCCACCACTTCCCTACC,0.0
target_duplicated_20_NC_000086.8_149011983:149012133.fasta,CCNCCACTTCCCTACCCACCCAT,0.0
target_duplicated_20_NC_000086.8_149011983:149012133.fasta,CCNCCCATTCCCATTTTTTGGCC,0.0
target_duplicated_20_NC_000086.8_149011983:149012133.fasta,CCNTTTTTTGGCCTGGCGTTCCC,0.0
target_duplicated_20_NC_000086.8_149011983:149012133.fasta,CCNCCACACCCTCCCCCACCACT,0.0
target_duplicated_20_NC_000086.8_149011983:149012133.fasta,CCNACACCCTCCCCCACCACTTC,0.0
target_duplicated_20_NC_000086.8_149011983:149012133.fasta,CCNTACCCACCCATTCCCATTTT,0.0
target_duplicated_20_NC_000086.8_149011983:149012133.fasta,CCNACCACTTCCCTACCCACCCA,0.0
target_duplicated_20_NC_000086.8_149011983:149012133.fasta,CCNCCACCACTTCCCTACCCACC,0.0
target_duplicated_20_NC_000086.8_149011983:149012133.fasta,CCNCTGTACTGGAGCATATAAAG,15825.9967
target_duplicated_20_NC_000086.8_149011983:149012133.fasta,CCNATTTTTTGGCCTGGCGTTCC,0.0
target_duplicated_20_NC_000086.8_149011983:149012133.fasta,CCNACCCATTCCCATTTTTTGGC,169.5559
target_duplicated_20_NC_000086.8_149011983:149012133.fasta,CCNTGTACTGGAGCATATAAAGT,994.5562
target_gene_18_19_33493045:33493195.fasta,CCNTCATCAGTCACAACCTCATA,0.0
target_gene_18_19_33493045:33493195.fasta,ACAACCTCATATTCTTCACTNGG,7.023
target_gene_18_19_33493045:33493195.fasta,CCNCATATTCTTCACTTGGATAT,0.0
target_gene_18_19_33493045:33493195.fasta,CCNTTTTTATACTTACTCATTTC,0.0
target_gene_18_19_33493045:33493195.fasta,CCNGTGTTTAATAATCTGACTCT,0.0
target_gene_18_19_33493045:33493195.fasta,CCNAGTGTTTAATAATCTGACTC,0.0
target_gene_18_19_33493045:33493195.fasta,CCNTACAATAATGATTTTCATGA,0.3469
target_duplicated_36_NC_000080.7_114498082:114498232.fasta,GAAATCAGTCTACTTGTAAANGG,1.0
target_duplicated_36_NC_000080.7_114498082:114498232.fasta,TGAAATCAGTCTACTTGTAANGG,1.3956
target_duplicated_36_NC_000080.7_114498082:114498232.fasta,CCNGTACTGTCTCCCTTCATCCC,0.0
target_duplicated_36_NC_000080.7_114498082:114498232.fasta,CCNCAAATGTATTTCTCTCCCTG,0.0901
target_duplicated_36_NC_000080.7_114498082:114498232.fasta,CCNCTCTCCTCATCCCAATTTCT,0.0
target_duplicated_36_NC_000080.7_114498082:114498232.fasta,CCNGTTCTTATTCTCAGTGAAAT,0.0
target_duplicated_36_NC_000080.7_114498082:114498232.fasta,CCNCATCCCAATTTCTCCTGTTC,0.0
target_duplicated_36_NC_000080.7_114498082:114498232.fasta,CCNTCATCCCTCTCTCCTCATCC,0.0
target_duplicated_36_NC_000080.7_114498082:114498232.fasta,CCNTGTACTGTCTCCCTTCATCC,0.0
target_duplicated_36_NC_000080.7_114498082:114498232.fasta,CCNTCTCTCCTCATCCCAATTTC,0.0
target_duplicated_36_NC_000080.7_114498082:114498232.fasta,CCNTTCATCCCTCTCTCCTCATC,0.0
target_duplicated_36_NC_000080.7_114498082:114498232.fasta,CCNATTTCTCCTGTTCTTATTCT,0.0
target_duplicated_36_NC_000080.7_114498082:114498232.fasta,CCNAATTTCTCCTGTTCTTATTC,0.0
target_gene_5_17_35825531:35825681.fasta,CCACCACGGGAGAAGGTGAGNGG,1.0917
target_gene_5_17_35825531:35825681.fasta,CCTGCCACCACCACGGGAGANGG,2.0449
target_gene_5_17_35825531:35825681.fasta,CATGCTGAGAGGGAATAGCCNGG,1.6044
target_gene_5_17_35825531:35825681.fasta,GCTGGGCCTGGAGTTTGCTGNGG,2.1622
target_gene_5_17_35825531:35825681.fasta,GAGGGAATAGCCAGGCCCTGNGG,1.0
target_gene_5_17_35825531:35825681.fasta,CCTGTGGCCTGCCACCACCANGG,1.1296
target_gene_5_17_35825531:35825681.fasta,CACGGGAGAAGGTGAGAGGCNGG,1.6643
target_gene_5_17_35825531:35825681.fasta,CAGTGTGGCCTTGGGGGCAGNGG,2.2795
target_gene_5_17_35825531:35825681.fasta,GATGGAATTGAGAATCAGTGNGG,1.0
target_gene_5_17_35825531:35825681.fasta,GAGTTTGCTGAGGCTGCCGANGG,1.0742
target_gene_5_17_35825531:35825681.fasta,ACGGGAGAAGGTGAGAGGCTNGG,1.1548
target_gene_5_17_35825531:35825681.fasta,ATTGAGAATCAGTGTGGCCTNGG,1.6494
target_gene_5_17_35825531:35825681.fasta,CTGTGGCCTGCCACCACCACNGG,2.8781
target_gene_5_17_35825531:35825681.fasta,AGAAGGTGAGAGGCTGGGCCNGG,5.1291
target_gene_5_17_35825531:35825681.fasta,CCNGTGGCCTGCCACCACCACGG,1.1296
target_gene_5_17_35825531:35825681.fasta,GAGAATCAGTGTGGCCTTGGNGG,1.6101
target_gene_5_17_35825531:35825681.fasta,TTGAGAATCAGTGTGGCCTTNGG,1.0
target_gene_5_17_35825531:35825681.fasta,CCNATGGAATTGAGAATCAGTGT,0.0193
target_gene_5_17_35825531:35825681.fasta,GCAGAGGAGAGAGTGCTGAGNGG,2.0
target_gene_5_17_35825531:35825681.fasta,CCNGCCACCACCACGGGAGAAGG,1.7449
target_gene_5_17_35825531:35825681.fasta,CCNTGGGGGCAGAGGAGAGAGTG,0.2247
target_gene_5_17_35825531:35825681.fasta,CCNCCACGGGAGAAGGTGAGAGG,1.0
target_gene_5_17_35825531:35825681.fasta,TGAGAATCAGTGTGGCCTTGNGG,2.1477
target_gene_5_17_35825531:35825681.fasta,CCNCCACCACGGGAGAAGGTGAG,0.2593
target_gene_5_17_35825531:35825681.fasta,CCNTGCTGAGAGGGAATAGCCAG,0.4375
target_gene_5_17_35825531:35825681.fasta,CCNTGTGGCCTGCCACCACCACG,0.2043
target_gene_5_17_35825531:35825681.fasta,CCNGGAGTTTGCTGAGGCTGCCG,0.1071
target_gene_5_17_35825531:35825681.fasta,CCNCGGGAGAAGGTGAGAGGCTG,0.039
target_gene_5_17_35825531:35825681.fasta,CCNGGCCCTGTGGCCTGCCACCA,0.0
target_gene_5_17_35825531:35825681.fasta,CCNATGCTGAGAGGGAATAGCCA,0.0
target_intergenic_46_11_57970073:57970223.fasta,AGCACTGACTGCTCTTCTGANGG,10736.0171
target_intergenic_46_11_57970073:57970223.fasta,AAATCCAAGCAACCACATGGNGG,38201.5225
target_intergenic_46_11_57970073:57970223.fasta,TTCAAATCCAAGCAACCACANGG,49104.9587
target_intergenic_46_11_57970073:57970223.fasta,TGAGATCTGATGCCCTCTTCNGG,27564.2852
target_intergenic_46_11_57970073:57970223.fasta,CCNCTTCTGGAGTGTCTGAAGAC,0.0
target_intergenic_46_11_57970073:57970223.fasta,GGGCTGGAGAGATGGCTCAGNGG,72675.2582
target_intergenic_46_11_57970073:57970223.fasta,CCNGTGTTCAAATCCAAGCAACC,0.0
target_intergenic_46_11_57970073:57970223.fasta,CCNTAATGAGATCTGATGCCCTC,0.0
target_intergenic_46_11_57970073:57970223.fasta,GGCTGGAGAGATGGCTCAGCNGG,29583.5233
target_intergenic_46_11_57970073:57970223.fasta,CCNTCCATAATGAGATCTGATGC,255.534
target_intergenic_46_11_57970073:57970223.fasta,CCNAGCAACCACATGGTGGCTCA,0.0
target_intergenic_46_11_57970073:57970223.fasta,CCNTCTTCTGGAGTGTCTGAAGA,2982.802
target_intergenic_46_11_57970073:57970223.fasta,CCNCATGGTGGCTCACAACCATC,0.0
